Curricular units 2nd sem (approved),Curricular units 2nd sem (grade),Tuition fees up to date,Curricular units 1st sem (evaluations),Curricular units 2nd sem (evaluations),Course,Age at enrollment,Curricular units 2nd sem (enrolled),Application mode,Scholarship holder,Previous qualification (grade),Debtor,Mother's occupation,Gender,Admission grade,Target
3.0,11.0,1.0,9.0,6.0,9147.0,20.0,5.0,1.0,0.0,133.0,0.0,5.0,1.0,121.8,1
5.0,12.4,1.0,10.0,8.0,9853.0,22.0,6.0,17.0,0.0,134.0,0.0,4.0,0.0,122.5,1
6.0,12.5,1.0,7.0,7.0,9773.0,19.0,6.0,17.0,0.0,136.0,0.0,2.0,0.0,132.5,2
1.0,13.0,1.0,13.0,12.0,9130.0,21.0,6.0,44.0,1.0,130.0,1.0,9.0,0.0,130.0,0
1.0,11.0,0.0,8.0,5.0,9991.0,49.0,5.0,39.0,0.0,133.1,0.0,4.0,1.0,150.0,0
6.0,12.5,1.0,10.0,9.0,9991.0,41.0,7.0,44.0,0.0,140.0,0.0,9.0,0.0,140.0,1
4.0,11.5,1.0,9.0,9.0,9085.0,22.0,6.0,44.0,0.0,140.0,0.0,2.0,0.0,140.0,2
8.0,11.50625,1.0,8.0,12.0,9500.0,19.0,9.0,17.0,0.0,130.0,0.0,2.0,1.0,131.1,2
5.0,16.0,1.0,9.0,10.0,9238.0,24.0,6.0,39.0,0.0,170.0,0.0,9.0,0.0,140.0,1
0.0,0.0,0.0,8.0,5.0,9119.0,25.0,5.0,39.0,0.0,160.0,0.0,4.0,1.0,112.0,0
4.0,12.75,1.0,13.0,16.0,9085.0,18.0,6.0,1.0,0.0,125.0,0.0,3.0,0.0,126.8,1
5.0,12.833333333333334,1.0,10.0,12.0,9853.0,20.0,6.0,17.0,1.0,128.0,0.0,9.0,0.0,128.4,1
0.0,0.0,1.0,5.0,5.0,9085.0,25.0,5.0,39.0,0.0,130.0,0.0,0.0,1.0,128.2,0
6.0,11.5,1.0,6.0,6.0,8014.0,19.0,6.0,1.0,0.0,126.0,0.0,5.0,0.0,118.7,2
2.0,10.0,1.0,7.0,7.0,9119.0,19.0,5.0,1.0,0.0,160.0,0.0,9.0,1.0,153.7,1
0.0,0.0,0.0,5.0,10.0,9254.0,37.0,5.0,7.0,0.0,100.0,0.0,9.0,0.0,100.0,0
5.0,11.77777777777778,1.0,11.0,12.0,9003.0,20.0,6.0,44.0,0.0,140.0,0.0,4.0,1.0,140.0,1
6.0,12.5,1.0,10.0,9.0,9991.0,41.0,7.0,44.0,0.0,140.0,0.0,9.0,0.0,140.0,1
0.0,0.0,1.0,0.0,0.0,9500.0,36.0,8.0,39.0,0.0,137.0,0.0,9.0,1.0,141.0,0
5.0,12.666666666666666,1.0,7.0,9.0,9085.0,20.0,5.0,17.0,0.0,138.0,0.0,90.0,0.0,134.9,2
7.0,13.428571428571429,1.0,8.0,8.0,9991.0,31.0,7.0,44.0,0.0,150.0,0.0,6.0,0.0,150.0,1
6.0,13.0,1.0,11.0,7.0,9238.0,18.0,6.0,1.0,0.0,132.0,0.0,9.0,0.0,135.9,2
0.0,0.0,1.0,0.0,0.0,171.0,19.0,0.0,1.0,0.0,147.0,0.0,9.0,0.0,151.6,2
5.0,11.4,1.0,15.0,7.0,9085.0,21.0,5.0,44.0,0.0,160.0,0.0,4.0,1.0,160.0,2
5.0,14.666666666666666,0.0,6.0,7.0,9991.0,39.0,5.0,39.0,0.0,133.1,1.0,7.0,1.0,155.5,0
10.0,13.090909090909092,1.0,12.0,16.0,171.0,20.0,11.0,1.0,0.0,133.1,1.0,5.0,0.0,131.8,2
0.0,0.0,0.0,6.0,10.0,9853.0,32.0,5.0,39.0,0.0,110.0,1.0,9.0,0.0,98.6,0
7.0,14.314285714285717,1.0,8.0,8.0,9500.0,18.0,8.0,1.0,1.0,160.0,0.0,7.0,1.0,133.0,2
8.0,13.044444444444444,1.0,8.0,9.0,9500.0,20.0,8.0,1.0,1.0,115.0,0.0,9.0,0.0,108.4,2
6.0,13.2,1.0,8.0,10.0,9003.0,20.0,6.0,44.0,0.0,150.0,0.0,9.0,1.0,150.0,2
2.0,12.5,1.0,7.0,8.0,9119.0,20.0,5.0,17.0,0.0,131.0,0.0,9.0,1.0,123.7,1
4.0,11.5,1.0,8.0,10.0,9853.0,19.0,6.0,1.0,0.0,129.0,0.0,6.0,0.0,138.1,0
5.0,15.166666666666666,1.0,8.0,8.0,9130.0,18.0,6.0,17.0,0.0,157.0,0.0,3.0,0.0,150.9,0
0.0,0.0,1.0,9.0,11.0,9130.0,44.0,6.0,39.0,0.0,133.1,1.0,9.0,1.0,156.4,0
5.0,11.6,1.0,5.0,6.0,9670.0,20.0,5.0,1.0,0.0,124.0,1.0,9.0,1.0,117.7,0
3.0,11.725,1.0,11.0,14.0,9500.0,48.0,7.0,39.0,0.0,133.1,0.0,-1.0,0.0,115.2,1
11.0,12.545454545454543,1.0,17.0,14.0,9147.0,31.0,14.0,-1.0,0.0,133.1,0.0,0.0,0.0,121.5,0
4.0,12.0,0.0,5.0,5.0,9147.0,19.0,5.0,17.0,1.0,147.0,1.0,9.0,0.0,142.8,1
2.0,14.5,0.0,7.0,9.0,9670.0,25.0,6.0,39.0,0.0,133.1,1.0,9.0,1.0,122.9,0
5.0,11.832,0.0,11.0,11.0,9500.0,40.0,8.0,39.0,0.0,133.1,0.0,5.0,0.0,100.0,0
0.0,0.0,0.0,5.0,0.0,9991.0,31.0,5.0,39.0,0.0,120.0,0.0,5.0,1.0,128.2,0
4.0,10.5,1.0,10.0,10.0,9670.0,20.0,6.0,17.0,0.0,113.0,1.0,5.0,0.0,106.7,0
9.0,12.555555555555555,1.0,21.0,15.0,8014.0,18.0,11.0,7.0,0.0,120.0,0.0,2.0,0.0,120.0,0
6.0,11.333333333333334,1.0,6.0,8.0,9238.0,21.0,6.0,44.0,1.0,120.0,0.0,6.0,0.0,121.0,2
5.0,11.6,1.0,10.0,10.0,9254.0,18.0,6.0,1.0,0.0,118.0,0.0,7.0,0.0,114.2,1
0.0,0.0,0.0,6.0,8.0,9003.0,27.0,6.0,39.0,0.0,130.0,0.0,9.0,1.0,126.1,0
5.0,14.142857142857142,1.0,10.0,13.0,9670.0,18.0,6.0,1.0,1.0,136.0,0.0,9.0,0.0,123.4,2
5.0,13.6,1.0,8.0,9.0,9147.0,19.0,5.0,1.0,1.0,122.0,0.0,9.0,1.0,120.3,0
5.0,11.6,1.0,9.0,8.0,9773.0,20.0,6.0,17.0,0.0,144.0,0.0,4.0,0.0,130.7,1
6.0,12.5,1.0,10.0,8.0,9500.0,20.0,7.0,1.0,1.0,113.0,0.0,9.0,0.0,106.7,1
5.0,11.8,1.0,9.0,7.0,9991.0,35.0,5.0,39.0,1.0,140.0,0.0,9.0,0.0,110.0,1
0.0,0.0,1.0,5.0,5.0,9119.0,18.0,5.0,18.0,1.0,148.0,0.0,3.0,1.0,147.7,0
5.0,12.2,1.0,6.0,8.0,9147.0,41.0,5.0,39.0,0.0,133.1,1.0,9.0,0.0,139.4,1
8.0,14.0,1.0,9.0,8.0,9500.0,19.0,8.0,1.0,1.0,133.0,0.0,9.0,0.0,120.1,2
3.0,11.0,0.0,13.0,7.0,9119.0,34.0,7.0,42.0,0.0,120.0,0.0,5.0,1.0,108.6,0
6.0,12.857142857142858,1.0,8.0,10.0,9254.0,19.0,6.0,17.0,1.0,125.0,0.0,4.0,1.0,116.6,2
2.0,11.5,1.0,5.0,4.0,9147.0,20.0,4.0,1.0,0.0,124.0,0.0,3.0,0.0,128.6,1
5.0,13.666666666666666,0.0,11.0,11.0,9085.0,19.0,6.0,17.0,0.0,120.0,0.0,4.0,1.0,122.5,1
6.0,11.5,1.0,8.0,9.0,8014.0,19.0,6.0,18.0,1.0,117.0,0.0,3.0,0.0,111.8,2
0.0,0.0,1.0,0.0,0.0,9773.0,18.0,6.0,17.0,0.0,126.0,0.0,5.0,0.0,119.0,0
3.0,12.666666666666666,1.0,14.0,9.0,9130.0,20.0,5.0,1.0,0.0,132.0,0.0,3.0,1.0,143.9,1
7.0,12.15,1.0,15.0,14.0,9556.0,24.0,8.0,39.0,0.0,130.0,0.0,9.0,0.0,113.3,1
0.0,0.0,1.0,6.0,0.0,9773.0,19.0,6.0,17.0,0.0,128.0,0.0,5.0,1.0,125.6,0
2.0,13.5,1.0,9.0,7.0,9119.0,30.0,6.0,42.0,0.0,120.0,0.0,2.0,1.0,115.0,0
6.0,12.491666666666667,1.0,11.0,11.0,9500.0,20.0,8.0,42.0,0.0,122.0,0.0,2.0,0.0,122.0,2
6.0,11.857142857142858,1.0,8.0,10.0,8014.0,21.0,6.0,1.0,0.0,128.0,0.0,0.0,0.0,122.1,2
5.0,14.2,0.0,5.0,5.0,9119.0,18.0,5.0,1.0,1.0,150.0,0.0,3.0,1.0,143.4,1
3.0,10.666666666666666,1.0,8.0,8.0,9085.0,22.0,5.0,17.0,0.0,133.1,0.0,5.0,1.0,130.0,2
12.0,14.23076923076923,1.0,19.0,14.0,9003.0,43.0,13.0,39.0,0.0,133.1,0.0,9.0,0.0,160.0,2
7.0,12.757142857142856,1.0,8.0,10.0,9500.0,18.0,8.0,17.0,0.0,130.0,0.0,9.0,0.0,128.8,1
0.0,0.0,1.0,0.0,0.0,9130.0,19.0,6.0,44.0,0.0,140.0,0.0,4.0,0.0,140.0,0
1.0,16.0,1.0,12.0,12.0,9773.0,20.0,6.0,1.0,0.0,129.0,0.0,9.0,0.0,117.1,1
0.0,0.0,1.0,0.0,0.0,9254.0,21.0,6.0,17.0,0.0,115.0,1.0,9.0,0.0,113.3,0
6.0,12.5,1.0,7.0,6.0,9254.0,20.0,6.0,1.0,1.0,137.0,0.0,2.0,1.0,122.3,2
6.0,15.666666666666666,1.0,7.0,6.0,9085.0,18.0,6.0,1.0,0.0,157.0,0.0,5.0,0.0,153.9,2
5.0,13.0,1.0,7.0,9.0,9085.0,22.0,6.0,44.0,0.0,150.0,0.0,2.0,0.0,150.0,2
6.0,12.833333333333334,1.0,7.0,10.0,9254.0,50.0,6.0,39.0,0.0,133.1,0.0,2.0,0.0,103.0,2
3.0,11.333333333333334,0.0,12.0,8.0,9991.0,26.0,8.0,43.0,0.0,136.0,0.0,2.0,1.0,133.9,0
0.0,0.0,1.0,6.0,8.0,9003.0,20.0,6.0,44.0,0.0,150.0,0.0,2.0,1.0,150.0,0
6.0,12.8,1.0,10.0,8.0,9500.0,18.0,7.0,17.0,1.0,126.0,0.0,7.0,0.0,126.2,1
2.0,11.5,1.0,12.0,19.0,9085.0,22.0,6.0,44.0,0.0,130.0,0.0,6.0,0.0,130.0,1
7.0,12.471428571428572,1.0,12.0,12.0,9500.0,20.0,8.0,1.0,0.0,141.0,0.0,9.0,0.0,126.3,2
5.0,12.714285714285714,1.0,9.0,8.0,9085.0,18.0,5.0,1.0,0.0,122.0,0.0,2.0,0.0,113.3,1
5.0,11.0,1.0,8.0,8.0,9853.0,19.0,6.0,17.0,0.0,112.0,0.0,3.0,0.0,106.1,1
4.0,12.25,1.0,5.0,6.0,9147.0,19.0,5.0,1.0,0.0,117.0,0.0,-1.0,1.0,117.0,1
4.0,12.75,1.0,6.0,7.0,9254.0,19.0,6.0,1.0,0.0,128.0,0.0,9.0,0.0,127.0,1
12.0,14.583333333333334,1.0,12.0,12.0,9070.0,20.0,12.0,1.0,0.0,148.0,0.0,2.0,0.0,148.0,2
4.0,11.5,1.0,6.0,10.0,8014.0,24.0,6.0,39.0,1.0,133.1,0.0,4.0,1.0,116.5,1
12.0,12.461538461538462,1.0,21.0,19.0,9085.0,26.0,13.0,42.0,0.0,150.0,0.0,4.0,0.0,150.0,2
0.0,0.0,1.0,0.0,0.0,171.0,20.0,0.0,17.0,1.0,147.0,0.0,5.0,0.0,137.6,2
7.0,12.15,1.0,15.0,14.0,9556.0,24.0,8.0,39.0,0.0,130.0,0.0,9.0,0.0,113.3,1
4.0,11.5,1.0,9.0,12.0,8014.0,49.0,6.0,39.0,0.0,120.0,0.0,9.0,0.0,106.8,1
5.0,13.666666666666666,1.0,9.0,12.0,9085.0,19.0,6.0,1.0,1.0,111.0,0.0,5.0,1.0,107.5,2
0.0,0.0,1.0,0.0,0.0,9991.0,29.0,5.0,39.0,0.0,133.1,0.0,9.0,0.0,109.7,0
4.0,11.5,1.0,9.0,12.0,8014.0,32.0,6.0,39.0,0.0,170.0,0.0,90.0,0.0,101.0,2
5.0,12.6,1.0,11.0,7.0,9085.0,20.0,5.0,1.0,0.0,120.0,0.0,9.0,0.0,118.3,2
4.0,11.25,1.0,10.0,8.0,9670.0,29.0,5.0,39.0,0.0,120.0,0.0,90.0,1.0,114.0,0
6.0,14.616666666666667,1.0,7.0,7.0,9500.0,19.0,7.0,1.0,0.0,137.0,0.0,9.0,0.0,125.0,2
6.0,11.68,1.0,12.0,12.0,9500.0,21.0,8.0,43.0,0.0,120.0,0.0,2.0,0.0,112.7,2
0.0,0.0,0.0,6.0,9.0,9670.0,20.0,6.0,17.0,0.0,110.0,1.0,5.0,0.0,106.5,0
4.0,14.0,1.0,7.0,6.0,9670.0,19.0,6.0,-1.0,0.0,135.0,0.0,4.0,0.0,140.3,1
6.0,12.166666666666666,1.0,12.0,10.0,8014.0,37.0,7.0,39.0,0.0,133.1,1.0,6.0,0.0,100.0,1
2.0,11.5,1.0,11.0,9.0,9991.0,33.0,5.0,39.0,0.0,133.0,1.0,9.0,1.0,139.2,0
4.0,11.0,1.0,10.0,9.0,9147.0,20.0,5.0,17.0,0.0,112.0,0.0,9.0,0.0,112.0,1
5.0,13.4,1.0,8.0,7.0,9853.0,18.0,6.0,1.0,1.0,146.0,0.0,9.0,0.0,145.3,1
3.0,12.0,1.0,7.0,8.0,9119.0,19.0,5.0,1.0,0.0,126.0,0.0,5.0,1.0,130.2,1
8.0,12.75,1.0,11.0,9.0,9070.0,19.0,9.0,44.0,0.0,130.0,0.0,4.0,0.0,130.0,2
6.0,15.166666666666666,1.0,6.0,6.0,9238.0,18.0,6.0,1.0,1.0,150.0,0.0,5.0,0.0,142.7,2
0.0,0.0,1.0,13.0,10.0,9003.0,35.0,6.0,39.0,0.0,133.1,0.0,2.0,1.0,100.0,0
0.0,0.0,0.0,6.0,10.0,9853.0,32.0,5.0,39.0,0.0,110.0,1.0,9.0,0.0,98.6,0
0.0,0.0,0.0,7.0,5.0,9130.0,18.0,5.0,7.0,0.0,140.0,0.0,2.0,1.0,140.0,0
6.0,13.666666666666666,1.0,7.0,6.0,9238.0,18.0,6.0,17.0,0.0,131.0,0.0,5.0,0.0,122.6,2
3.0,12.6,0.0,15.0,12.0,9991.0,29.0,5.0,43.0,0.0,140.0,1.0,9.0,0.0,135.5,0
4.0,11.75,1.0,10.0,10.0,9147.0,18.0,5.0,1.0,1.0,120.0,0.0,7.0,1.0,111.3,1
7.0,15.0,1.0,8.0,8.0,9500.0,19.0,8.0,1.0,0.0,131.0,0.0,9.0,0.0,122.0,2
6.0,13.166666666666666,1.0,6.0,6.0,9254.0,19.0,6.0,1.0,1.0,135.0,0.0,9.0,1.0,139.2,2
0.0,0.0,1.0,10.0,10.0,9991.0,20.0,5.0,1.0,0.0,131.0,0.0,9.0,0.0,118.4,1
7.0,11.85625,1.0,14.0,15.0,9500.0,20.0,8.0,1.0,0.0,133.1,0.0,5.0,1.0,101.0,2
1.0,13.0,0.0,10.0,12.0,9147.0,20.0,5.0,1.0,0.0,121.0,0.0,9.0,0.0,113.7,0
6.0,12.5,1.0,6.0,6.0,9773.0,18.0,6.0,1.0,0.0,134.0,0.0,4.0,1.0,122.8,2
9.0,10.333333333333334,1.0,16.0,19.0,9991.0,29.0,12.0,43.0,0.0,120.0,0.0,9.0,0.0,122.5,1
6.0,11.0,1.0,19.0,17.0,9003.0,28.0,10.0,39.0,0.0,130.0,0.0,9.0,1.0,120.0,1
0.0,0.0,1.0,17.0,6.0,9085.0,28.0,6.0,39.0,0.0,140.0,1.0,-1.0,0.0,129.3,1
5.0,12.14,1.0,11.0,13.0,9500.0,26.0,8.0,39.0,0.0,150.0,0.0,5.0,0.0,140.0,1
5.0,10.4,1.0,8.0,12.0,9853.0,18.0,6.0,1.0,0.0,141.0,0.0,9.0,0.0,133.0,0
3.0,15.333333333333334,1.0,10.0,8.0,9085.0,19.0,5.0,44.0,0.0,150.0,0.0,4.0,0.0,150.0,1
12.0,11.928571428571429,1.0,19.0,17.0,9147.0,29.0,14.0,-1.0,0.0,150.0,0.0,9.0,0.0,122.0,2
2.0,10.5,1.0,12.0,19.0,9670.0,24.0,6.0,39.0,0.0,133.1,0.0,4.0,0.0,112.9,0
0.0,0.0,1.0,15.0,13.0,9556.0,37.0,7.0,39.0,0.0,133.1,0.0,3.0,1.0,110.5,0
9.0,11.444444444444445,1.0,20.0,15.0,9003.0,21.0,12.0,-1.0,0.0,130.0,1.0,9.0,1.0,130.0,1
8.0,13.825,1.0,9.0,8.0,9556.0,19.0,8.0,1.0,0.0,122.0,0.0,5.0,0.0,123.9,2
5.0,11.0,1.0,12.0,14.0,9085.0,19.0,6.0,1.0,0.0,120.0,0.0,4.0,0.0,111.6,2
0.0,0.0,0.0,0.0,0.0,9500.0,18.0,8.0,1.0,0.0,144.0,1.0,7.0,0.0,126.8,0
0.0,0.0,1.0,6.0,8.0,9003.0,20.0,6.0,44.0,0.0,150.0,0.0,2.0,1.0,150.0,0
6.0,14.166666666666666,1.0,8.0,6.0,9238.0,23.0,6.0,1.0,0.0,133.1,1.0,4.0,0.0,110.0,2
5.0,11.6,1.0,8.0,10.0,9670.0,20.0,6.0,1.0,0.0,132.0,0.0,-1.0,1.0,143.6,1
0.0,0.0,1.0,11.0,0.0,9238.0,19.0,6.0,17.0,0.0,143.0,0.0,4.0,0.0,128.0,0
8.0,12.68888888888889,1.0,10.0,9.0,9500.0,19.0,8.0,1.0,0.0,143.0,0.0,2.0,1.0,137.8,2
0.0,0.0,1.0,12.0,11.0,8014.0,50.0,6.0,39.0,0.0,133.1,0.0,0.0,0.0,135.0,0
4.0,11.2,1.0,9.0,8.0,9070.0,18.0,6.0,17.0,1.0,125.0,0.0,3.0,0.0,128.9,1
0.0,0.0,1.0,0.0,0.0,9070.0,20.0,6.0,1.0,0.0,133.1,0.0,7.0,0.0,117.0,0
5.0,15.0,1.0,5.0,5.0,9147.0,18.0,5.0,1.0,0.0,151.0,0.0,4.0,1.0,137.0,2
8.0,15.63375,1.0,8.0,8.0,9500.0,18.0,8.0,1.0,1.0,156.0,0.0,9.0,1.0,156.3,2
4.0,11.0,1.0,13.0,10.0,9130.0,18.0,6.0,1.0,0.0,144.0,1.0,2.0,0.0,134.9,0
5.0,10.8,1.0,7.0,10.0,9070.0,18.0,6.0,17.0,0.0,131.0,0.0,7.0,1.0,125.1,1
8.0,15.366666666666667,1.0,7.0,9.0,9500.0,19.0,8.0,17.0,0.0,133.0,0.0,4.0,0.0,130.7,2
6.0,12.857142857142858,1.0,8.0,9.0,9130.0,18.0,6.0,1.0,0.0,132.0,0.0,4.0,0.0,121.9,2
6.0,12.5,1.0,8.0,8.0,9070.0,19.0,6.0,1.0,1.0,124.0,1.0,9.0,0.0,138.4,0
6.0,12.166666666666666,1.0,6.0,6.0,9070.0,18.0,6.0,17.0,1.0,135.0,0.0,5.0,0.0,145.9,2
5.0,11.8,1.0,9.0,10.0,9853.0,42.0,6.0,1.0,0.0,110.0,0.0,9.0,1.0,114.3,1
4.0,12.5,1.0,9.0,8.0,9991.0,40.0,5.0,39.0,0.0,160.0,0.0,-1.0,1.0,114.3,1
5.0,14.571428571428571,1.0,7.0,7.0,9119.0,20.0,5.0,17.0,0.0,125.0,0.0,5.0,1.0,121.5,0
0.0,0.0,0.0,12.0,8.0,9119.0,18.0,5.0,17.0,0.0,127.0,1.0,5.0,1.0,120.4,1
8.0,15.355,1.0,8.0,8.0,9500.0,18.0,8.0,1.0,0.0,134.0,0.0,9.0,0.0,125.8,2
5.0,13.76,1.0,10.0,7.0,9500.0,19.0,7.0,1.0,0.0,138.0,0.0,9.0,0.0,127.5,1
5.0,14.0,1.0,8.0,8.0,9003.0,20.0,6.0,17.0,0.0,119.0,1.0,4.0,0.0,113.2,1
0.0,0.0,1.0,6.0,5.0,9147.0,23.0,5.0,43.0,0.0,127.0,0.0,9.0,1.0,124.2,1
4.0,10.75,1.0,8.0,7.0,9853.0,19.0,6.0,17.0,0.0,141.0,0.0,1.0,0.0,130.2,1
12.0,14.583333333333334,1.0,14.0,16.0,9254.0,39.0,12.0,7.0,0.0,130.0,0.0,3.0,0.0,130.0,2
2.0,13.5,1.0,10.0,9.0,9085.0,21.0,5.0,17.0,0.0,121.0,0.0,1.0,0.0,131.5,0
6.0,15.142857142857142,1.0,6.0,7.0,9238.0,26.0,6.0,51.0,0.0,160.0,1.0,2.0,0.0,116.1,2
5.0,13.8,1.0,7.0,7.0,9085.0,19.0,5.0,1.0,0.0,135.0,0.0,9.0,0.0,134.3,1
0.0,0.0,1.0,7.0,5.0,9147.0,19.0,5.0,17.0,0.0,123.0,0.0,3.0,1.0,122.0,0
6.0,12.0,1.0,11.0,7.0,9070.0,19.0,6.0,-1.0,0.0,137.0,1.0,3.0,1.0,141.2,2
4.0,13.75,1.0,8.0,12.0,9130.0,19.0,6.0,17.0,0.0,117.0,0.0,4.0,0.0,113.5,0
7.0,12.657142857142857,1.0,8.0,8.0,9500.0,19.0,8.0,1.0,1.0,150.0,0.0,9.0,0.0,131.5,2
5.0,13.0,1.0,10.0,8.0,9085.0,18.0,5.0,1.0,0.0,130.0,0.0,5.0,0.0,122.3,2
2.0,12.0,1.0,16.0,11.0,9147.0,18.0,5.0,17.0,0.0,125.0,0.0,2.0,0.0,118.7,1
5.0,13.0,1.0,8.0,7.0,8014.0,45.0,6.0,39.0,0.0,133.1,0.0,5.0,0.0,134.5,1
3.0,11.25,1.0,7.0,7.0,9254.0,18.0,6.0,17.0,0.0,130.0,0.0,5.0,1.0,130.0,0
5.0,13.0,1.0,12.0,8.0,9119.0,35.0,8.0,42.0,0.0,120.0,0.0,0.0,1.0,128.2,0
3.0,13.333333333333334,0.0,12.0,16.0,9003.0,40.0,6.0,39.0,0.0,133.1,1.0,4.0,0.0,110.0,0
4.0,13.25,1.0,17.0,8.0,9670.0,19.0,6.0,43.0,0.0,132.0,0.0,4.0,1.0,120.5,1
0.0,0.0,0.0,0.0,0.0,9254.0,24.0,6.0,39.0,0.0,100.0,0.0,3.0,1.0,115.0,0
7.0,12.192307692307692,1.0,21.0,19.0,9500.0,19.0,14.0,1.0,0.0,136.0,0.0,5.0,0.0,120.8,2
7.0,12.875,1.0,10.0,10.0,9556.0,22.0,8.0,-1.0,1.0,140.0,0.0,4.0,0.0,140.0,2
5.0,13.125,1.0,7.0,10.0,9670.0,19.0,6.0,17.0,1.0,129.0,0.0,5.0,0.0,129.4,0
6.0,14.0,1.0,7.0,7.0,9085.0,18.0,6.0,17.0,0.0,166.0,0.0,4.0,0.0,158.7,2
5.0,12.2,1.0,9.0,11.0,9003.0,43.0,6.0,39.0,0.0,120.0,0.0,9.0,1.0,150.1,2
0.0,0.0,1.0,10.0,13.0,9147.0,19.0,5.0,17.0,0.0,162.0,0.0,4.0,0.0,138.6,1
8.0,14.1875,1.0,8.0,8.0,9500.0,18.0,8.0,17.0,1.0,143.0,0.0,9.0,1.0,131.5,2
5.0,11.8,1.0,8.0,8.0,9853.0,19.0,6.0,-1.0,0.0,134.0,0.0,9.0,0.0,121.1,1
5.0,14.0,1.0,6.0,6.0,9070.0,18.0,6.0,1.0,0.0,153.0,0.0,1.0,0.0,146.7,2
5.0,14.2,0.0,6.0,6.0,9119.0,18.0,5.0,1.0,1.0,148.0,0.0,9.0,1.0,129.8,1
3.0,10.333333333333334,1.0,10.0,10.0,9085.0,19.0,5.0,17.0,0.0,131.0,0.0,4.0,0.0,129.3,2
0.0,0.0,0.0,17.0,13.0,9003.0,25.0,6.0,39.0,0.0,133.1,1.0,4.0,1.0,120.0,0
0.0,0.0,0.0,5.0,0.0,9147.0,34.0,5.0,18.0,0.0,130.0,0.0,9.0,0.0,119.9,0
5.0,10.8,1.0,7.0,10.0,9070.0,18.0,6.0,17.0,0.0,131.0,0.0,7.0,1.0,125.1,1
10.0,12.6,1.0,13.0,11.0,8014.0,21.0,11.0,51.0,1.0,140.0,1.0,-1.0,0.0,138.0,2
7.0,13.817142857142857,1.0,8.0,8.0,9500.0,20.0,8.0,1.0,1.0,132.0,0.0,9.0,0.0,122.0,2
6.0,11.5,1.0,7.0,6.0,9238.0,19.0,6.0,44.0,1.0,130.0,0.0,6.0,0.0,126.3,2
3.0,11.333333333333334,1.0,12.0,13.0,9238.0,20.0,6.0,1.0,0.0,125.0,0.0,7.0,1.0,118.7,1
6.0,12.285714285714286,1.0,6.0,7.0,9773.0,19.0,6.0,17.0,1.0,132.0,1.0,4.0,0.0,124.3,2
0.0,0.0,0.0,0.0,0.0,9500.0,39.0,8.0,7.0,0.0,140.0,0.0,4.0,0.0,140.0,0
8.0,12.9375,1.0,7.0,12.0,9500.0,20.0,8.0,1.0,0.0,123.0,0.0,9.0,0.0,116.7,2
0.0,0.0,1.0,0.0,0.0,9238.0,41.0,6.0,7.0,0.0,130.0,1.0,-1.0,0.0,130.0,0
0.0,0.0,0.0,12.0,0.0,9254.0,18.0,6.0,17.0,0.0,121.0,0.0,4.0,1.0,116.5,0
0.0,0.0,1.0,0.0,0.0,9147.0,25.0,5.0,39.0,0.0,133.1,0.0,9.0,0.0,120.0,0
0.0,0.0,0.0,12.0,8.0,9085.0,19.0,5.0,1.0,0.0,121.0,0.0,9.0,0.0,114.0,0
0.0,0.0,1.0,0.0,0.0,171.0,20.0,0.0,1.0,0.0,122.0,0.0,9.0,0.0,115.7,0
0.0,0.0,0.0,7.0,6.0,9085.0,26.0,6.0,39.0,1.0,133.1,1.0,9.0,0.0,100.0,0
0.0,0.0,1.0,7.0,6.0,9070.0,18.0,6.0,17.0,0.0,134.0,0.0,5.0,1.0,133.3,0
0.0,0.0,0.0,0.0,0.0,171.0,18.0,0.0,1.0,1.0,140.0,0.0,7.0,0.0,126.8,0
4.0,13.0,1.0,9.0,6.0,9085.0,18.0,5.0,-1.0,0.0,150.0,0.0,4.0,0.0,139.4,1
2.0,12.0,0.0,16.0,15.0,9003.0,20.0,6.0,44.0,0.0,130.0,1.0,9.0,1.0,130.0,0
5.0,12.6,1.0,11.0,10.0,9003.0,20.0,6.0,1.0,0.0,131.0,0.0,5.0,0.0,118.4,2
5.0,14.2,1.0,7.0,6.0,9070.0,21.0,6.0,1.0,0.0,152.0,0.0,9.0,1.0,167.224,2
5.0,11.6,1.0,9.0,8.0,9773.0,20.0,6.0,17.0,0.0,144.0,0.0,4.0,0.0,130.7,1
2.0,11.0,1.0,9.0,10.0,9119.0,18.0,5.0,1.0,0.0,133.0,0.0,3.0,1.0,121.8,1
6.0,12.666666666666666,1.0,11.0,6.0,9003.0,29.0,6.0,39.0,0.0,133.1,1.0,9.0,0.0,140.0,2
0.0,0.0,1.0,0.0,0.0,9119.0,24.0,5.0,7.0,0.0,140.8,0.0,0.0,1.0,134.0,0
0.0,0.0,0.0,14.0,16.0,9003.0,44.0,6.0,39.0,0.0,100.0,1.0,9.0,1.0,120.0,0
1.0,12.0,1.0,13.0,12.0,9991.0,28.0,5.0,39.0,0.0,130.0,0.0,9.0,1.0,152.1,0
8.0,11.25,1.0,21.0,19.0,9003.0,21.0,12.0,43.0,0.0,125.0,0.0,4.0,0.0,125.0,2
5.0,12.166666666666666,1.0,8.0,11.0,9238.0,18.0,6.0,-1.0,0.0,130.0,0.0,5.0,0.0,126.9,2
4.0,14.75,1.0,5.0,7.0,9085.0,19.0,5.0,43.0,0.0,170.0,0.0,5.0,0.0,167.224,1
7.0,10.571428571428571,1.0,18.0,16.0,9147.0,21.0,10.0,43.0,0.0,123.0,0.0,9.0,0.0,113.2,1
0.0,0.0,1.0,9.0,8.0,-1.0,35.0,7.0,39.0,0.0,120.0,1.0,9.0,1.0,153.8,0
0.0,0.0,1.0,6.0,7.0,9119.0,29.0,5.0,39.0,1.0,133.1,0.0,3.0,1.0,98.6,0
6.0,13.666666666666666,1.0,6.0,9.0,9238.0,18.0,6.0,1.0,1.0,133.0,0.0,4.0,0.0,134.4,2
12.0,12.52608695652174,1.0,21.0,19.0,9500.0,30.0,14.0,43.0,0.0,100.0,0.0,0.0,1.0,110.0,2
5.0,13.2,0.0,13.0,7.0,8014.0,26.0,6.0,39.0,0.0,110.0,1.0,9.0,0.0,127.5,0
0.0,0.0,1.0,12.0,17.0,9085.0,20.0,6.0,17.0,0.0,130.0,0.0,9.0,1.0,101.3,0
4.0,12.5,1.0,7.0,7.0,9085.0,21.0,5.0,1.0,0.0,133.0,0.0,9.0,0.0,128.2,2
7.0,12.0,1.0,12.0,9.0,9991.0,31.0,7.0,44.0,0.0,130.0,0.0,9.0,0.0,130.0,1
0.0,0.0,1.0,0.0,0.0,171.0,18.0,0.0,17.0,0.0,137.0,0.0,4.0,0.0,143.3,1
5.0,14.285714285714286,1.0,8.0,9.0,9085.0,18.0,5.0,1.0,0.0,160.0,0.0,2.0,0.0,162.1,2
1.0,10.0,1.0,6.0,8.0,9070.0,19.0,6.0,17.0,0.0,127.0,0.0,3.0,1.0,130.2,1
0.0,0.0,1.0,9.0,6.0,9003.0,50.0,6.0,39.0,0.0,133.1,0.0,9.0,1.0,120.0,0
0.0,0.0,1.0,8.0,10.0,9147.0,22.0,5.0,17.0,0.0,135.0,0.0,0.0,1.0,128.7,0
5.0,10.8,1.0,12.0,9.0,9254.0,20.0,6.0,1.0,0.0,154.0,0.0,2.0,1.0,137.2,1
8.0,15.6625,1.0,7.0,8.0,9500.0,18.0,8.0,1.0,0.0,117.0,0.0,5.0,0.0,119.8,2
6.0,13.716666666666669,1.0,9.0,7.0,9500.0,19.0,7.0,17.0,0.0,127.0,0.0,1.0,1.0,118.8,1
0.0,0.0,0.0,4.0,8.0,9773.0,20.0,4.0,1.0,0.0,149.0,0.0,0.0,1.0,148.7,0
6.0,11.783333333333331,1.0,9.0,9.0,9500.0,18.0,7.0,1.0,0.0,125.0,0.0,3.0,0.0,115.6,1
0.0,0.0,0.0,0.0,0.0,171.0,20.0,0.0,17.0,0.0,129.0,0.0,4.0,1.0,128.0,0
6.0,12.333333333333334,1.0,7.0,6.0,9254.0,19.0,6.0,17.0,0.0,124.0,0.0,4.0,0.0,122.3,0
5.0,15.4,1.0,6.0,5.0,9147.0,18.0,5.0,1.0,1.0,170.0,0.0,3.0,0.0,162.3,2
2.0,11.0,1.0,8.0,9.0,9670.0,22.0,5.0,1.0,0.0,117.0,0.0,9.0,0.0,111.8,1
5.0,13.8,1.0,6.0,5.0,9085.0,19.0,5.0,1.0,1.0,130.0,0.0,9.0,0.0,121.3,2
0.0,0.0,0.0,12.0,7.0,9500.0,32.0,7.0,39.0,0.0,110.0,1.0,9.0,0.0,130.0,0
6.0,13.666666666666666,0.0,14.0,12.0,9254.0,26.0,6.0,44.0,0.0,170.0,0.0,9.0,1.0,167.224,1
3.0,13.333333333333334,1.0,5.0,8.0,9119.0,20.0,6.0,17.0,0.0,126.0,1.0,5.0,1.0,116.9,0
3.0,14.666666666666666,1.0,8.0,7.0,9119.0,18.0,5.0,17.0,0.0,139.0,0.0,9.0,1.0,133.1,1
0.0,0.0,1.0,0.0,0.0,171.0,19.0,0.0,17.0,1.0,143.0,0.0,5.0,1.0,156.3,2
8.0,15.91111111111111,1.0,7.0,9.0,9500.0,28.0,8.0,7.0,0.0,140.0,0.0,9.0,1.0,138.0,0
1.0,12.0,1.0,13.0,12.0,9991.0,28.0,5.0,39.0,0.0,130.0,0.0,9.0,1.0,152.1,0
1.0,10.0,1.0,6.0,8.0,9070.0,19.0,6.0,17.0,0.0,127.0,0.0,3.0,1.0,130.2,1
7.0,15.94285714285714,1.0,8.0,8.0,9500.0,27.0,8.0,39.0,0.0,140.0,0.0,9.0,0.0,160.0,2
0.0,0.0,1.0,7.0,5.0,9130.0,21.0,5.0,43.0,1.0,133.1,0.0,4.0,0.0,123.3,0
8.0,13.98375,1.0,8.0,8.0,9500.0,18.0,8.0,1.0,0.0,131.0,0.0,7.0,0.0,122.1,2
7.0,14.857142857142858,1.0,9.0,7.0,9238.0,47.0,7.0,39.0,0.0,100.0,0.0,9.0,1.0,124.3,2
5.0,14.8,1.0,11.0,14.0,9085.0,22.0,8.0,-1.0,1.0,150.0,0.0,9.0,1.0,150.0,0
5.0,10.833333333333334,1.0,13.0,12.0,9238.0,18.0,6.0,1.0,0.0,124.0,0.0,9.0,0.0,114.2,2
0.0,0.0,0.0,0.0,0.0,9853.0,30.0,6.0,39.0,0.0,140.0,0.0,9.0,0.0,128.2,0
0.0,0.0,1.0,0.0,0.0,171.0,18.0,0.0,1.0,1.0,170.0,0.0,4.0,1.0,167.1,2
5.0,11.2,1.0,15.0,16.0,9238.0,22.0,7.0,43.0,0.0,122.0,0.0,5.0,0.0,114.3,1
7.0,12.642857142857142,1.0,8.0,8.0,9500.0,18.0,8.0,1.0,1.0,131.0,0.0,7.0,0.0,128.3,2
3.0,10.0,1.0,8.0,14.0,9853.0,18.0,6.0,1.0,0.0,142.0,0.0,9.0,0.0,132.6,1
3.0,11.0,1.0,9.0,9.0,9853.0,23.0,6.0,1.0,0.0,133.1,0.0,9.0,0.0,98.6,0
0.0,0.0,1.0,0.0,0.0,171.0,20.0,0.0,43.0,0.0,116.0,1.0,2.0,0.0,117.3,0
0.0,0.0,1.0,10.0,5.0,9991.0,28.0,5.0,39.0,0.0,147.0,0.0,90.0,0.0,111.7,0
4.0,11.25,1.0,8.0,6.0,9070.0,25.0,6.0,17.0,1.0,127.0,0.0,9.0,1.0,119.3,0
0.0,0.0,1.0,6.0,12.0,9254.0,20.0,6.0,17.0,1.0,133.0,0.0,9.0,1.0,137.2,0
3.0,12.0,1.0,7.0,9.0,9119.0,20.0,5.0,1.0,0.0,126.0,0.0,-1.0,1.0,122.5,1
4.0,12.0,1.0,7.0,9.0,9070.0,20.0,6.0,17.0,0.0,152.0,0.0,3.0,1.0,134.2,1
7.0,13.714285714285714,1.0,8.0,8.0,9500.0,19.0,8.0,1.0,0.0,133.1,0.0,5.0,0.0,123.0,2
4.0,10.75,1.0,9.0,10.0,9238.0,18.0,6.0,17.0,0.0,132.0,0.0,9.0,0.0,123.6,1
2.0,10.0,1.0,10.0,14.0,9238.0,18.0,6.0,1.0,0.0,135.0,1.0,5.0,0.0,121.0,1
0.0,0.0,1.0,0.0,0.0,171.0,18.0,0.0,17.0,1.0,141.0,0.0,9.0,0.0,136.1,1
0.0,0.0,1.0,0.0,0.0,9147.0,29.0,5.0,39.0,0.0,133.1,0.0,9.0,1.0,140.0,0
0.0,0.0,0.0,6.0,6.0,9085.0,25.0,6.0,39.0,0.0,133.1,1.0,9.0,1.0,138.3,1
5.0,10.4,1.0,9.0,8.0,9853.0,19.0,6.0,17.0,0.0,126.0,0.0,2.0,0.0,126.0,1
6.0,12.857142857142858,1.0,6.0,7.0,9238.0,20.0,6.0,1.0,1.0,135.0,0.0,9.0,0.0,133.3,2
7.0,12.285714285714286,1.0,7.0,7.0,9853.0,18.0,7.0,17.0,1.0,133.0,1.0,9.0,0.0,127.4,2
8.0,14.0375,1.0,10.0,8.0,9500.0,19.0,8.0,1.0,0.0,136.0,0.0,4.0,0.0,123.8,2
5.0,12.666666666666666,1.0,10.0,11.0,9085.0,20.0,6.0,1.0,0.0,132.0,0.0,4.0,0.0,124.3,1
6.0,13.0,0.0,9.0,13.0,9085.0,24.0,9.0,-1.0,0.0,130.0,1.0,9.0,0.0,130.0,1
7.0,13.742857142857144,1.0,11.0,11.0,9500.0,29.0,8.0,7.0,0.0,150.0,0.0,4.0,0.0,150.0,2
3.0,11.0,1.0,14.0,14.0,9085.0,32.0,6.0,44.0,0.0,120.0,1.0,9.0,0.0,120.0,0
7.0,15.798571428571426,1.0,8.0,8.0,9500.0,20.0,8.0,1.0,1.0,153.0,0.0,9.0,0.0,138.5,2
0.0,0.0,1.0,0.0,0.0,171.0,20.0,0.0,1.0,0.0,136.0,0.0,1.0,0.0,152.5,1
8.0,12.98125,1.0,8.0,8.0,9500.0,20.0,8.0,1.0,1.0,126.0,0.0,4.0,0.0,124.3,2
3.0,11.0,1.0,14.0,14.0,9085.0,32.0,6.0,44.0,0.0,120.0,1.0,9.0,0.0,120.0,0
4.0,12.25,0.0,10.0,9.0,9670.0,35.0,9.0,43.0,0.0,160.0,0.0,-1.0,1.0,100.1,0
8.0,14.3875,1.0,7.0,8.0,9500.0,19.0,8.0,17.0,0.0,142.0,0.0,4.0,0.0,131.9,0
7.0,12.166666666666666,1.0,13.0,14.0,9500.0,19.0,8.0,17.0,0.0,131.0,0.0,4.0,0.0,125.4,2
6.0,15.0,1.0,6.0,6.0,9773.0,19.0,6.0,1.0,0.0,136.0,0.0,4.0,0.0,126.2,2
9.0,10.444444444444445,1.0,15.0,13.0,9991.0,33.0,10.0,43.0,0.0,140.0,0.0,3.0,0.0,107.8,1
5.0,11.7,1.0,11.0,19.0,9556.0,25.0,8.0,39.0,0.0,130.0,0.0,9.0,0.0,159.0,1
1.0,11.0,1.0,8.0,9.0,9254.0,21.0,6.0,1.0,0.0,120.0,0.0,9.0,1.0,117.2,0
0.0,0.0,1.0,11.0,8.0,9119.0,18.0,5.0,1.0,0.0,132.0,0.0,5.0,0.0,119.1,0
6.0,11.833333333333334,1.0,6.0,6.0,9773.0,18.0,6.0,18.0,1.0,135.0,0.0,3.0,0.0,129.8,0
0.0,0.0,1.0,0.0,0.0,171.0,22.0,0.0,17.0,0.0,125.0,0.0,2.0,1.0,117.0,1
2.0,11.333333333333334,1.0,6.0,8.0,9070.0,20.0,6.0,1.0,0.0,145.0,0.0,5.0,1.0,127.5,1
6.0,12.6,1.0,7.0,7.0,9500.0,18.0,7.0,17.0,1.0,136.0,0.0,5.0,0.0,130.3,2
4.0,15.6,1.0,8.0,12.0,9085.0,28.0,6.0,51.0,0.0,120.0,0.0,4.0,0.0,125.0,1
4.0,11.25,1.0,8.0,8.0,8014.0,19.0,6.0,17.0,0.0,120.0,0.0,5.0,0.0,114.8,2
7.0,13.327142857142857,0.0,8.0,8.0,9500.0,19.0,8.0,1.0,0.0,140.0,1.0,9.0,0.0,141.5,0
0.0,0.0,1.0,0.0,0.0,9147.0,50.0,5.0,39.0,0.0,140.0,0.0,9.0,1.0,135.1,0
2.0,11.5,0.0,11.0,18.0,9085.0,24.0,6.0,44.0,0.0,140.0,1.0,9.0,0.0,140.0,1
5.0,13.285714285714286,1.0,7.0,7.0,9147.0,20.0,5.0,1.0,1.0,121.0,0.0,3.0,0.0,112.6,2
7.0,13.042857142857144,1.0,8.0,9.0,9500.0,18.0,8.0,17.0,0.0,146.0,0.0,3.0,0.0,133.4,2
4.0,11.5,1.0,9.0,10.0,9853.0,19.0,6.0,1.0,1.0,129.0,0.0,2.0,0.0,126.9,1
8.0,11.8375,1.0,14.0,10.0,9556.0,22.0,8.0,43.0,0.0,128.0,0.0,7.0,0.0,123.5,1
6.0,12.166666666666666,1.0,8.0,10.0,9238.0,18.0,6.0,17.0,1.0,140.0,0.0,9.0,0.0,130.2,2
5.0,13.666666666666666,0.0,11.0,11.0,9085.0,19.0,6.0,17.0,0.0,120.0,0.0,4.0,1.0,122.5,1
4.0,11.25,1.0,8.0,11.0,9238.0,34.0,6.0,39.0,0.0,130.0,0.0,9.0,1.0,146.0,2
6.0,11.333333333333334,1.0,8.0,9.0,8014.0,41.0,6.0,39.0,1.0,160.0,0.0,7.0,0.0,115.0,2
0.0,0.0,0.0,8.0,0.0,9773.0,18.0,6.0,-1.0,0.0,154.4,0.0,3.0,0.0,154.4,0
6.0,12.142857142857142,1.0,6.0,7.0,9238.0,20.0,6.0,1.0,0.0,107.0,0.0,3.0,0.0,104.2,2
1.0,11.0,1.0,5.0,11.0,9254.0,20.0,6.0,17.0,0.0,124.0,0.0,3.0,0.0,126.1,0
6.0,13.125,1.0,6.0,8.0,9070.0,19.0,6.0,1.0,1.0,135.0,0.0,9.0,0.0,128.0,2
0.0,0.0,0.0,6.0,5.0,8014.0,37.0,5.0,39.0,0.0,100.0,1.0,9.0,0.0,116.5,0
1.0,12.0,1.0,15.0,9.0,9003.0,19.0,6.0,44.0,0.0,140.0,0.0,9.0,1.0,140.0,0
6.0,11.833333333333334,1.0,8.0,7.0,9238.0,18.0,6.0,-1.0,0.0,135.0,0.0,9.0,0.0,121.0,2
0.0,0.0,1.0,0.0,0.0,9773.0,22.0,6.0,1.0,0.0,133.1,0.0,90.0,0.0,129.6,0
0.0,0.0,0.0,8.0,0.0,9773.0,19.0,6.0,1.0,0.0,142.0,0.0,5.0,1.0,136.1,0
0.0,0.0,1.0,0.0,0.0,171.0,18.0,0.0,1.0,0.0,143.0,0.0,4.0,0.0,155.3,2
0.0,0.0,1.0,5.0,5.0,9991.0,29.0,5.0,39.0,0.0,130.0,0.0,9.0,1.0,127.6,1
6.0,13.496666666666668,1.0,11.0,11.0,9500.0,18.0,8.0,1.0,0.0,149.0,0.0,9.0,1.0,138.0,1
6.0,13.5,1.0,8.0,6.0,9254.0,19.0,6.0,17.0,0.0,136.0,0.0,4.0,0.0,123.1,2
3.0,10.333333333333334,1.0,16.0,11.0,9003.0,35.0,6.0,39.0,0.0,140.0,0.0,9.0,1.0,140.0,0
5.0,12.375,1.0,7.0,10.0,9670.0,19.0,6.0,1.0,0.0,143.0,0.0,2.0,0.0,144.1,1
0.0,0.0,1.0,9.0,10.0,9147.0,18.0,5.0,17.0,0.0,139.0,0.0,7.0,0.0,133.4,1
0.0,0.0,1.0,0.0,0.0,8014.0,32.0,6.0,1.0,0.0,126.0,0.0,0.0,0.0,142.4,0
0.0,0.0,1.0,11.0,10.0,9238.0,20.0,5.0,1.0,0.0,133.0,0.0,2.0,0.0,126.0,1
5.0,11.8,1.0,7.0,8.0,9853.0,18.0,6.0,1.0,0.0,137.0,0.0,9.0,0.0,132.8,2
6.0,12.0,1.0,7.0,7.0,9238.0,21.0,6.0,44.0,1.0,130.0,0.0,9.0,0.0,131.9,2
5.0,11.4,1.0,9.0,6.0,9991.0,41.0,5.0,39.0,1.0,100.0,0.0,4.0,1.0,113.0,1
7.0,12.06375,1.0,9.0,11.0,9500.0,32.0,8.0,7.0,0.0,130.0,0.0,9.0,0.0,130.0,1
0.0,0.0,1.0,0.0,0.0,9991.0,33.0,5.0,39.0,0.0,133.1,0.0,90.0,0.0,128.2,0
4.0,11.0,1.0,5.0,5.0,9670.0,18.0,5.0,17.0,0.0,123.0,0.0,1.0,0.0,114.6,2
3.0,10.666666666666666,1.0,8.0,10.0,9853.0,20.0,6.0,42.0,0.0,120.0,0.0,3.0,0.0,113.7,0
9.0,13.22222222222222,1.0,10.0,9.0,9238.0,21.0,9.0,-1.0,0.0,140.0,0.0,9.0,0.0,136.9,2
4.0,11.0,1.0,12.0,9.0,9147.0,18.0,5.0,17.0,1.0,121.0,0.0,6.0,0.0,113.0,2
8.0,15.2,1.0,8.0,8.0,9500.0,18.0,8.0,17.0,0.0,138.0,0.0,4.0,0.0,130.0,0
7.0,12.785714285714286,1.0,8.0,8.0,9500.0,19.0,8.0,1.0,1.0,126.0,0.0,9.0,0.0,118.8,2
3.0,11.0,1.0,8.0,8.0,9991.0,41.0,5.0,39.0,0.0,100.0,0.0,9.0,1.0,125.3,0
6.0,12.714285714285714,1.0,10.0,9.0,9670.0,19.0,6.0,1.0,1.0,122.0,0.0,4.0,1.0,116.1,1
3.0,11.0,1.0,10.0,6.0,9119.0,18.0,5.0,17.0,0.0,142.0,0.0,9.0,1.0,127.3,1
7.0,10.571428571428571,1.0,18.0,16.0,9147.0,21.0,10.0,43.0,0.0,123.0,0.0,9.0,0.0,113.2,1
0.0,0.0,0.0,8.0,5.0,9556.0,38.0,5.0,7.0,0.0,140.0,1.0,2.0,1.0,140.0,0
6.0,15.2,1.0,7.0,7.0,9500.0,18.0,7.0,1.0,0.0,151.0,0.0,9.0,0.0,138.0,2
2.0,11.0,1.0,13.0,12.0,9130.0,19.0,6.0,44.0,0.0,150.0,0.0,2.0,1.0,150.0,1
0.0,0.0,1.0,5.0,5.0,9991.0,36.0,5.0,39.0,0.0,130.0,1.0,6.0,0.0,111.9,0
2.0,11.666666666666666,1.0,11.0,11.0,9556.0,19.0,7.0,-1.0,0.0,137.0,1.0,9.0,0.0,137.0,1
6.0,12.8,1.0,10.0,8.0,9500.0,18.0,7.0,17.0,1.0,126.0,0.0,7.0,0.0,126.2,1
12.0,15.307692307692308,1.0,20.0,13.0,9003.0,29.0,13.0,39.0,0.0,130.0,0.0,9.0,0.0,144.0,2
5.0,14.0,1.0,6.0,7.0,8014.0,20.0,6.0,43.0,0.0,120.0,0.0,5.0,0.0,118.3,1
2.0,10.5,1.0,10.0,7.0,9853.0,19.0,7.0,1.0,0.0,114.0,0.0,5.0,0.0,109.5,0
5.0,12.333333333333334,1.0,10.0,11.0,9670.0,18.0,6.0,17.0,1.0,123.0,0.0,7.0,0.0,118.8,2
5.0,11.8,1.0,9.0,11.0,9773.0,20.0,6.0,17.0,0.0,118.0,0.0,5.0,0.0,120.8,2
5.0,10.8,1.0,7.0,8.0,9254.0,26.0,6.0,39.0,0.0,160.0,0.0,7.0,1.0,100.0,1
8.0,14.545,1.0,8.0,8.0,9500.0,18.0,8.0,17.0,0.0,135.0,0.0,5.0,0.0,127.3,2
0.0,0.0,1.0,0.0,0.0,9500.0,31.0,8.0,39.0,0.0,140.0,0.0,9.0,0.0,110.5,0
0.0,0.0,1.0,0.0,0.0,171.0,20.0,0.0,-1.0,0.0,137.0,0.0,1.0,1.0,144.7,1
3.0,14.0,1.0,12.0,7.0,9130.0,33.0,5.0,43.0,0.0,130.0,0.0,1.0,1.0,130.0,1
6.0,12.516666666666666,1.0,7.0,7.0,9500.0,18.0,7.0,17.0,0.0,122.0,0.0,9.0,0.0,131.0,0
0.0,0.0,1.0,17.0,19.0,9003.0,19.0,6.0,44.0,0.0,120.0,0.0,-1.0,1.0,120.0,1
2.0,11.0,1.0,14.0,10.0,9119.0,34.0,5.0,39.0,1.0,120.0,1.0,9.0,1.0,116.0,1
6.0,13.55,1.0,10.0,8.0,9500.0,20.0,7.0,1.0,1.0,113.0,0.0,-1.0,0.0,107.8,1
6.0,14.0,1.0,6.0,7.0,9773.0,19.0,6.0,1.0,0.0,130.0,0.0,5.0,0.0,137.4,1
6.0,13.666666666666666,1.0,6.0,6.0,9773.0,22.0,6.0,-1.0,0.0,120.0,0.0,4.0,0.0,120.0,2
6.0,14.166666666666666,1.0,6.0,6.0,9254.0,24.0,6.0,39.0,1.0,130.0,0.0,9.0,0.0,113.5,2
6.0,13.833333333333334,1.0,6.0,6.0,9238.0,20.0,6.0,44.0,0.0,140.0,0.0,9.0,0.0,135.7,2
8.0,13.666666666666666,1.0,7.0,9.0,9500.0,19.0,8.0,17.0,1.0,126.0,0.0,3.0,0.0,119.4,2
1.0,10.0,1.0,10.0,12.0,9670.0,19.0,6.0,1.0,0.0,136.0,0.0,-1.0,1.0,129.7,1
4.0,13.25,0.0,12.0,14.0,9238.0,23.0,9.0,-1.0,0.0,130.0,1.0,5.0,0.0,128.3,0
11.0,13.25,0.0,12.0,14.0,171.0,19.0,11.0,17.0,0.0,158.0,0.0,3.0,0.0,151.4,2
5.0,11.6,1.0,11.0,13.0,9773.0,27.0,7.0,43.0,0.0,120.0,0.0,0.0,0.0,103.6,0
0.0,0.0,0.0,10.0,5.0,9991.0,40.0,5.0,43.0,0.0,133.1,0.0,9.0,0.0,153.0,0
6.0,11.833333333333334,1.0,10.0,10.0,9500.0,19.0,8.0,1.0,1.0,139.0,0.0,6.0,0.0,121.3,1
3.0,10.857142857142858,1.0,8.0,10.0,9147.0,19.0,5.0,42.0,0.0,139.0,0.0,2.0,0.0,112.3,1
4.0,12.6,1.0,7.0,7.0,9070.0,21.0,6.0,51.0,0.0,117.0,0.0,2.0,0.0,120.0,1
6.0,14.5,1.0,13.0,8.0,9085.0,19.0,6.0,17.0,0.0,163.0,0.0,9.0,0.0,150.8,2
5.0,12.0,1.0,14.0,15.0,9003.0,20.0,6.0,44.0,0.0,130.0,0.0,6.0,1.0,130.0,2
4.0,11.5,1.0,8.0,12.0,9070.0,20.0,6.0,1.0,0.0,140.0,0.0,4.0,1.0,138.3,1
7.0,13.828571428571427,1.0,8.0,8.0,9500.0,19.0,8.0,1.0,0.0,149.0,0.0,9.0,1.0,137.5,2
5.0,13.8,1.0,6.0,9.0,9670.0,18.0,6.0,17.0,1.0,126.0,0.0,9.0,0.0,119.4,2
6.0,13.916666666666666,1.0,7.0,7.0,9500.0,20.0,7.0,1.0,0.0,144.0,0.0,9.0,0.0,150.5,2
4.0,12.0,1.0,12.0,9.0,9254.0,18.0,6.0,17.0,1.0,118.0,0.0,5.0,1.0,121.2,1
1.0,10.0,1.0,11.0,15.0,9238.0,21.0,6.0,1.0,0.0,135.0,0.0,3.0,0.0,121.0,1
11.0,13.727272727272728,1.0,21.0,11.0,9254.0,33.0,11.0,43.0,0.0,120.0,0.0,9.0,0.0,120.0,2
4.0,12.2,1.0,11.0,12.0,9085.0,23.0,6.0,44.0,0.0,150.0,0.0,-1.0,0.0,150.0,1
3.0,10.6,1.0,7.0,15.0,9085.0,21.0,5.0,1.0,0.0,118.0,0.0,3.0,1.0,112.4,1
6.0,12.5,1.0,8.0,7.0,9254.0,20.0,6.0,1.0,0.0,125.0,0.0,-1.0,1.0,114.5,2
4.0,10.75,1.0,7.0,9.0,9147.0,20.0,5.0,17.0,0.0,125.0,0.0,7.0,0.0,125.7,1
5.0,13.6,1.0,9.0,10.0,9670.0,20.0,6.0,1.0,0.0,126.0,0.0,7.0,0.0,125.7,1
5.0,12.2,1.0,8.0,10.0,9254.0,23.0,6.0,1.0,0.0,160.0,0.0,9.0,1.0,140.8,1
6.0,12.166666666666666,1.0,6.0,6.0,9254.0,19.0,6.0,1.0,0.0,118.0,0.0,9.0,0.0,111.7,2
6.0,13.571428571428571,1.0,8.0,9.0,9670.0,19.0,6.0,1.0,0.0,128.0,0.0,3.0,0.0,121.0,2
0.0,0.0,1.0,16.0,12.0,9254.0,20.0,6.0,17.0,0.0,107.0,0.0,5.0,0.0,102.8,0
6.0,12.833333333333334,1.0,6.0,6.0,9238.0,18.0,6.0,1.0,0.0,148.0,0.0,9.0,0.0,143.5,2
0.0,0.0,1.0,0.0,0.0,9991.0,40.0,5.0,39.0,0.0,110.0,0.0,9.0,1.0,139.0,0
4.0,12.5,1.0,7.0,5.0,9670.0,18.0,5.0,1.0,1.0,131.0,0.0,9.0,0.0,127.2,1
0.0,0.0,1.0,5.0,5.0,9147.0,35.0,5.0,7.0,0.0,130.0,0.0,5.0,0.0,130.0,0
5.0,13.0,1.0,8.0,8.0,9670.0,19.0,6.0,17.0,0.0,110.0,0.0,4.0,1.0,115.3,2
6.0,13.5,1.0,8.0,6.0,9670.0,25.0,6.0,39.0,1.0,170.0,0.0,3.0,1.0,110.0,2
3.0,10.571428571428571,1.0,7.0,9.0,9147.0,22.0,5.0,17.0,1.0,133.1,0.0,4.0,1.0,109.0,1
10.0,11.6,1.0,21.0,19.0,9003.0,25.0,13.0,43.0,0.0,130.0,0.0,5.0,1.0,130.0,0
0.0,0.0,1.0,0.0,0.0,9500.0,18.0,8.0,1.0,0.0,140.0,0.0,4.0,0.0,127.5,0
6.0,13.166666666666666,0.0,8.0,6.0,9254.0,20.0,6.0,17.0,0.0,125.0,1.0,9.0,0.0,122.6,0
0.0,0.0,1.0,1.0,0.0,8014.0,50.0,6.0,39.0,0.0,133.1,0.0,90.0,0.0,123.5,0
0.0,0.0,0.0,6.0,8.0,9003.0,27.0,6.0,39.0,0.0,130.0,0.0,9.0,1.0,126.1,0
4.0,10.75,1.0,6.0,8.0,9070.0,19.0,6.0,1.0,0.0,117.0,0.0,3.0,1.0,118.4,2
6.0,11.714285714285714,1.0,12.0,11.0,9003.0,22.0,6.0,44.0,0.0,140.0,0.0,9.0,1.0,140.0,2
0.0,0.0,0.0,3.0,0.0,9085.0,26.0,6.0,7.0,0.0,150.0,1.0,9.0,0.0,150.0,0
6.0,13.666666666666666,0.0,6.0,6.0,9254.0,19.0,6.0,-1.0,0.0,160.0,0.0,3.0,1.0,142.5,2
5.0,11.285714285714286,1.0,9.0,11.0,9119.0,18.0,5.0,17.0,0.0,138.0,1.0,5.0,1.0,123.3,1
0.0,0.0,1.0,7.0,10.0,9003.0,24.0,6.0,39.0,0.0,130.0,0.0,9.0,1.0,126.1,0
0.0,0.0,1.0,5.0,5.0,9670.0,28.0,5.0,39.0,0.0,140.0,0.0,0.0,0.0,98.6,0
5.0,11.6,1.0,5.0,6.0,9670.0,20.0,5.0,1.0,0.0,124.0,1.0,9.0,1.0,117.7,0
3.0,13.333333333333334,1.0,8.0,8.0,9085.0,21.0,5.0,1.0,0.0,133.1,0.0,1.0,0.0,115.0,1
4.0,10.833333333333334,1.0,11.0,10.0,9991.0,31.0,5.0,39.0,1.0,130.0,0.0,9.0,0.0,148.0,1
5.0,10.6,1.0,9.0,10.0,9853.0,18.0,6.0,1.0,0.0,124.0,0.0,2.0,0.0,121.6,1
7.0,12.18888888888889,1.0,9.0,11.0,9500.0,19.0,8.0,1.0,0.0,139.0,0.0,2.0,0.0,136.4,2
6.0,12.333333333333334,1.0,6.0,6.0,8014.0,27.0,6.0,39.0,0.0,120.0,0.0,4.0,0.0,150.5,2
0.0,0.0,1.0,7.0,5.0,9119.0,23.0,5.0,-1.0,0.0,115.0,0.0,4.0,1.0,113.3,0
3.0,11.666666666666666,1.0,9.0,9.0,9853.0,21.0,6.0,-1.0,0.0,116.0,0.0,3.0,0.0,110.4,1
6.0,15.833333333333334,1.0,7.0,6.0,9238.0,18.0,6.0,17.0,1.0,153.0,0.0,7.0,0.0,159.7,2
8.0,13.31,1.0,9.0,9.0,9500.0,18.0,8.0,1.0,1.0,144.0,0.0,4.0,0.0,141.3,2
5.0,11.0,1.0,8.0,12.0,9238.0,19.0,6.0,1.0,1.0,147.0,0.0,9.0,0.0,135.8,0
0.0,0.0,1.0,11.0,13.0,9147.0,21.0,5.0,43.0,0.0,122.0,0.0,1.0,1.0,118.9,0
0.0,0.0,1.0,14.0,6.0,9254.0,19.0,6.0,17.0,1.0,113.0,1.0,5.0,1.0,106.7,0
3.0,10.5,1.0,15.0,6.0,9147.0,19.0,5.0,-1.0,0.0,126.0,0.0,5.0,0.0,117.3,1
2.0,13.5,1.0,10.0,8.0,9085.0,23.0,6.0,44.0,0.0,160.0,0.0,4.0,1.0,160.0,0
5.0,14.2,1.0,5.0,5.0,9991.0,32.0,5.0,1.0,0.0,120.0,0.0,9.0,1.0,135.0,2
4.0,12.8,1.0,11.0,10.0,9991.0,30.0,5.0,39.0,0.0,150.0,0.0,9.0,0.0,146.2,1
0.0,0.0,0.0,1.0,0.0,9254.0,22.0,6.0,17.0,0.0,127.0,0.0,4.0,1.0,126.7,0
12.0,16.0,1.0,8.0,14.0,9003.0,32.0,12.0,39.0,0.0,110.0,0.0,4.0,1.0,150.0,2
5.0,13.2,0.0,15.0,17.0,9085.0,21.0,9.0,-1.0,0.0,140.0,1.0,9.0,0.0,138.2,0
6.0,12.333333333333334,1.0,8.0,8.0,9991.0,23.0,6.0,44.0,1.0,120.0,0.0,7.0,0.0,120.0,2
3.0,14.166666666666666,0.0,10.0,11.0,9500.0,42.0,7.0,7.0,0.0,130.0,0.0,4.0,0.0,130.0,0
0.0,0.0,1.0,12.0,17.0,9085.0,20.0,6.0,17.0,0.0,130.0,0.0,9.0,1.0,101.3,0
0.0,0.0,1.0,0.0,0.0,171.0,20.0,0.0,1.0,0.0,136.0,0.0,1.0,0.0,152.5,1
0.0,0.0,1.0,16.0,13.0,8014.0,27.0,6.0,39.0,1.0,133.1,0.0,5.0,0.0,102.5,0
0.0,0.0,1.0,14.0,6.0,9147.0,19.0,5.0,1.0,0.0,130.0,0.0,2.0,0.0,124.8,0
12.0,13.266666666666667,1.0,18.0,15.0,9238.0,23.0,13.0,43.0,1.0,129.0,0.0,0.0,0.0,125.2,2
0.0,0.0,1.0,6.0,6.0,9003.0,30.0,6.0,39.0,1.0,133.1,1.0,3.0,0.0,130.0,1
5.0,13.4,1.0,5.0,5.0,9991.0,40.0,5.0,39.0,0.0,120.0,0.0,6.0,1.0,160.0,2
2.0,12.0,1.0,11.0,13.0,9853.0,18.0,6.0,1.0,0.0,128.0,0.0,9.0,0.0,120.0,0
4.0,11.25,1.0,9.0,13.0,9773.0,20.0,6.0,1.0,1.0,145.0,0.0,9.0,0.0,133.1,2
5.0,12.6,1.0,10.0,10.0,9119.0,21.0,5.0,42.0,0.0,150.0,0.0,5.0,1.0,133.5,2
6.0,13.5,1.0,7.0,8.0,9853.0,18.0,7.0,1.0,0.0,140.0,0.0,7.0,0.0,124.6,1
3.0,12.0,1.0,13.0,9.0,9130.0,24.0,5.0,39.0,0.0,150.0,0.0,9.0,1.0,160.0,1
5.0,13.2,1.0,5.0,5.0,9147.0,21.0,5.0,17.0,0.0,120.0,0.0,9.0,0.0,111.3,2
7.0,14.051428571428572,1.0,12.0,10.0,9500.0,19.0,8.0,1.0,1.0,145.0,0.0,9.0,0.0,136.6,2
5.0,14.0,1.0,5.0,6.0,9991.0,27.0,5.0,7.0,0.0,120.0,0.0,3.0,0.0,120.0,1
5.0,10.8,1.0,8.0,6.0,9147.0,18.0,5.0,17.0,0.0,136.0,0.0,4.0,0.0,124.1,2
6.0,12.5,1.0,13.0,9.0,8014.0,44.0,6.0,39.0,0.0,110.0,0.0,0.0,0.0,157.8,2
3.0,10.666666666666666,1.0,9.0,8.0,9147.0,19.0,5.0,1.0,0.0,138.0,0.0,-1.0,0.0,131.0,1
2.0,11.5,0.0,10.0,6.0,9238.0,18.0,6.0,17.0,1.0,137.0,0.0,5.0,0.0,125.8,0
3.0,12.0,1.0,7.0,9.0,9119.0,18.0,5.0,17.0,0.0,135.0,0.0,-1.0,1.0,121.7,1
5.0,12.8,1.0,6.0,5.0,9085.0,19.0,5.0,1.0,0.0,131.0,0.0,9.0,0.0,139.8,2
9.0,11.7,1.0,12.0,18.0,171.0,21.0,11.0,1.0,0.0,125.0,1.0,5.0,1.0,136.2,1
0.0,0.0,1.0,6.0,9.0,9773.0,21.0,6.0,1.0,0.0,140.0,0.0,4.0,1.0,128.1,0
4.0,12.0,0.0,8.0,10.0,9070.0,22.0,6.0,-1.0,1.0,130.0,0.0,3.0,0.0,130.0,1
4.0,10.75,1.0,7.0,9.0,9147.0,20.0,5.0,17.0,0.0,125.0,0.0,7.0,0.0,125.7,1
6.0,12.0,1.0,6.0,6.0,9773.0,20.0,6.0,1.0,0.0,140.0,0.0,3.0,0.0,130.5,2
4.0,11.5,1.0,9.0,11.0,9773.0,20.0,6.0,1.0,0.0,120.0,0.0,0.0,1.0,126.7,2
4.0,11.0,1.0,14.0,9.0,9254.0,19.0,6.0,43.0,0.0,135.0,0.0,2.0,1.0,122.1,1
4.0,12.0,0.0,5.0,5.0,9147.0,19.0,5.0,17.0,1.0,147.0,1.0,9.0,0.0,142.8,1
6.0,12.571428571428571,1.0,9.0,9.0,9500.0,18.0,7.0,17.0,0.0,140.0,0.0,5.0,0.0,128.5,1
6.0,12.333333333333334,1.0,6.0,6.0,9254.0,21.0,6.0,1.0,1.0,102.0,0.0,2.0,1.0,101.7,2
5.0,11.8,1.0,9.0,10.0,9853.0,42.0,6.0,1.0,0.0,110.0,0.0,9.0,1.0,114.3,1
6.0,13.0,0.0,6.0,6.0,9773.0,24.0,6.0,39.0,1.0,133.1,1.0,-1.0,0.0,104.0,2
0.0,0.0,1.0,0.0,0.0,171.0,18.0,0.0,1.0,1.0,147.0,0.0,7.0,1.0,134.4,2
6.0,12.142857142857142,1.0,7.0,8.0,9070.0,19.0,6.0,1.0,0.0,140.0,0.0,2.0,1.0,125.0,1
6.0,11.5,1.0,10.0,11.0,8014.0,19.0,6.0,17.0,1.0,133.0,0.0,5.0,0.0,119.7,0
6.0,14.428571428571429,1.0,8.0,7.0,9238.0,20.0,6.0,1.0,1.0,133.1,0.0,5.0,0.0,108.0,2
3.0,12.333333333333334,0.0,14.0,6.0,8014.0,31.0,6.0,39.0,0.0,133.1,1.0,7.0,0.0,120.0,0
0.0,0.0,1.0,15.0,19.0,9003.0,31.0,6.0,39.0,0.0,133.1,0.0,4.0,1.0,110.0,0
6.0,12.333333333333334,1.0,7.0,6.0,8014.0,43.0,6.0,39.0,1.0,100.0,0.0,9.0,0.0,130.0,2
4.0,13.0,1.0,7.0,6.0,9670.0,18.0,6.0,1.0,0.0,115.0,0.0,9.0,1.0,114.3,0
5.0,11.98,1.0,8.0,8.0,9500.0,18.0,7.0,43.0,1.0,126.0,0.0,6.0,0.0,124.3,1
6.0,12.0,1.0,14.0,9.0,9085.0,18.0,6.0,-1.0,1.0,130.0,0.0,9.0,0.0,119.5,2
0.0,0.0,1.0,11.0,5.0,9119.0,24.0,5.0,39.0,0.0,120.0,1.0,9.0,1.0,100.0,0
5.0,11.4,1.0,9.0,6.0,9991.0,41.0,5.0,39.0,1.0,100.0,0.0,4.0,1.0,113.0,1
6.0,12.375,1.0,8.0,11.0,9070.0,18.0,6.0,1.0,1.0,152.0,0.0,5.0,0.0,136.3,2
0.0,0.0,1.0,5.0,0.0,9147.0,26.0,5.0,7.0,0.0,150.0,0.0,1.0,0.0,150.0,0
4.0,13.25,1.0,7.0,7.0,9147.0,30.0,5.0,51.0,0.0,148.0,0.0,9.0,1.0,118.4,0
5.0,14.5,0.0,8.0,7.0,9085.0,26.0,6.0,39.0,0.0,130.0,0.0,2.0,0.0,120.0,1
7.0,13.154285714285717,1.0,8.0,8.0,9500.0,18.0,8.0,17.0,0.0,132.0,0.0,2.0,1.0,125.5,1
5.0,11.0,0.0,6.0,6.0,9238.0,19.0,6.0,1.0,0.0,135.0,1.0,4.0,1.0,122.1,0
4.0,12.0,1.0,14.0,11.0,9003.0,25.0,6.0,42.0,0.0,140.0,0.0,4.0,1.0,140.0,1
8.0,13.661,1.0,10.0,10.0,9500.0,18.0,8.0,1.0,0.0,130.0,0.0,4.0,0.0,125.1,2
6.0,14.0,1.0,6.0,7.0,9773.0,19.0,6.0,1.0,0.0,130.0,0.0,5.0,0.0,137.4,1
1.0,11.0,0.0,6.0,5.0,9130.0,27.0,5.0,7.0,0.0,130.0,1.0,90.0,0.0,130.0,0
8.0,13.74625,1.0,8.0,8.0,9500.0,18.0,8.0,1.0,0.0,146.0,0.0,3.0,1.0,130.3,2
6.0,12.166666666666666,0.0,7.0,6.0,9773.0,18.0,6.0,17.0,0.0,138.0,0.0,5.0,0.0,133.5,2
6.0,13.266666666666666,1.0,7.0,7.0,9500.0,18.0,7.0,17.0,1.0,156.0,0.0,4.0,1.0,132.3,2
8.0,13.2125,1.0,9.0,10.0,9556.0,27.0,8.0,43.0,0.0,120.0,0.0,4.0,0.0,110.2,2
7.0,12.820000000000002,1.0,8.0,11.0,9500.0,18.0,8.0,1.0,0.0,131.0,0.0,3.0,0.0,126.1,1
4.0,12.75,1.0,7.0,7.0,9991.0,39.0,5.0,39.0,0.0,100.0,0.0,9.0,1.0,140.0,1
5.0,13.2,1.0,5.0,5.0,9670.0,19.0,5.0,1.0,0.0,135.0,0.0,4.0,0.0,133.3,2
6.0,14.333333333333334,1.0,9.0,6.0,9254.0,22.0,6.0,1.0,1.0,152.0,0.0,9.0,0.0,137.0,2
4.0,11.75,0.0,9.0,9.0,9773.0,18.0,6.0,17.0,0.0,126.0,1.0,5.0,0.0,129.5,0
0.0,0.0,1.0,13.0,5.0,9085.0,20.0,5.0,1.0,0.0,130.0,0.0,4.0,0.0,134.2,0
4.0,11.0,1.0,5.0,5.0,9147.0,18.0,5.0,17.0,0.0,137.0,0.0,4.0,0.0,124.4,1
5.0,11.8,1.0,7.0,7.0,9238.0,18.0,6.0,1.0,0.0,133.0,1.0,9.0,0.0,131.3,0
1.0,14.0,1.0,10.0,10.0,9147.0,18.0,5.0,43.0,0.0,131.0,0.0,5.0,0.0,123.7,1
6.0,11.708333333333334,1.0,12.0,9.0,9500.0,19.0,7.0,1.0,0.0,117.0,0.0,-1.0,0.0,117.4,1
0.0,0.0,1.0,0.0,0.0,171.0,18.0,0.0,17.0,1.0,141.0,0.0,9.0,0.0,136.1,1
5.0,11.166666666666666,1.0,11.0,9.0,9238.0,20.0,6.0,1.0,1.0,108.0,0.0,5.0,0.0,105.9,1
0.0,0.0,1.0,8.0,6.0,9853.0,19.0,6.0,1.0,1.0,148.0,0.0,4.0,0.0,143.5,0
8.0,13.40375,1.0,8.0,8.0,9500.0,18.0,8.0,1.0,1.0,140.0,0.0,5.0,0.0,128.5,2
0.0,0.0,1.0,8.0,6.0,9853.0,19.0,6.0,1.0,1.0,148.0,0.0,4.0,0.0,143.5,0
3.0,13.0,1.0,10.0,7.0,9085.0,19.0,5.0,1.0,1.0,144.0,0.0,4.0,0.0,132.1,2
2.0,11.333333333333334,1.0,9.0,10.0,9070.0,19.0,6.0,1.0,1.0,130.0,0.0,3.0,0.0,135.6,0
4.0,14.0,1.0,9.0,11.0,9670.0,18.0,6.0,1.0,0.0,127.0,0.0,3.0,1.0,127.0,2
0.0,0.0,0.0,6.0,12.0,8014.0,41.0,6.0,43.0,0.0,113.0,0.0,0.0,0.0,128.2,0
5.0,13.2,0.0,15.0,17.0,9085.0,21.0,9.0,-1.0,0.0,140.0,1.0,9.0,0.0,138.2,0
6.0,12.333333333333334,1.0,6.0,7.0,9254.0,18.0,6.0,17.0,1.0,131.0,0.0,9.0,0.0,130.3,2
0.0,0.0,1.0,12.0,10.0,8014.0,38.0,5.0,17.0,0.0,100.0,0.0,90.0,0.0,107.0,0
7.0,14.2,1.0,8.0,8.0,9500.0,18.0,8.0,1.0,0.0,146.0,0.0,9.0,0.0,129.3,2
6.0,12.45,1.0,7.0,7.0,9500.0,19.0,7.0,1.0,0.0,130.0,0.0,9.0,0.0,130.5,2
2.0,13.5,1.0,9.0,16.0,9254.0,19.0,6.0,1.0,0.0,143.0,0.0,1.0,0.0,133.2,1
4.0,11.25,0.0,18.0,14.0,9556.0,50.0,7.0,39.0,0.0,120.0,0.0,9.0,0.0,150.0,0
0.0,0.0,1.0,0.0,0.0,9130.0,19.0,6.0,44.0,0.0,140.0,0.0,4.0,0.0,140.0,0
5.0,15.0,1.0,6.0,7.0,9254.0,20.0,6.0,1.0,1.0,128.0,0.0,7.0,0.0,120.0,1
0.0,0.0,1.0,0.0,0.0,9500.0,32.0,8.0,39.0,0.0,140.0,0.0,9.0,0.0,135.5,0
8.0,14.26875,1.0,8.0,8.0,9500.0,18.0,8.0,1.0,0.0,143.0,0.0,7.0,0.0,133.8,1
4.0,10.75,0.0,11.0,8.0,9853.0,20.0,6.0,18.0,0.0,123.0,1.0,9.0,0.0,123.7,0
7.0,12.142857142857142,1.0,11.0,7.0,8014.0,30.0,7.0,43.0,0.0,100.0,0.0,0.0,0.0,113.0,2
6.0,14.714285714285714,1.0,7.0,8.0,9254.0,20.0,6.0,17.0,0.0,148.0,0.0,4.0,1.0,145.2,2
6.0,13.833333333333334,1.0,6.0,6.0,9773.0,24.0,6.0,39.0,0.0,100.0,0.0,4.0,0.0,100.0,2
5.0,12.4,1.0,8.0,9.0,9254.0,20.0,6.0,1.0,0.0,120.0,0.0,9.0,1.0,118.3,1
4.0,11.95,1.0,8.0,8.0,9500.0,20.0,7.0,1.0,0.0,123.0,0.0,90.0,0.0,113.3,0
5.0,12.2,1.0,8.0,7.0,9853.0,20.0,6.0,1.0,0.0,114.0,0.0,9.0,1.0,110.2,0
0.0,0.0,1.0,0.0,0.0,9670.0,19.0,6.0,1.0,0.0,133.1,0.0,2.0,0.0,133.0,0
5.0,14.6,1.0,12.0,10.0,9238.0,31.0,6.0,7.0,0.0,150.0,0.0,-1.0,0.0,150.0,2
2.0,14.0,1.0,7.0,11.0,9147.0,19.0,5.0,17.0,0.0,114.0,0.0,9.0,0.0,107.7,0
5.0,14.8,1.0,7.0,7.0,9238.0,39.0,6.0,39.0,1.0,120.0,0.0,9.0,0.0,125.5,2
0.0,0.0,1.0,11.0,10.0,9238.0,22.0,5.0,43.0,0.0,129.0,0.0,0.0,1.0,118.9,0
6.0,12.833333333333334,1.0,10.0,12.0,9853.0,18.0,7.0,1.0,0.0,126.0,0.0,2.0,0.0,116.9,1
3.0,10.333333333333334,1.0,16.0,10.0,9147.0,32.0,8.0,51.0,0.0,116.0,1.0,2.0,1.0,115.2,1
4.0,12.0,1.0,14.0,8.0,9085.0,21.0,5.0,17.0,0.0,130.0,0.0,5.0,0.0,121.3,1
8.0,13.22222222222222,1.0,10.0,9.0,9500.0,20.0,8.0,1.0,0.0,127.0,0.0,2.0,1.0,121.4,1
6.0,12.166666666666666,1.0,12.0,11.0,9853.0,18.0,7.0,18.0,0.0,120.0,0.0,9.0,0.0,115.8,1
0.0,0.0,1.0,0.0,0.0,9254.0,19.0,6.0,1.0,0.0,123.0,0.0,4.0,0.0,114.3,0
1.0,13.5,1.0,8.0,9.0,9500.0,30.0,8.0,1.0,1.0,154.0,0.0,9.0,0.0,149.5,0
5.0,15.4,1.0,8.0,6.0,9147.0,19.0,5.0,18.0,0.0,128.0,0.0,9.0,0.0,121.7,2
2.0,13.5,1.0,13.0,11.0,8014.0,50.0,11.0,43.0,0.0,133.1,0.0,9.0,1.0,112.5,0
0.0,0.0,1.0,0.0,0.0,9238.0,19.0,6.0,1.0,0.0,116.0,0.0,-1.0,1.0,110.8,0
6.0,13.166666666666666,1.0,6.0,6.0,9238.0,18.0,6.0,1.0,0.0,154.0,0.0,4.0,0.0,164.9,2
3.0,12.333333333333334,1.0,10.0,10.0,9119.0,18.0,5.0,17.0,0.0,141.0,0.0,9.0,1.0,133.0,1
6.0,12.675,1.0,11.0,11.0,9500.0,25.0,8.0,39.0,0.0,114.0,0.0,9.0,1.0,130.0,2
0.0,0.0,1.0,0.0,0.0,8014.0,30.0,6.0,7.0,0.0,140.0,0.0,4.0,0.0,140.0,0
0.0,0.0,1.0,0.0,0.0,9085.0,34.0,6.0,39.0,0.0,150.0,0.0,90.0,1.0,112.0,0
0.0,0.0,0.0,11.0,6.0,9670.0,50.0,6.0,39.0,0.0,140.0,1.0,3.0,1.0,167.224,0
6.0,15.833333333333334,1.0,6.0,9.0,9070.0,19.0,6.0,-1.0,0.0,152.0,0.0,4.0,0.0,156.9,2
6.0,13.116666666666667,1.0,7.0,7.0,9500.0,18.0,7.0,17.0,0.0,160.0,0.0,4.0,0.0,153.0,2
4.0,12.75,1.0,7.0,10.0,9238.0,40.0,6.0,39.0,1.0,120.0,0.0,7.0,1.0,134.0,0
6.0,11.3,1.0,7.0,7.0,9500.0,36.0,7.0,39.0,0.0,133.1,0.0,9.0,0.0,129.0,2
2.0,13.0,0.0,8.0,7.0,9130.0,27.0,5.0,7.0,0.0,160.0,0.0,9.0,0.0,160.0,0
2.0,10.5,1.0,16.0,12.0,9119.0,20.0,5.0,44.0,0.0,150.0,0.0,5.0,1.0,150.0,1
4.0,11.25,1.0,5.0,9.0,9991.0,32.0,5.0,43.0,0.0,134.0,0.0,9.0,0.0,113.7,1
4.0,12.2,1.0,11.0,12.0,9085.0,23.0,6.0,44.0,0.0,150.0,0.0,-1.0,0.0,150.0,1
0.0,0.0,1.0,0.0,0.0,171.0,18.0,0.0,1.0,0.0,165.0,0.0,2.0,0.0,163.6,1
4.0,14.75,1.0,5.0,7.0,9085.0,19.0,5.0,43.0,0.0,170.0,0.0,5.0,0.0,167.224,1
0.0,0.0,1.0,12.0,12.0,9853.0,18.0,6.0,17.0,0.0,133.1,0.0,4.0,0.0,134.8,0
3.0,12.666666666666666,1.0,6.0,8.0,9070.0,23.0,6.0,17.0,1.0,116.0,0.0,9.0,0.0,109.0,0
6.0,13.416666666666666,1.0,7.0,7.0,9500.0,19.0,7.0,1.0,1.0,145.0,0.0,5.0,0.0,127.5,2
3.0,12.333333333333334,0.0,14.0,6.0,8014.0,31.0,6.0,39.0,0.0,133.1,1.0,7.0,0.0,120.0,0
7.0,12.06375,1.0,9.0,11.0,9500.0,32.0,8.0,7.0,0.0,130.0,0.0,9.0,0.0,130.0,1
5.0,12.2,1.0,6.0,8.0,9147.0,41.0,5.0,39.0,0.0,133.1,1.0,9.0,0.0,139.4,1
0.0,0.0,0.0,5.0,6.0,9991.0,32.0,5.0,39.0,0.0,133.1,1.0,7.0,0.0,137.2,0
3.0,11.666666666666666,1.0,9.0,11.0,9119.0,18.0,5.0,43.0,0.0,146.0,0.0,2.0,1.0,100.0,1
4.0,13.5,1.0,6.0,6.0,9670.0,18.0,5.0,1.0,1.0,131.0,0.0,9.0,0.0,123.0,1
0.0,0.0,1.0,0.0,0.0,171.0,36.0,0.0,39.0,0.0,110.0,0.0,7.0,1.0,106.0,2
10.0,12.96818181818182,1.0,11.0,12.0,9500.0,45.0,10.0,7.0,0.0,120.0,0.0,9.0,0.0,120.0,1
0.0,0.0,1.0,0.0,0.0,171.0,20.0,0.0,18.0,1.0,110.0,1.0,5.0,1.0,117.7,2
0.0,0.0,1.0,16.0,13.0,9556.0,36.0,7.0,7.0,0.0,160.0,0.0,9.0,1.0,160.0,0
8.0,12.3,1.0,9.0,8.0,9556.0,28.0,8.0,39.0,0.0,133.1,0.0,9.0,0.0,152.8,1
0.0,0.0,1.0,0.0,0.0,9500.0,19.0,8.0,17.0,0.0,148.0,0.0,4.0,0.0,130.2,0
5.0,10.833333333333334,1.0,11.0,10.0,9853.0,18.0,6.0,17.0,0.0,138.0,0.0,7.0,0.0,124.7,1
5.0,10.4,1.0,8.0,7.0,9070.0,18.0,6.0,17.0,0.0,126.0,0.0,4.0,0.0,120.4,2
0.0,0.0,1.0,10.0,7.0,9773.0,43.0,6.0,39.0,0.0,133.1,0.0,7.0,1.0,132.0,0
6.0,15.0,1.0,8.0,9.0,9003.0,43.0,6.0,44.0,0.0,160.0,0.0,9.0,0.0,160.0,2
8.0,13.744444444444444,1.0,7.0,9.0,9500.0,18.0,8.0,1.0,0.0,141.0,0.0,4.0,0.0,126.8,2
1.0,11.0,1.0,12.0,11.0,9119.0,24.0,5.0,39.0,0.0,139.0,1.0,9.0,1.0,110.3,1
4.0,14.333333333333334,1.0,9.0,13.0,9085.0,19.0,5.0,1.0,0.0,138.0,0.0,4.0,0.0,132.1,2
5.0,14.375,1.0,11.0,14.0,9991.0,34.0,5.0,39.0,1.0,133.1,1.0,9.0,1.0,142.7,2
4.0,11.0,1.0,8.0,10.0,9147.0,21.0,5.0,1.0,0.0,140.0,0.0,7.0,1.0,120.0,0
6.0,12.0,1.0,8.0,6.0,8014.0,42.0,6.0,39.0,0.0,130.0,0.0,9.0,0.0,138.0,2
3.0,11.7,1.0,21.0,19.0,9556.0,31.0,8.0,39.0,0.0,160.0,0.0,9.0,0.0,120.0,0
6.0,11.5,1.0,7.0,9.0,9238.0,20.0,6.0,1.0,1.0,133.1,1.0,-1.0,0.0,118.0,2
2.0,12.5,1.0,9.0,13.0,9147.0,21.0,5.0,1.0,0.0,123.0,0.0,4.0,0.0,118.8,1
7.0,13.614285714285714,1.0,8.0,9.0,9500.0,19.0,8.0,1.0,1.0,112.0,0.0,4.0,0.0,106.8,2
5.0,11.2,1.0,8.0,12.0,9670.0,40.0,7.0,43.0,0.0,150.0,0.0,9.0,0.0,110.0,2
6.0,14.15,1.0,7.0,7.0,9500.0,19.0,7.0,1.0,1.0,144.0,0.0,7.0,0.0,136.0,2
4.0,13.0,1.0,9.0,7.0,9085.0,18.0,5.0,1.0,0.0,138.0,0.0,3.0,0.0,131.0,1
4.0,11.58,0.0,12.0,12.0,9500.0,21.0,7.0,1.0,0.0,142.0,1.0,9.0,1.0,127.0,0
4.0,10.25,1.0,11.0,11.0,9853.0,22.0,6.0,-1.0,0.0,119.0,0.0,5.0,0.0,118.3,1
5.0,13.666666666666666,0.0,11.0,11.0,9085.0,19.0,6.0,17.0,0.0,120.0,0.0,4.0,1.0,122.5,1
0.0,0.0,1.0,0.0,0.0,9853.0,21.0,6.0,51.0,0.0,139.0,0.0,4.0,0.0,134.0,0
3.0,11.666666666666666,1.0,11.0,10.0,9773.0,18.0,6.0,1.0,0.0,146.0,0.0,1.0,0.0,149.2,2
7.0,12.728571428571428,1.0,9.0,9.0,9500.0,18.0,8.0,17.0,0.0,137.0,0.0,5.0,0.0,131.1,1
8.0,12.75,1.0,11.0,17.0,8014.0,21.0,11.0,43.0,0.0,116.0,0.0,0.0,1.0,116.2,2
4.0,11.0,1.0,12.0,10.0,9991.0,25.0,5.0,39.0,0.0,133.1,0.0,4.0,0.0,127.7,1
8.0,14.345,1.0,9.0,8.0,9500.0,18.0,8.0,1.0,1.0,142.0,0.0,7.0,0.0,128.4,2
4.0,12.5,1.0,11.0,10.0,9991.0,43.0,5.0,39.0,0.0,150.0,0.0,9.0,0.0,120.0,1
2.0,12.5,1.0,8.0,6.0,9238.0,21.0,6.0,44.0,0.0,140.0,1.0,-1.0,0.0,136.1,1
4.0,12.0,1.0,14.0,11.0,9119.0,26.0,11.0,42.0,0.0,120.0,0.0,2.0,1.0,108.2,0
2.0,12.0,1.0,8.0,10.0,9147.0,20.0,5.0,1.0,0.0,117.0,0.0,5.0,1.0,118.4,1
4.0,11.25,1.0,9.0,9.0,9853.0,18.0,6.0,17.0,0.0,158.0,0.0,5.0,0.0,140.2,0
6.0,11.5,1.0,6.0,6.0,9773.0,19.0,6.0,1.0,0.0,128.0,0.0,9.0,0.0,118.2,2
5.0,14.2,1.0,5.0,5.0,9670.0,19.0,5.0,1.0,1.0,131.0,0.0,9.0,0.0,127.9,2
1.0,12.0,1.0,10.0,7.0,9991.0,24.0,5.0,39.0,0.0,110.0,0.0,9.0,1.0,134.3,0
5.0,13.0,1.0,8.0,10.0,9254.0,41.0,6.0,39.0,0.0,130.0,0.0,9.0,0.0,125.0,2
5.0,11.4,1.0,10.0,11.0,9085.0,19.0,5.0,1.0,1.0,147.0,0.0,9.0,0.0,133.7,1
2.0,10.5,1.0,8.0,8.0,9119.0,34.0,5.0,42.0,0.0,120.0,0.0,6.0,1.0,128.2,0
8.0,13.333333333333334,1.0,7.0,9.0,9500.0,18.0,8.0,1.0,0.0,133.0,0.0,5.0,0.0,123.2,2
0.0,0.0,0.0,5.0,10.0,9254.0,37.0,5.0,7.0,0.0,100.0,0.0,9.0,0.0,100.0,0
6.0,14.1,1.0,8.0,10.0,9003.0,19.0,6.0,1.0,0.0,124.0,0.0,9.0,1.0,116.0,2
8.0,11.0,1.0,9.0,16.0,9773.0,19.0,10.0,1.0,0.0,133.0,0.0,2.0,1.0,130.2,1
4.0,11.5,1.0,9.0,12.0,8014.0,49.0,6.0,39.0,0.0,120.0,0.0,9.0,0.0,106.8,1
1.0,13.67,1.0,10.0,10.0,9500.0,19.0,8.0,1.0,0.0,136.0,0.0,4.0,0.0,127.0,1
4.0,12.0,1.0,12.0,13.0,9003.0,20.0,6.0,44.0,0.0,130.0,0.0,9.0,1.0,130.0,1
6.0,14.333333333333334,1.0,6.0,6.0,8014.0,33.0,6.0,39.0,1.0,130.0,0.0,9.0,0.0,103.5,2
5.0,11.8,1.0,10.0,8.0,9147.0,20.0,5.0,1.0,0.0,133.1,0.0,-1.0,0.0,98.6,2
5.0,12.2,1.0,10.0,10.0,9254.0,18.0,6.0,17.0,0.0,122.0,0.0,4.0,0.0,130.4,2
8.0,11.625,1.0,16.0,12.0,9003.0,20.0,10.0,-1.0,0.0,130.0,1.0,9.0,1.0,130.0,1
0.0,0.0,0.0,10.0,0.0,9773.0,21.0,6.0,17.0,0.0,145.0,0.0,90.0,1.0,132.8,0
4.0,12.333333333333334,1.0,6.0,8.0,9085.0,20.0,5.0,1.0,0.0,130.0,0.0,90.0,0.0,122.0,2
5.0,14.4,1.0,8.0,5.0,9085.0,43.0,5.0,39.0,0.0,120.0,0.0,6.0,1.0,150.0,2
1.0,10.0,0.0,8.0,9.0,9147.0,26.0,5.0,39.0,0.0,120.0,0.0,9.0,1.0,104.0,0
4.0,12.25,1.0,9.0,9.0,9853.0,19.0,6.0,17.0,0.0,140.0,0.0,4.0,0.0,122.3,0
5.0,12.2,1.0,10.0,14.0,9085.0,21.0,9.0,-1.0,0.0,140.0,1.0,4.0,0.0,140.0,1
4.0,11.0,1.0,13.0,10.0,9130.0,18.0,6.0,1.0,0.0,144.0,1.0,2.0,0.0,134.9,0
4.0,11.8,0.0,7.0,8.0,9991.0,29.0,5.0,39.0,0.0,121.0,1.0,9.0,1.0,141.4,0
0.0,0.0,1.0,0.0,0.0,171.0,25.0,0.0,39.0,1.0,133.1,0.0,2.0,1.0,110.0,0
9.0,12.6,1.0,11.0,11.0,9147.0,21.0,9.0,-1.0,1.0,140.0,0.0,6.0,1.0,142.2,2
7.0,14.7,1.0,8.0,8.0,9500.0,18.0,8.0,1.0,0.0,142.0,0.0,4.0,0.0,131.0,2
7.0,13.857142857142858,1.0,14.0,12.0,8014.0,45.0,7.0,1.0,0.0,121.0,0.0,9.0,0.0,114.4,1
4.0,12.5625,1.0,12.0,13.0,9500.0,39.0,7.0,39.0,0.0,133.1,0.0,9.0,0.0,120.9,0
6.0,12.916666666666666,1.0,7.0,7.0,9500.0,18.0,7.0,1.0,0.0,135.0,0.0,9.0,0.0,121.5,2
6.0,13.333333333333334,1.0,7.0,6.0,9238.0,18.0,6.0,17.0,1.0,117.0,0.0,4.0,0.0,114.6,2
0.0,0.0,0.0,14.0,6.0,9670.0,31.0,6.0,39.0,0.0,140.0,0.0,9.0,1.0,148.0,0
0.0,0.0,1.0,12.0,5.0,9085.0,21.0,5.0,18.0,0.0,121.0,0.0,2.0,0.0,111.9,0
6.0,12.625,1.0,7.0,8.0,9238.0,20.0,6.0,17.0,1.0,120.0,0.0,9.0,0.0,113.0,2
5.0,10.2,1.0,9.0,5.0,9147.0,26.0,5.0,39.0,0.0,133.1,0.0,9.0,1.0,119.8,1
0.0,0.0,0.0,0.0,0.0,9773.0,20.0,6.0,1.0,0.0,108.0,1.0,7.0,0.0,115.0,0
2.0,12.5,1.0,13.0,7.0,9130.0,19.0,5.0,1.0,0.0,160.0,0.0,2.0,0.0,150.2,0
0.0,0.0,1.0,0.0,0.0,9070.0,28.0,6.0,39.0,0.0,139.3,0.0,5.0,1.0,117.5,0
7.0,11.69,1.0,8.0,8.0,9500.0,18.0,8.0,1.0,0.0,145.0,0.0,2.0,1.0,127.3,2
0.0,0.0,1.0,7.0,9.0,9500.0,33.0,7.0,39.0,0.0,133.1,0.0,4.0,1.0,100.0,1
5.0,12.2,1.0,7.0,6.0,9254.0,19.0,6.0,1.0,1.0,125.0,0.0,3.0,1.0,124.0,0
8.0,11.425,1.0,9.0,10.0,9556.0,18.0,8.0,1.0,0.0,123.0,0.0,4.0,0.0,113.8,2
6.0,12.5,1.0,6.0,6.0,9254.0,18.0,6.0,1.0,1.0,128.0,0.0,7.0,0.0,121.7,2
3.0,11.0,1.0,9.0,6.0,9147.0,20.0,5.0,1.0,0.0,133.0,0.0,5.0,1.0,121.8,1
12.0,12.25,0.0,21.0,19.0,-1.0,25.0,14.0,7.0,0.0,120.0,1.0,5.0,1.0,120.0,0
6.0,11.166666666666666,1.0,6.0,7.0,9070.0,19.0,6.0,17.0,1.0,117.0,0.0,3.0,1.0,125.4,2
0.0,0.0,0.0,12.0,8.0,9119.0,18.0,5.0,17.0,0.0,127.0,1.0,5.0,1.0,120.4,1
0.0,0.0,1.0,7.0,6.0,9254.0,35.0,6.0,7.0,0.0,110.0,0.0,3.0,1.0,110.0,0
0.0,0.0,1.0,5.0,5.0,9147.0,19.0,5.0,1.0,0.0,108.0,0.0,3.0,1.0,109.1,0
5.0,12.4,1.0,20.0,17.0,9991.0,21.0,10.0,43.0,0.0,141.0,0.0,9.0,0.0,131.9,0
0.0,0.0,1.0,0.0,0.0,9119.0,35.0,5.0,7.0,0.0,150.0,0.0,2.0,0.0,150.0,0
7.0,12.714285714285714,1.0,9.0,8.0,9853.0,18.0,7.0,17.0,0.0,125.0,0.0,4.0,0.0,128.5,1
1.0,12.0,1.0,10.0,7.0,8014.0,38.0,6.0,39.0,0.0,133.1,0.0,9.0,0.0,100.0,0
1.0,12.0,0.0,10.0,8.0,9003.0,44.0,7.0,39.0,0.0,133.1,0.0,9.0,1.0,100.0,0
0.0,0.0,1.0,0.0,0.0,9500.0,27.0,8.0,7.0,0.0,140.0,0.0,2.0,1.0,140.0,0
3.0,11.7,1.0,21.0,19.0,9556.0,31.0,8.0,39.0,0.0,160.0,0.0,9.0,0.0,120.0,0
6.0,13.0,1.0,11.0,10.0,9130.0,20.0,6.0,1.0,0.0,133.1,0.0,3.0,0.0,138.0,1
6.0,13.2,1.0,9.0,16.0,9085.0,20.0,7.0,1.0,0.0,140.0,0.0,4.0,0.0,131.6,1
7.0,12.328571428571427,1.0,8.0,8.0,9500.0,18.0,8.0,1.0,0.0,132.0,0.0,5.0,0.0,118.0,2
7.0,12.221428571428572,1.0,8.0,12.0,9500.0,18.0,8.0,1.0,0.0,125.0,0.0,9.0,0.0,114.9,2
4.0,13.0,1.0,9.0,7.0,9085.0,18.0,5.0,1.0,0.0,138.0,0.0,3.0,0.0,131.0,1
0.0,0.0,1.0,0.0,0.0,9670.0,18.0,6.0,17.0,0.0,127.0,0.0,1.0,1.0,121.4,0
0.0,0.0,1.0,14.0,15.0,9500.0,20.0,7.0,1.0,1.0,103.0,0.0,9.0,0.0,108.3,1
3.0,10.333333333333334,1.0,16.0,10.0,9147.0,32.0,8.0,51.0,0.0,116.0,1.0,2.0,1.0,115.2,1
4.0,13.4,0.0,11.0,9.0,9670.0,21.0,6.0,17.0,0.0,115.0,1.0,-1.0,1.0,109.1,1
7.0,13.314285714285717,1.0,8.0,8.0,9500.0,18.0,8.0,18.0,0.0,140.0,0.0,5.0,0.0,126.0,2
5.0,14.0,1.0,8.0,8.0,9238.0,19.0,6.0,17.0,0.0,131.0,0.0,4.0,0.0,129.3,2
0.0,0.0,1.0,0.0,0.0,171.0,18.0,0.0,1.0,0.0,134.0,0.0,2.0,1.0,141.7,1
7.0,11.714285714285714,1.0,15.0,8.0,9238.0,20.0,7.0,43.0,0.0,130.0,0.0,9.0,0.0,133.2,2
3.0,13.333333333333334,1.0,10.0,12.0,9991.0,37.0,5.0,39.0,0.0,133.1,1.0,6.0,1.0,140.0,0
1.0,11.0,0.0,11.0,14.0,9119.0,26.0,5.0,17.0,0.0,130.0,1.0,4.0,1.0,118.1,0
12.0,14.88888888888889,1.0,18.0,18.0,171.0,21.0,14.0,1.0,1.0,146.0,0.0,9.0,0.0,153.0,2
7.0,12.19285714285714,1.0,9.0,9.0,9500.0,19.0,8.0,51.0,1.0,127.0,0.0,5.0,0.0,150.0,2
0.0,0.0,1.0,5.0,5.0,9991.0,30.0,5.0,39.0,0.0,120.0,0.0,0.0,1.0,120.5,0
8.0,14.755555555555556,1.0,7.0,9.0,9500.0,18.0,8.0,1.0,1.0,153.0,0.0,7.0,0.0,147.9,2
7.0,12.454285714285716,1.0,8.0,8.0,9500.0,19.0,8.0,17.0,0.0,129.0,0.0,9.0,0.0,120.0,2
8.0,14.8,1.0,7.0,9.0,9500.0,18.0,8.0,17.0,1.0,140.0,0.0,7.0,0.0,136.5,2
8.0,15.0125,1.0,7.0,8.0,9500.0,20.0,8.0,1.0,0.0,118.0,0.0,5.0,0.0,113.5,2
5.0,14.2,1.0,5.0,5.0,9119.0,18.0,5.0,17.0,1.0,130.0,0.0,3.0,1.0,129.3,2
0.0,0.0,1.0,0.0,0.0,171.0,19.0,0.0,43.0,0.0,136.0,0.0,9.0,1.0,123.8,0
0.0,0.0,1.0,0.0,0.0,9500.0,19.0,8.0,1.0,0.0,142.0,0.0,7.0,0.0,123.5,0
6.0,12.5,1.0,6.0,6.0,9773.0,20.0,6.0,1.0,0.0,133.1,0.0,4.0,0.0,105.0,2
2.0,11.666666666666666,1.0,14.0,12.0,9556.0,20.0,7.0,-1.0,0.0,114.0,0.0,-1.0,0.0,114.0,1
1.0,14.0,1.0,12.0,12.0,9119.0,23.0,6.0,44.0,0.0,140.0,0.0,3.0,1.0,140.0,1
2.0,12.0,1.0,8.0,18.0,9085.0,20.0,6.0,44.0,0.0,150.0,0.0,9.0,0.0,150.0,1
5.0,11.6,1.0,9.0,8.0,9853.0,22.0,6.0,17.0,0.0,150.0,0.0,5.0,0.0,132.5,1
6.0,11.666666666666666,1.0,6.0,7.0,9773.0,19.0,6.0,17.0,1.0,130.0,0.0,9.0,1.0,140.2,2
8.0,15.2,1.0,8.0,8.0,9500.0,18.0,8.0,17.0,0.0,138.0,0.0,4.0,0.0,130.0,0
6.0,11.933333333333332,1.0,10.0,11.0,9500.0,19.0,8.0,1.0,0.0,133.1,0.0,-1.0,0.0,98.6,1
4.0,15.5,1.0,8.0,9.0,9085.0,18.0,6.0,1.0,1.0,148.0,0.0,4.0,1.0,131.6,0
4.0,13.0,1.0,10.0,8.0,9670.0,20.0,6.0,1.0,0.0,132.0,0.0,7.0,1.0,129.9,1
10.0,12.96818181818182,1.0,11.0,12.0,9500.0,45.0,10.0,7.0,0.0,120.0,0.0,9.0,0.0,120.0,1
10.0,13.3,1.0,17.0,14.0,9003.0,24.0,12.0,39.0,0.0,160.0,1.0,4.0,1.0,167.224,0
4.0,12.0,1.0,13.0,19.0,9085.0,20.0,6.0,44.0,0.0,130.0,0.0,4.0,0.0,130.0,1
6.0,12.166666666666666,1.0,12.0,11.0,9853.0,18.0,7.0,18.0,0.0,120.0,0.0,9.0,0.0,115.8,1
0.0,0.0,1.0,0.0,0.0,171.0,19.0,0.0,17.0,1.0,133.0,0.0,4.0,1.0,126.0,1
0.0,0.0,0.0,0.0,0.0,171.0,18.0,0.0,7.0,0.0,130.0,0.0,9.0,1.0,130.0,0
5.0,10.4,1.0,8.0,9.0,9254.0,20.0,6.0,17.0,0.0,135.0,0.0,4.0,1.0,135.0,1
1.0,10.0,1.0,13.0,5.0,9147.0,18.0,5.0,17.0,0.0,120.0,0.0,9.0,1.0,118.3,0
3.0,10.0,1.0,9.0,9.0,9238.0,19.0,6.0,1.0,1.0,125.0,1.0,9.0,0.0,114.9,1
7.0,11.242857142857142,1.0,9.0,9.0,9500.0,19.0,7.0,1.0,1.0,126.0,0.0,5.0,0.0,120.2,1
0.0,0.0,1.0,0.0,0.0,9238.0,18.0,6.0,17.0,0.0,125.0,0.0,9.0,0.0,119.8,0
0.0,0.0,0.0,5.0,5.0,9670.0,23.0,5.0,17.0,0.0,133.1,1.0,7.0,1.0,130.6,0
5.0,13.2,1.0,7.0,6.0,9085.0,19.0,5.0,1.0,0.0,133.0,0.0,4.0,0.0,143.2,2
4.0,10.5,1.0,8.0,11.0,9238.0,19.0,6.0,17.0,0.0,144.0,0.0,2.0,0.0,126.9,2
3.0,12.666666666666666,1.0,6.0,8.0,9147.0,19.0,5.0,1.0,0.0,127.0,0.0,1.0,1.0,120.0,2
6.0,14.333333333333334,1.0,6.0,6.0,9070.0,20.0,6.0,17.0,1.0,145.0,0.0,4.0,0.0,153.1,1
1.0,13.0,1.0,12.0,12.0,9147.0,27.0,5.0,1.0,0.0,166.0,0.0,4.0,1.0,146.4,1
5.0,13.6,1.0,7.0,6.0,9147.0,18.0,5.0,1.0,1.0,130.0,0.0,3.0,0.0,123.0,2
7.0,13.771428571428572,1.0,8.0,9.0,9500.0,22.0,8.0,1.0,0.0,110.0,0.0,9.0,1.0,105.8,2
2.0,11.5,0.0,13.0,8.0,9085.0,34.0,6.0,43.0,0.0,110.0,1.0,4.0,1.0,105.0,0
0.0,0.0,0.0,9.0,11.0,9991.0,45.0,5.0,39.0,0.0,133.1,1.0,9.0,1.0,132.8,0
8.0,13.76125,1.0,8.0,8.0,9500.0,18.0,8.0,1.0,0.0,145.0,0.0,1.0,0.0,130.0,2
4.0,12.75,1.0,7.0,7.0,9991.0,39.0,5.0,39.0,0.0,100.0,0.0,9.0,1.0,140.0,1
0.0,0.0,1.0,6.0,6.0,9070.0,24.0,6.0,43.0,0.0,116.0,0.0,3.0,1.0,120.9,1
0.0,0.0,1.0,0.0,0.0,171.0,21.0,0.0,17.0,0.0,133.1,0.0,9.0,1.0,117.0,0
8.0,15.3,1.0,8.0,8.0,9500.0,18.0,8.0,1.0,1.0,149.0,0.0,9.0,1.0,139.5,2
5.0,11.4,1.0,6.0,8.0,9070.0,18.0,6.0,17.0,0.0,131.0,0.0,5.0,1.0,120.2,1
6.0,12.833333333333334,1.0,7.0,6.0,9773.0,24.0,6.0,1.0,1.0,151.0,0.0,9.0,0.0,138.4,2
8.0,12.205555555555556,1.0,8.0,9.0,9500.0,19.0,8.0,18.0,1.0,135.0,0.0,5.0,0.0,128.9,2
0.0,0.0,1.0,14.0,14.0,9500.0,27.0,7.0,39.0,0.0,130.0,0.0,9.0,0.0,106.2,0
0.0,0.0,0.0,5.0,7.0,9119.0,27.0,5.0,43.0,0.0,130.0,1.0,9.0,1.0,128.0,1
2.0,10.5,1.0,8.0,8.0,9119.0,34.0,5.0,42.0,0.0,120.0,0.0,6.0,1.0,128.2,0
5.0,11.6,1.0,8.0,10.0,9670.0,20.0,6.0,1.0,0.0,132.0,0.0,-1.0,1.0,143.6,1
8.0,14.864444444444445,1.0,11.0,9.0,9500.0,19.0,8.0,17.0,1.0,137.0,0.0,3.0,0.0,124.9,2
0.0,0.0,1.0,0.0,0.0,171.0,18.0,0.0,17.0,1.0,141.0,0.0,9.0,0.0,136.1,1
6.0,12.0,1.0,6.0,6.0,9070.0,18.0,6.0,17.0,1.0,132.0,0.0,9.0,1.0,138.0,2
6.0,12.875,1.0,9.0,11.0,9500.0,18.0,8.0,1.0,1.0,130.0,0.0,9.0,0.0,125.1,1
5.0,13.4,1.0,10.0,5.0,9130.0,18.0,5.0,1.0,0.0,140.0,0.0,9.0,0.0,129.5,1
3.0,11.333333333333334,1.0,9.0,10.0,9119.0,18.0,5.0,17.0,0.0,129.0,0.0,0.0,1.0,118.9,0
0.0,0.0,1.0,0.0,0.0,171.0,18.0,0.0,1.0,0.0,125.0,0.0,4.0,0.0,115.2,1
6.0,12.333333333333334,1.0,8.0,7.0,9238.0,19.0,6.0,17.0,1.0,125.0,0.0,-1.0,0.0,123.3,2
6.0,12.5,1.0,7.0,8.0,9853.0,21.0,7.0,18.0,0.0,133.1,1.0,-1.0,0.0,106.0,1
2.0,12.5,1.0,10.0,11.0,9147.0,18.0,5.0,1.0,0.0,160.0,0.0,4.0,1.0,141.5,0
6.0,12.333333333333334,1.0,6.0,6.0,9070.0,21.0,6.0,17.0,1.0,133.1,0.0,5.0,0.0,128.0,2
8.0,13.76375,1.0,8.0,8.0,9500.0,18.0,8.0,1.0,0.0,137.0,0.0,4.0,0.0,126.5,2
8.0,13.122222222222222,1.0,8.0,10.0,9500.0,18.0,8.0,1.0,1.0,137.0,0.0,5.0,0.0,122.7,2
2.0,12.5,1.0,9.0,8.0,9119.0,19.0,5.0,17.0,1.0,131.0,0.0,9.0,1.0,123.3,0
7.0,14.428571428571429,1.0,9.0,8.0,9853.0,18.0,7.0,1.0,0.0,130.0,0.0,3.0,0.0,131.8,2
0.0,0.0,0.0,10.0,5.0,9254.0,36.0,5.0,39.0,0.0,133.1,1.0,9.0,1.0,98.6,0
5.0,13.0,1.0,8.0,11.0,9003.0,19.0,6.0,44.0,1.0,160.0,1.0,9.0,0.0,160.0,2
5.0,13.82,1.0,11.0,9.0,9500.0,21.0,7.0,1.0,0.0,120.0,0.0,9.0,0.0,114.8,1
6.0,13.033333333333331,1.0,7.0,7.0,9500.0,18.0,7.0,17.0,0.0,143.0,0.0,9.0,0.0,133.8,2
5.0,12.0,1.0,12.0,8.0,9085.0,27.0,5.0,44.0,0.0,160.0,0.0,-1.0,0.0,160.0,2
7.0,12.614285714285714,1.0,8.0,9.0,9500.0,18.0,8.0,17.0,0.0,141.0,0.0,5.0,0.0,133.0,2
8.0,14.355555555555554,1.0,7.0,9.0,9500.0,19.0,8.0,1.0,0.0,152.0,0.0,3.0,0.0,137.8,2
1.0,10.0,0.0,14.0,6.0,9991.0,28.0,6.0,43.0,0.0,120.0,1.0,9.0,1.0,115.8,0
0.0,0.0,1.0,14.0,6.0,9853.0,29.0,6.0,39.0,0.0,133.1,0.0,9.0,0.0,116.0,0
3.0,13.333333333333334,1.0,15.0,13.0,9238.0,18.0,6.0,17.0,0.0,118.0,0.0,4.0,0.0,110.7,1
5.0,14.0,1.0,5.0,6.0,9991.0,27.0,5.0,7.0,0.0,120.0,0.0,3.0,0.0,120.0,1
3.0,11.0,1.0,10.0,6.0,9070.0,19.0,6.0,1.0,0.0,124.0,0.0,7.0,0.0,132.1,1
5.0,12.8,1.0,9.0,10.0,9670.0,18.0,6.0,1.0,0.0,111.0,0.0,9.0,0.0,114.2,2
3.0,14.0,1.0,12.0,7.0,9130.0,33.0,5.0,43.0,0.0,130.0,0.0,1.0,1.0,130.0,1
0.0,0.0,1.0,5.0,5.0,9670.0,30.0,5.0,39.0,0.0,133.1,0.0,90.0,1.0,107.0,0
5.0,13.6,1.0,12.0,5.0,9085.0,18.0,5.0,1.0,0.0,140.0,0.0,2.0,0.0,124.1,2
5.0,14.5,0.0,8.0,7.0,9085.0,26.0,6.0,39.0,0.0,130.0,0.0,2.0,0.0,120.0,1
4.0,12.0,1.0,8.0,7.0,9991.0,28.0,5.0,39.0,0.0,147.0,0.0,7.0,0.0,147.9,1
9.0,14.88888888888889,1.0,17.0,12.0,9853.0,23.0,10.0,-1.0,0.0,133.1,0.0,-1.0,0.0,128.2,2
0.0,0.0,1.0,6.0,6.0,9119.0,20.0,5.0,17.0,0.0,120.0,0.0,9.0,1.0,120.4,0
0.0,0.0,1.0,5.0,6.0,9119.0,26.0,5.0,7.0,0.0,130.0,0.0,90.0,1.0,130.0,0
0.0,0.0,1.0,0.0,0.0,171.0,18.0,0.0,-1.0,1.0,158.0,0.0,9.0,1.0,164.3,1
2.0,11.0,1.0,5.0,11.0,9147.0,24.0,5.0,18.0,0.0,100.0,0.0,5.0,0.0,101.8,1
3.0,10.666666666666666,1.0,11.0,10.0,9147.0,20.0,5.0,17.0,0.0,120.0,0.0,3.0,0.0,113.4,1
2.0,11.5,0.0,12.0,13.0,9147.0,20.0,5.0,1.0,1.0,116.0,1.0,5.0,0.0,127.9,0
7.0,12.25,1.0,16.0,13.0,171.0,25.0,11.0,-1.0,0.0,122.0,0.0,9.0,1.0,133.9,0
10.0,15.0,0.0,14.0,11.0,9003.0,28.0,10.0,39.0,0.0,130.0,1.0,9.0,1.0,150.0,0
0.0,0.0,1.0,6.0,8.0,9003.0,23.0,6.0,44.0,0.0,120.0,0.0,3.0,1.0,120.0,1
6.0,12.666666666666666,1.0,8.0,10.0,9670.0,20.0,6.0,1.0,1.0,133.1,0.0,9.0,0.0,103.0,2
0.0,0.0,1.0,9.0,6.0,9003.0,26.0,6.0,42.0,0.0,120.0,0.0,2.0,1.0,113.3,0
4.0,11.25,1.0,15.0,8.0,9773.0,23.0,6.0,43.0,0.0,121.0,0.0,4.0,1.0,121.0,1
0.0,0.0,1.0,0.0,0.0,171.0,20.0,0.0,1.0,0.0,136.0,0.0,1.0,0.0,152.5,1
0.0,0.0,0.0,6.0,5.0,9119.0,33.0,5.0,7.0,0.0,130.0,0.0,9.0,1.0,130.0,0
6.0,11.833333333333334,1.0,6.0,6.0,9238.0,20.0,6.0,1.0,0.0,135.0,0.0,9.0,0.0,135.0,2
0.0,0.0,1.0,5.0,5.0,9991.0,41.0,5.0,39.0,0.0,133.1,0.0,5.0,1.0,111.9,0
4.0,10.25,0.0,6.0,6.0,9670.0,18.0,5.0,51.0,0.0,136.0,1.0,5.0,0.0,122.0,0
0.0,0.0,1.0,4.0,9.0,9147.0,36.0,5.0,39.0,0.0,120.0,0.0,9.0,1.0,104.7,0
6.0,11.428571428571429,1.0,7.0,8.0,9238.0,18.0,6.0,1.0,1.0,118.0,0.0,9.0,0.0,110.0,2
4.0,12.0,1.0,8.0,9.0,9853.0,18.0,6.0,17.0,1.0,134.0,0.0,4.0,0.0,122.1,0
2.0,11.5,0.0,13.0,13.0,9238.0,19.0,6.0,17.0,0.0,111.0,0.0,3.0,0.0,111.4,0
3.0,12.75,1.0,12.0,12.0,9003.0,22.0,6.0,44.0,0.0,150.0,0.0,1.0,1.0,150.0,1
6.0,12.666666666666666,1.0,6.0,6.0,9070.0,20.0,6.0,1.0,1.0,126.0,0.0,4.0,0.0,120.1,2
5.0,15.833333333333334,1.0,6.0,6.0,9130.0,20.0,5.0,1.0,0.0,134.0,0.0,5.0,0.0,125.6,2
7.0,12.599999999999998,1.0,12.0,12.0,9500.0,19.0,8.0,-1.0,1.0,127.0,0.0,4.0,0.0,119.0,2
7.0,12.671428571428573,1.0,10.0,8.0,9500.0,19.0,8.0,17.0,1.0,142.0,0.0,9.0,0.0,130.8,2
8.0,13.05875,1.0,8.0,8.0,9500.0,18.0,8.0,1.0,1.0,145.0,0.0,7.0,0.0,141.5,2
4.0,12.25,1.0,8.0,10.0,9147.0,26.0,5.0,39.0,1.0,160.0,0.0,7.0,0.0,121.4,2
7.0,12.820000000000002,1.0,8.0,11.0,9500.0,18.0,8.0,1.0,0.0,131.0,0.0,3.0,0.0,126.1,1
0.0,0.0,1.0,7.0,5.0,9147.0,18.0,5.0,1.0,1.0,150.0,0.0,0.0,1.0,152.8,0
4.0,12.0,1.0,12.0,13.0,9003.0,20.0,6.0,44.0,0.0,130.0,0.0,9.0,1.0,130.0,1
5.0,12.6,1.0,6.0,8.0,9119.0,18.0,5.0,17.0,1.0,127.0,0.0,9.0,1.0,121.1,1
5.0,13.6,0.0,6.0,8.0,9670.0,18.0,6.0,17.0,0.0,110.0,0.0,7.0,0.0,111.1,2
6.0,12.333333333333334,1.0,10.0,8.0,9238.0,18.0,6.0,1.0,0.0,125.0,0.0,3.0,0.0,125.7,2
3.0,12.666666666666666,1.0,8.0,18.0,9085.0,19.0,6.0,1.0,0.0,122.0,0.0,-1.0,0.0,126.2,2
5.0,15.0,1.0,7.0,7.0,9773.0,19.0,6.0,1.0,0.0,150.0,0.0,4.0,0.0,138.1,1
6.0,12.5,1.0,6.0,8.0,9070.0,19.0,6.0,1.0,1.0,137.0,0.0,9.0,0.0,126.2,2
6.0,11.857142857142858,1.0,8.0,7.0,9238.0,19.0,6.0,17.0,1.0,131.0,0.0,9.0,0.0,121.9,2
2.0,11.0,1.0,7.0,7.0,9119.0,27.0,6.0,39.0,0.0,138.7,0.0,4.0,1.0,111.3,0
3.0,12.833333333333334,1.0,5.0,9.0,9147.0,21.0,5.0,1.0,1.0,120.0,1.0,-1.0,1.0,111.6,1
3.0,12.0,1.0,8.0,11.0,9147.0,20.0,5.0,17.0,0.0,130.0,0.0,7.0,1.0,117.8,1
1.0,13.0,1.0,13.0,12.0,9130.0,21.0,6.0,44.0,1.0,130.0,1.0,9.0,0.0,130.0,0
5.0,11.4,1.0,14.0,8.0,9130.0,19.0,5.0,1.0,0.0,130.0,0.0,9.0,1.0,117.6,1
4.0,12.0,1.0,7.0,5.0,9670.0,19.0,5.0,1.0,0.0,121.0,0.0,2.0,1.0,122.4,1
2.0,11.5,1.0,13.0,13.0,9003.0,22.0,6.0,44.0,0.0,140.0,0.0,4.0,1.0,120.0,1
6.0,13.0,1.0,8.0,6.0,9670.0,25.0,6.0,39.0,1.0,133.1,0.0,4.0,1.0,140.0,2
8.0,15.744444444444444,1.0,7.0,9.0,9500.0,24.0,8.0,7.0,0.0,170.0,0.0,9.0,0.0,167.224,2
1.0,10.0,1.0,9.0,10.0,9147.0,21.0,5.0,1.0,0.0,115.0,0.0,9.0,1.0,118.5,0
0.0,0.0,1.0,18.0,13.0,9556.0,24.0,7.0,39.0,0.0,133.1,0.0,9.0,1.0,100.5,0
4.0,14.25,1.0,5.0,5.0,9670.0,19.0,5.0,1.0,0.0,142.0,0.0,7.0,1.0,132.9,2
7.0,12.05,1.0,8.0,10.0,9500.0,19.0,8.0,1.0,1.0,120.0,0.0,4.0,0.0,115.1,2
0.0,0.0,0.0,9.0,6.0,9670.0,44.0,6.0,39.0,0.0,133.1,1.0,90.0,1.0,98.6,0
4.0,11.0,1.0,9.0,6.0,9147.0,18.0,5.0,1.0,0.0,137.0,0.0,4.0,0.0,136.3,2
0.0,0.0,1.0,0.0,0.0,171.0,20.0,0.0,1.0,0.0,130.0,0.0,9.0,1.0,122.0,2
5.0,16.0,1.0,5.0,5.0,9119.0,20.0,5.0,17.0,0.0,124.0,0.0,2.0,1.0,119.5,2
7.0,12.321428571428571,1.0,9.0,9.0,9500.0,19.0,8.0,1.0,0.0,118.0,0.0,7.0,0.0,115.2,2
0.0,0.0,1.0,5.0,5.0,9991.0,29.0,5.0,39.0,0.0,130.0,0.0,9.0,1.0,127.6,1
7.0,11.714285714285714,1.0,9.0,10.0,8014.0,39.0,7.0,43.0,1.0,140.0,0.0,9.0,0.0,126.0,2
3.0,10.666666666666666,0.0,12.0,15.0,9147.0,39.0,5.0,39.0,0.0,140.0,0.0,4.0,0.0,130.0,0
5.0,14.333333333333334,1.0,7.0,7.0,9991.0,28.0,5.0,39.0,0.0,120.0,0.0,9.0,1.0,144.8,1
4.0,12.25,1.0,17.0,19.0,9085.0,26.0,6.0,39.0,0.0,133.1,0.0,9.0,0.0,130.0,2
6.0,12.166666666666666,1.0,6.0,6.0,9070.0,22.0,6.0,1.0,1.0,110.0,0.0,9.0,1.0,107.6,1
0.0,0.0,0.0,6.0,12.0,8014.0,41.0,6.0,43.0,0.0,113.0,0.0,0.0,0.0,128.2,0
7.0,11.857142857142858,1.0,12.0,12.0,9070.0,34.0,12.0,43.0,0.0,100.0,0.0,9.0,1.0,108.0,1
6.0,14.0,1.0,6.0,6.0,9773.0,18.0,6.0,1.0,1.0,143.0,0.0,-1.0,0.0,136.7,0
3.0,14.0,1.0,11.0,19.0,9085.0,18.0,6.0,1.0,0.0,132.0,0.0,6.0,0.0,128.5,0
6.0,13.333333333333334,1.0,6.0,6.0,9254.0,39.0,6.0,39.0,0.0,133.1,0.0,9.0,1.0,123.5,2
5.0,13.2,1.0,6.0,5.0,9147.0,19.0,5.0,1.0,0.0,117.0,0.0,5.0,1.0,118.1,2
6.0,12.666666666666666,1.0,9.0,7.0,9003.0,24.0,6.0,44.0,1.0,150.0,0.0,9.0,1.0,150.0,2
0.0,0.0,1.0,4.0,0.0,9991.0,50.0,5.0,39.0,0.0,100.0,0.0,9.0,1.0,100.0,0
5.0,13.126,1.0,12.0,12.0,9500.0,38.0,8.0,43.0,0.0,130.0,0.0,9.0,0.0,103.7,1
4.0,13.75,1.0,6.0,6.0,9130.0,21.0,5.0,43.0,0.0,125.0,0.0,3.0,0.0,125.0,2
0.0,0.0,1.0,13.0,6.0,9254.0,34.0,6.0,1.0,0.0,170.0,0.0,2.0,1.0,157.7,0
4.0,13.25,1.0,7.0,7.0,9147.0,30.0,5.0,51.0,0.0,148.0,0.0,9.0,1.0,118.4,0
0.0,0.0,0.0,0.0,0.0,8014.0,35.0,6.0,7.0,0.0,120.0,0.0,9.0,0.0,120.0,0
3.0,10.5,1.0,7.0,7.0,9991.0,24.0,5.0,39.0,0.0,150.0,0.0,9.0,0.0,140.9,0
7.0,13.142857142857142,1.0,10.0,8.0,8014.0,39.0,7.0,39.0,0.0,133.1,0.0,4.0,1.0,119.0,2
6.0,12.0,1.0,7.0,6.0,9254.0,18.0,6.0,1.0,1.0,132.0,0.0,5.0,0.0,122.6,2
5.0,11.8,1.0,8.0,6.0,9991.0,41.0,5.0,39.0,0.0,133.1,0.0,9.0,0.0,117.2,2
0.0,0.0,1.0,6.0,6.0,9070.0,24.0,6.0,43.0,0.0,116.0,0.0,3.0,1.0,120.9,1
7.0,11.4625,1.0,10.0,8.0,9500.0,19.0,7.0,1.0,0.0,125.0,0.0,4.0,0.0,119.4,1
6.0,12.833333333333334,0.0,10.0,9.0,9003.0,34.0,6.0,39.0,0.0,150.0,1.0,2.0,0.0,120.0,1
4.0,13.0,1.0,10.0,8.0,9670.0,20.0,6.0,1.0,0.0,132.0,0.0,7.0,1.0,129.9,1
3.0,12.333333333333334,1.0,7.0,8.0,9147.0,18.0,5.0,1.0,1.0,133.0,0.0,7.0,0.0,147.0,2
7.0,12.685714285714283,1.0,8.0,8.0,9500.0,20.0,8.0,1.0,0.0,130.0,0.0,4.0,0.0,116.8,2
0.0,0.0,1.0,0.0,0.0,171.0,18.0,0.0,1.0,1.0,142.0,0.0,7.0,0.0,142.0,2
1.0,13.0,1.0,11.0,7.0,9853.0,34.0,7.0,39.0,0.0,133.1,0.0,5.0,0.0,116.5,0
2.0,10.333333333333334,1.0,6.0,12.0,9147.0,18.0,5.0,1.0,0.0,120.0,0.0,5.0,1.0,122.8,1
2.0,11.0,1.0,5.0,11.0,9147.0,24.0,5.0,18.0,0.0,100.0,0.0,5.0,0.0,101.8,1
0.0,0.0,1.0,0.0,0.0,9500.0,30.0,8.0,39.0,0.0,133.1,0.0,9.0,0.0,118.9,0
2.0,12.5,1.0,7.0,8.0,9119.0,20.0,5.0,17.0,0.0,131.0,0.0,9.0,1.0,123.7,1
4.0,12.25,1.0,8.0,9.0,9147.0,31.0,5.0,39.0,0.0,133.1,0.0,7.0,0.0,118.2,0
0.0,0.0,1.0,0.0,0.0,171.0,18.0,0.0,1.0,0.0,165.0,0.0,2.0,0.0,163.6,1
0.0,0.0,1.0,0.0,0.0,9085.0,29.0,6.0,44.0,0.0,140.0,0.0,4.0,0.0,140.0,0
0.0,0.0,0.0,12.0,9.0,9003.0,32.0,7.0,39.0,0.0,133.1,0.0,4.0,1.0,110.0,0
3.0,11.0,0.0,9.0,7.0,9147.0,20.0,5.0,1.0,0.0,124.0,0.0,9.0,1.0,115.6,0
4.0,13.0,1.0,9.0,7.0,9085.0,18.0,5.0,1.0,0.0,138.0,0.0,3.0,0.0,131.0,1
4.0,11.0,1.0,11.0,11.0,9070.0,18.0,6.0,-1.0,0.0,133.0,0.0,4.0,0.0,122.5,1
0.0,0.0,1.0,12.0,0.0,9556.0,19.0,7.0,17.0,0.0,122.0,0.0,4.0,0.0,117.1,0
2.0,10.666666666666666,1.0,8.0,12.0,9147.0,20.0,5.0,17.0,0.0,116.0,0.0,9.0,0.0,112.2,1
0.0,0.0,1.0,9.0,5.0,9991.0,27.0,5.0,39.0,0.0,120.0,0.0,9.0,1.0,115.0,0
5.0,12.0,1.0,9.0,6.0,9991.0,40.0,5.0,39.0,0.0,120.0,0.0,6.0,0.0,147.8,1
4.0,12.25,1.0,5.0,5.0,9670.0,19.0,5.0,1.0,0.0,129.0,0.0,4.0,1.0,118.2,2
4.0,11.5,1.0,8.0,8.0,9147.0,39.0,5.0,39.0,0.0,130.0,0.0,9.0,0.0,142.5,1
0.0,0.0,1.0,0.0,0.0,9500.0,32.0,8.0,39.0,0.0,133.1,0.0,3.0,0.0,154.3,0
4.0,11.25,0.0,18.0,14.0,9556.0,50.0,7.0,39.0,0.0,120.0,0.0,9.0,0.0,150.0,0
0.0,0.0,1.0,0.0,0.0,171.0,20.0,0.0,17.0,0.0,122.0,0.0,5.0,1.0,127.3,0
3.0,11.666666666666666,1.0,8.0,9.0,9085.0,18.0,5.0,1.0,1.0,126.0,0.0,9.0,0.0,132.0,0
1.0,13.0,1.0,12.0,12.0,9147.0,27.0,5.0,1.0,0.0,166.0,0.0,4.0,1.0,146.4,1
6.0,12.0,1.0,10.0,9.0,9254.0,23.0,6.0,1.0,0.0,115.0,0.0,3.0,1.0,113.6,1
0.0,0.0,1.0,14.0,6.0,9853.0,29.0,6.0,39.0,0.0,133.1,0.0,9.0,0.0,116.0,0
4.0,12.25,1.0,14.0,15.0,9003.0,21.0,8.0,44.0,0.0,120.0,0.0,2.0,1.0,120.0,1
4.0,14.25,1.0,10.0,7.0,9119.0,21.0,5.0,17.0,0.0,126.0,0.0,4.0,1.0,122.9,1
6.0,12.166666666666666,1.0,8.0,6.0,9254.0,19.0,6.0,1.0,1.0,132.0,0.0,9.0,0.0,129.9,2
8.0,13.2325,1.0,9.0,9.0,9500.0,19.0,8.0,1.0,0.0,146.0,0.0,7.0,0.0,133.8,2
6.0,12.375,1.0,6.0,8.0,9070.0,19.0,6.0,1.0,1.0,126.0,0.0,9.0,0.0,132.0,2
2.0,10.5,1.0,9.0,11.0,9119.0,18.0,5.0,1.0,0.0,163.0,0.0,5.0,1.0,150.8,1
8.0,13.5625,1.0,8.0,8.0,9556.0,20.0,8.0,17.0,0.0,133.1,0.0,3.0,0.0,108.0,2
7.0,14.428571428571429,1.0,8.0,8.0,9500.0,18.0,8.0,1.0,1.0,165.0,0.0,5.0,0.0,142.3,2
4.0,10.833333333333334,1.0,10.0,10.0,9991.0,34.0,5.0,39.0,0.0,130.0,0.0,9.0,1.0,145.6,1
0.0,0.0,0.0,11.0,7.0,8014.0,29.0,6.0,39.0,0.0,140.0,1.0,9.0,1.0,122.0,0
6.0,14.0,1.0,6.0,7.0,9773.0,20.0,6.0,43.0,1.0,132.0,0.0,9.0,1.0,125.0,2
0.0,0.0,1.0,0.0,0.0,171.0,19.0,0.0,1.0,0.0,124.0,0.0,-1.0,0.0,113.9,0
6.0,12.333333333333334,1.0,12.0,10.0,9003.0,28.0,6.0,39.0,0.0,140.0,0.0,9.0,1.0,150.0,1
0.0,0.0,1.0,15.0,12.0,9773.0,20.0,6.0,17.0,0.0,150.0,0.0,4.0,1.0,130.8,0
6.0,13.571428571428571,1.0,6.0,7.0,9238.0,19.0,6.0,44.0,1.0,150.0,0.0,4.0,0.0,145.9,2
3.0,13.0,1.0,8.0,11.0,9773.0,19.0,6.0,1.0,1.0,117.0,0.0,5.0,1.0,118.4,2
12.0,10.923076923076923,1.0,21.0,16.0,9147.0,50.0,12.0,7.0,0.0,110.0,0.0,9.0,0.0,110.0,2
6.0,14.357142857142858,1.0,8.0,8.0,9500.0,23.0,7.0,7.0,0.0,130.0,0.0,4.0,0.0,130.0,2
0.0,0.0,1.0,0.0,0.0,9085.0,34.0,6.0,39.0,0.0,150.0,0.0,90.0,1.0,112.0,0
4.0,12.75,0.0,6.0,5.0,9670.0,20.0,5.0,1.0,0.0,141.0,0.0,4.0,1.0,137.9,0
6.0,14.428571428571429,1.0,8.0,8.0,8014.0,49.0,6.0,39.0,0.0,133.1,0.0,6.0,1.0,139.0,2
2.0,10.5,1.0,15.0,12.0,9130.0,20.0,6.0,44.0,0.0,110.0,0.0,2.0,1.0,110.0,0
5.0,11.6,1.0,5.0,8.0,9147.0,19.0,5.0,-1.0,0.0,150.0,0.0,9.0,1.0,150.0,2
5.0,11.8,1.0,10.0,8.0,9670.0,20.0,8.0,42.0,1.0,130.0,0.0,9.0,0.0,116.3,2
6.0,16.0,1.0,7.0,10.0,9853.0,34.0,6.0,39.0,1.0,130.0,1.0,7.0,0.0,140.0,2
6.0,13.0,1.0,7.0,7.0,9238.0,20.0,6.0,1.0,0.0,107.0,0.0,7.0,0.0,103.5,2
8.0,14.23125,1.0,7.0,8.0,9500.0,21.0,8.0,1.0,0.0,100.0,0.0,2.0,0.0,98.6,2
2.0,12.5,1.0,8.0,6.0,9238.0,21.0,6.0,44.0,0.0,140.0,1.0,-1.0,0.0,136.1,1
5.0,11.6,1.0,12.0,8.0,9238.0,19.0,6.0,1.0,0.0,128.0,0.0,0.0,0.0,120.3,2
2.0,12.666666666666666,1.0,12.0,13.0,9085.0,21.0,6.0,1.0,0.0,101.0,0.0,4.0,0.0,98.9,1
5.0,10.6,1.0,9.0,10.0,9853.0,18.0,6.0,1.0,0.0,124.0,0.0,2.0,0.0,121.6,1
0.0,0.0,1.0,5.0,4.0,9991.0,39.0,4.0,43.0,0.0,133.1,0.0,2.0,1.0,125.4,0
5.0,14.0,1.0,6.0,7.0,8014.0,20.0,6.0,43.0,0.0,120.0,0.0,5.0,0.0,118.3,1
1.0,10.0,1.0,10.0,10.0,9147.0,40.0,5.0,-1.0,0.0,133.1,1.0,-1.0,1.0,100.0,1
7.0,11.0,1.0,16.0,9.0,9238.0,50.0,7.0,43.0,1.0,110.0,0.0,9.0,0.0,112.5,2
7.0,10.428571428571429,0.0,13.0,16.0,8014.0,26.0,10.0,51.0,0.0,120.0,1.0,4.0,1.0,128.5,0
5.0,11.34,0.0,10.0,7.0,9500.0,33.0,6.0,42.0,0.0,133.1,0.0,3.0,0.0,100.0,0
10.0,12.727272727272728,1.0,13.0,12.0,171.0,19.0,11.0,1.0,0.0,150.0,0.0,2.0,0.0,154.6,0
1.0,10.0,1.0,10.0,10.0,9147.0,40.0,5.0,-1.0,0.0,133.1,1.0,-1.0,1.0,100.0,1
5.0,12.2,1.0,8.0,10.0,9670.0,25.0,6.0,17.0,1.0,133.1,0.0,4.0,0.0,98.6,1
8.0,11.142857142857142,1.0,21.0,19.0,8014.0,25.0,10.0,43.0,0.0,145.0,0.0,0.0,1.0,134.5,2
0.0,0.0,0.0,6.0,5.0,9119.0,32.0,5.0,39.0,0.0,120.0,0.0,4.0,0.0,122.5,0
5.0,13.0,1.0,14.0,10.0,9085.0,21.0,6.0,42.0,0.0,140.0,0.0,9.0,0.0,159.9,2
8.0,13.3475,1.0,8.0,8.0,9500.0,19.0,8.0,17.0,0.0,145.0,0.0,2.0,0.0,141.8,2
0.0,0.0,1.0,0.0,0.0,9147.0,23.0,5.0,7.0,0.0,140.0,0.0,9.0,0.0,140.0,0
4.0,11.5,1.0,9.0,10.0,9853.0,19.0,6.0,1.0,1.0,129.0,0.0,2.0,0.0,126.9,1
3.0,12.0,0.0,12.0,12.0,9773.0,19.0,6.0,17.0,0.0,122.0,0.0,7.0,0.0,123.1,0
5.0,12.666666666666666,1.0,10.0,11.0,9085.0,20.0,6.0,1.0,0.0,132.0,0.0,4.0,0.0,124.3,1
0.0,0.0,1.0,6.0,6.0,8014.0,34.0,6.0,39.0,0.0,155.0,0.0,4.0,0.0,117.5,1
6.0,13.966666666666669,1.0,7.0,7.0,9500.0,18.0,7.0,1.0,0.0,147.0,0.0,5.0,0.0,147.3,2
6.0,11.333333333333334,1.0,6.0,8.0,9070.0,21.0,6.0,44.0,0.0,140.0,0.0,4.0,1.0,140.0,2
7.0,14.0,1.0,8.0,7.0,8014.0,35.0,7.0,39.0,1.0,130.0,0.0,9.0,0.0,134.0,2
5.0,14.166666666666666,1.0,10.0,9.0,9147.0,18.0,5.0,1.0,0.0,134.0,0.0,2.0,0.0,128.8,2
2.0,11.0,1.0,9.0,10.0,9119.0,18.0,5.0,1.0,0.0,133.0,0.0,3.0,1.0,121.8,1
4.0,11.2,1.0,9.0,8.0,9070.0,18.0,6.0,17.0,1.0,125.0,0.0,3.0,0.0,128.9,1
6.0,14.0,1.0,7.0,6.0,9238.0,18.0,6.0,1.0,0.0,136.0,0.0,9.0,0.0,139.2,2
2.0,10.5,1.0,9.0,11.0,9119.0,18.0,5.0,1.0,0.0,163.0,0.0,5.0,1.0,150.8,1
0.0,0.0,1.0,0.0,0.0,9500.0,19.0,8.0,17.0,0.0,131.0,0.0,9.0,0.0,123.8,0
5.0,12.4,1.0,7.0,15.0,9003.0,50.0,6.0,39.0,0.0,120.0,0.0,9.0,0.0,148.8,2
0.0,0.0,0.0,0.0,0.0,9070.0,19.0,6.0,18.0,0.0,142.0,0.0,4.0,1.0,130.8,0
12.0,14.5,1.0,18.0,18.0,9070.0,38.0,14.0,43.0,0.0,140.0,0.0,6.0,1.0,140.0,2
5.0,11.0,1.0,8.0,8.0,9147.0,19.0,5.0,17.0,0.0,125.0,0.0,9.0,1.0,116.3,2
6.0,14.0,1.0,6.0,6.0,9670.0,19.0,6.0,17.0,1.0,128.0,0.0,7.0,0.0,124.4,2
6.0,13.833333333333334,1.0,6.0,6.0,9773.0,18.0,6.0,17.0,0.0,143.0,0.0,7.0,0.0,136.7,2
0.0,0.0,1.0,9.0,5.0,9147.0,18.0,5.0,17.0,0.0,139.0,1.0,6.0,1.0,143.6,1
5.0,12.4,1.0,20.0,17.0,9991.0,21.0,10.0,43.0,0.0,141.0,0.0,9.0,0.0,131.9,0
11.0,12.0,1.0,18.0,11.0,8014.0,44.0,11.0,43.0,0.0,161.0,0.0,4.0,1.0,100.0,2
6.0,12.333333333333334,1.0,12.0,8.0,9500.0,21.0,7.0,43.0,0.0,136.0,0.0,-1.0,0.0,118.4,1
6.0,13.5,1.0,7.0,8.0,9853.0,18.0,7.0,1.0,0.0,140.0,0.0,7.0,0.0,124.6,1
4.0,11.0,1.0,8.0,6.0,9670.0,19.0,5.0,1.0,0.0,127.0,0.0,4.0,1.0,128.1,1
4.0,12.0,1.0,12.0,9.0,9254.0,18.0,6.0,17.0,1.0,118.0,0.0,5.0,1.0,121.2,1
3.0,13.0,1.0,5.0,9.0,9085.0,19.0,5.0,17.0,1.0,137.0,0.0,0.0,0.0,122.3,0
8.0,12.55375,1.0,9.0,9.0,9500.0,22.0,8.0,43.0,0.0,130.0,0.0,7.0,1.0,136.0,2
0.0,0.0,1.0,0.0,0.0,171.0,20.0,0.0,17.0,0.0,130.0,0.0,9.0,0.0,126.9,0
7.0,11.98857142857143,1.0,8.0,8.0,9500.0,19.0,8.0,1.0,0.0,132.0,0.0,9.0,0.0,119.3,2
5.0,12.6,1.0,8.0,8.0,9254.0,25.0,6.0,1.0,0.0,131.0,0.0,9.0,1.0,134.5,1
5.0,12.8,1.0,7.0,5.0,9147.0,20.0,5.0,1.0,0.0,128.0,0.0,5.0,1.0,116.5,2
6.0,13.0,1.0,6.0,6.0,9238.0,18.0,6.0,1.0,1.0,145.0,0.0,4.0,0.0,148.9,2
7.0,12.0,1.0,12.0,9.0,9991.0,31.0,7.0,44.0,0.0,130.0,0.0,9.0,0.0,130.0,1
2.0,11.0,1.0,9.0,10.0,9147.0,20.0,5.0,1.0,0.0,117.0,0.0,9.0,0.0,120.2,1
4.0,11.0,1.0,8.0,9.0,9670.0,19.0,6.0,1.0,0.0,119.0,0.0,4.0,0.0,115.5,1
6.0,12.833333333333334,1.0,8.0,9.0,9238.0,18.0,6.0,1.0,1.0,128.0,0.0,9.0,0.0,120.0,2
0.0,0.0,0.0,9.0,6.0,9991.0,31.0,5.0,39.0,0.0,100.0,1.0,9.0,1.0,153.5,0
5.0,12.4,1.0,7.0,7.0,9254.0,21.0,6.0,17.0,0.0,127.0,0.0,4.0,1.0,116.9,2
8.0,12.93375,1.0,8.0,8.0,9500.0,18.0,8.0,18.0,0.0,126.0,0.0,5.0,0.0,122.8,2
0.0,0.0,1.0,0.0,0.0,171.0,18.0,0.0,17.0,0.0,133.0,0.0,6.0,0.0,134.8,1
3.0,12.0,1.0,12.0,10.0,9119.0,19.0,5.0,1.0,0.0,126.0,0.0,4.0,1.0,122.5,0
6.0,12.625,1.0,8.0,10.0,9003.0,21.0,6.0,44.0,1.0,150.0,0.0,4.0,1.0,150.0,2
5.0,15.0,1.0,7.0,7.0,9773.0,19.0,6.0,1.0,0.0,150.0,0.0,4.0,0.0,138.1,1
2.0,11.0,1.0,10.0,14.0,9238.0,18.0,6.0,18.0,0.0,137.0,0.0,5.0,0.0,137.4,1
0.0,0.0,0.0,0.0,0.0,171.0,20.0,0.0,17.0,0.0,129.0,0.0,4.0,1.0,128.0,0
5.0,11.6,1.0,8.0,8.0,9853.0,23.0,6.0,1.0,0.0,122.0,0.0,2.0,0.0,112.6,1
6.0,14.0,1.0,6.0,6.0,9773.0,18.0,6.0,1.0,0.0,141.0,0.0,9.0,0.0,128.4,2
5.0,12.0,1.0,7.0,6.0,9130.0,18.0,5.0,17.0,0.0,130.0,0.0,4.0,0.0,123.8,2
8.0,12.4875,1.0,7.0,8.0,9500.0,18.0,8.0,1.0,0.0,140.0,0.0,9.0,1.0,128.8,2
4.0,13.0,1.0,7.0,10.0,9254.0,18.0,6.0,1.0,1.0,140.0,0.0,9.0,0.0,140.9,2
1.0,10.0,1.0,15.0,17.0,9238.0,28.0,6.0,39.0,0.0,160.0,1.0,9.0,1.0,124.0,1
0.0,0.0,1.0,0.0,0.0,171.0,18.0,0.0,17.0,0.0,133.0,0.0,6.0,0.0,134.8,1
3.0,12.0,1.0,13.0,8.0,9085.0,19.0,5.0,1.0,0.0,129.0,0.0,3.0,0.0,125.9,1
3.0,10.0,1.0,20.0,16.0,9085.0,26.0,6.0,44.0,0.0,130.0,0.0,4.0,1.0,130.0,0
5.0,10.833333333333334,1.0,14.0,8.0,9147.0,20.0,5.0,1.0,0.0,121.0,0.0,4.0,1.0,116.8,1
5.0,15.571428571428571,1.0,7.0,8.0,9085.0,18.0,5.0,17.0,1.0,129.0,0.0,9.0,0.0,118.2,2
0.0,0.0,0.0,6.0,7.0,9003.0,27.0,6.0,39.0,0.0,170.0,1.0,4.0,0.0,167.224,0
5.0,12.4,1.0,6.0,8.0,9147.0,22.0,5.0,1.0,1.0,116.0,0.0,3.0,0.0,113.6,2
0.0,0.0,0.0,5.0,5.0,9991.0,48.0,5.0,39.0,0.0,110.0,0.0,7.0,0.0,150.0,0
6.0,12.666666666666666,1.0,7.0,8.0,9773.0,20.0,6.0,43.0,0.0,126.0,1.0,3.0,0.0,110.0,2
4.0,10.5,1.0,13.0,10.0,9991.0,31.0,5.0,39.0,1.0,160.0,0.0,9.0,0.0,160.0,1
10.0,13.3,1.0,17.0,14.0,9003.0,24.0,12.0,39.0,0.0,160.0,1.0,4.0,1.0,167.224,0
0.0,0.0,1.0,6.0,7.0,9119.0,29.0,5.0,39.0,1.0,133.1,0.0,3.0,1.0,98.6,0
6.0,13.142857142857142,1.0,11.0,7.0,9085.0,20.0,6.0,44.0,0.0,150.0,0.0,4.0,1.0,150.0,2
7.0,13.614285714285714,1.0,8.0,8.0,9500.0,19.0,8.0,18.0,0.0,146.0,0.0,4.0,1.0,127.0,2
6.0,12.333333333333334,1.0,15.0,10.0,9773.0,32.0,7.0,43.0,0.0,140.0,0.0,3.0,1.0,116.9,1
4.0,13.4,0.0,11.0,9.0,9670.0,21.0,6.0,17.0,0.0,115.0,1.0,-1.0,1.0,109.1,1
6.0,13.0,1.0,6.0,7.0,9773.0,19.0,6.0,17.0,1.0,133.1,0.0,7.0,0.0,126.0,2
2.0,13.5,1.0,9.0,13.0,9147.0,19.0,5.0,1.0,0.0,128.0,0.0,9.0,1.0,120.3,1
0.0,0.0,1.0,9.0,11.0,9130.0,44.0,6.0,39.0,0.0,133.1,1.0,9.0,1.0,156.4,0
7.0,13.75,1.0,10.0,9.0,9500.0,18.0,8.0,1.0,0.0,130.0,0.0,9.0,1.0,118.1,1
6.0,10.833333333333334,1.0,13.0,10.0,8014.0,45.0,7.0,43.0,0.0,120.0,0.0,9.0,0.0,100.0,1
0.0,0.0,0.0,5.0,7.0,9119.0,27.0,5.0,43.0,0.0,130.0,1.0,9.0,1.0,128.0,1
4.0,12.5,1.0,9.0,10.0,9003.0,19.0,6.0,1.0,1.0,144.0,0.0,9.0,1.0,132.8,1
12.0,11.4375,1.0,21.0,19.0,9991.0,36.0,12.0,43.0,0.0,120.0,0.0,9.0,0.0,120.0,1
4.0,13.714285714285714,1.0,6.0,9.0,9670.0,18.0,6.0,17.0,0.0,124.0,1.0,5.0,0.0,114.2,0
0.0,0.0,1.0,9.0,12.0,9238.0,18.0,6.0,1.0,0.0,116.0,0.0,9.0,1.0,108.7,0
0.0,0.0,0.0,8.0,10.0,9003.0,26.0,6.0,17.0,0.0,170.0,1.0,9.0,1.0,144.1,0
5.0,14.4,1.0,9.0,13.0,9147.0,18.0,5.0,43.0,1.0,153.0,0.0,9.0,0.0,147.8,2
0.0,0.0,1.0,0.0,0.0,9670.0,22.0,6.0,17.0,0.0,133.0,0.0,9.0,1.0,121.8,0
0.0,0.0,0.0,8.0,6.0,9238.0,33.0,5.0,39.0,0.0,133.1,1.0,9.0,1.0,139.0,0
3.0,11.666666666666666,1.0,7.0,11.0,9254.0,18.0,6.0,1.0,0.0,121.0,0.0,5.0,0.0,117.5,2
6.0,14.0,1.0,6.0,7.0,9070.0,18.0,6.0,1.0,1.0,125.0,0.0,9.0,0.0,118.0,1
7.0,13.68142857142857,1.0,8.0,8.0,9500.0,18.0,8.0,17.0,0.0,132.0,0.0,9.0,0.0,130.8,1
6.0,14.5,1.0,18.0,7.0,9147.0,23.0,6.0,43.0,0.0,133.1,0.0,2.0,0.0,128.2,0
4.0,12.25,1.0,11.0,8.0,9991.0,19.0,5.0,1.0,0.0,143.0,0.0,4.0,1.0,131.5,0
5.0,14.0,1.0,5.0,6.0,9991.0,27.0,5.0,7.0,0.0,120.0,0.0,3.0,0.0,120.0,1
2.0,13.0,0.0,12.0,8.0,9003.0,23.0,6.0,44.0,0.0,130.0,1.0,9.0,1.0,130.0,0
0.0,0.0,1.0,6.0,7.0,9773.0,20.0,6.0,1.0,0.0,127.0,0.0,9.0,0.0,120.7,0
4.0,11.0,1.0,10.0,10.0,9254.0,21.0,6.0,1.0,0.0,112.0,0.0,9.0,0.0,113.8,1
3.0,11.725,1.0,11.0,14.0,9500.0,48.0,7.0,39.0,0.0,133.1,0.0,-1.0,0.0,115.2,1
0.0,0.0,0.0,9.0,10.0,9085.0,28.0,4.0,7.0,0.0,130.0,0.0,1.0,0.0,130.0,0
0.0,0.0,0.0,17.0,8.0,9003.0,35.0,6.0,39.0,0.0,130.0,0.0,9.0,1.0,113.0,0
6.0,13.285714285714286,1.0,8.0,7.0,9670.0,18.0,6.0,1.0,1.0,142.0,0.0,4.0,0.0,128.0,2
5.0,13.2,0.0,16.0,12.0,9130.0,29.0,7.0,7.0,0.0,140.0,1.0,2.0,0.0,140.0,0
8.0,13.81375,1.0,8.0,8.0,9500.0,27.0,8.0,43.0,0.0,140.0,0.0,9.0,0.0,105.7,2
4.0,12.0,1.0,7.0,5.0,9670.0,19.0,5.0,1.0,0.0,121.0,0.0,2.0,1.0,122.4,1
8.0,13.65625,1.0,7.0,8.0,9500.0,18.0,8.0,17.0,1.0,135.0,0.0,7.0,0.0,128.0,2
12.0,13.875,1.0,21.0,18.0,9853.0,28.0,14.0,42.0,0.0,133.1,0.0,3.0,0.0,133.7,0
0.0,0.0,1.0,9.0,5.0,9147.0,18.0,5.0,17.0,0.0,139.0,1.0,6.0,1.0,143.6,1
6.0,12.833333333333334,1.0,7.0,7.0,9238.0,19.0,6.0,1.0,0.0,126.0,0.0,5.0,0.0,120.8,2
6.0,12.5,1.0,10.0,9.0,9991.0,41.0,7.0,44.0,0.0,140.0,0.0,9.0,0.0,140.0,1
0.0,0.0,1.0,0.0,0.0,171.0,18.0,0.0,1.0,0.0,131.0,0.0,4.0,0.0,132.8,1
6.0,12.833333333333334,1.0,8.0,6.0,9853.0,18.0,6.0,1.0,1.0,153.0,0.0,9.0,0.0,153.7,2
7.0,13.242857142857144,1.0,8.0,8.0,9500.0,18.0,8.0,1.0,1.0,131.0,0.0,9.0,0.0,118.0,1
0.0,0.0,0.0,8.0,10.0,9003.0,36.0,6.0,42.0,0.0,130.0,0.0,2.0,1.0,105.3,0
4.0,12.0,1.0,10.0,11.0,9238.0,18.0,6.0,17.0,0.0,124.0,0.0,5.0,0.0,117.7,2
2.0,12.0,1.0,11.0,13.0,9853.0,18.0,6.0,1.0,0.0,128.0,0.0,9.0,0.0,120.0,0
2.0,10.5,1.0,16.0,12.0,9119.0,20.0,5.0,44.0,0.0,150.0,0.0,5.0,1.0,150.0,1
11.0,11.636363636363637,1.0,15.0,15.0,9147.0,26.0,14.0,1.0,0.0,133.1,0.0,0.0,1.0,125.3,0
6.0,13.0,1.0,8.0,6.0,9254.0,18.0,6.0,17.0,1.0,142.0,0.0,5.0,0.0,141.7,2
5.0,11.8,1.0,11.0,10.0,9853.0,19.0,6.0,1.0,0.0,160.0,0.0,9.0,0.0,146.0,1
0.0,0.0,1.0,0.0,0.0,9991.0,20.0,5.0,17.0,0.0,140.0,0.0,6.0,0.0,127.3,0
4.0,11.0,1.0,14.0,9.0,9238.0,18.0,6.0,1.0,1.0,135.0,0.0,4.0,0.0,121.7,1
1.0,12.5,1.0,4.0,1.0,9556.0,43.0,1.0,7.0,0.0,170.0,0.0,2.0,1.0,167.224,0
6.0,13.285714285714286,1.0,6.0,8.0,9670.0,19.0,6.0,17.0,0.0,141.0,0.0,-1.0,0.0,128.8,1
9.0,10.333333333333334,1.0,16.0,19.0,9991.0,29.0,12.0,43.0,0.0,120.0,0.0,9.0,0.0,122.5,1
2.0,12.5,0.0,9.0,6.0,9238.0,20.0,6.0,17.0,0.0,140.0,1.0,4.0,1.0,124.6,0
0.0,0.0,1.0,19.0,6.0,9085.0,23.0,6.0,44.0,0.0,110.0,0.0,2.0,1.0,110.0,0
3.0,10.0,1.0,7.0,7.0,9147.0,20.0,5.0,51.0,0.0,130.0,0.0,9.0,1.0,115.7,1
6.0,12.571428571428571,1.0,10.0,11.0,9773.0,18.0,6.0,1.0,0.0,137.0,0.0,2.0,0.0,139.8,1
6.0,12.5,1.0,9.0,7.0,8014.0,33.0,6.0,39.0,1.0,100.0,1.0,1.0,0.0,130.0,2
4.0,13.25,0.0,12.0,14.0,9238.0,23.0,9.0,-1.0,0.0,130.0,1.0,5.0,0.0,128.3,0
7.0,14.285714285714286,0.0,15.0,13.0,9085.0,20.0,9.0,-1.0,1.0,140.0,0.0,4.0,0.0,142.8,2
8.0,14.4025,1.0,9.0,9.0,9500.0,18.0,8.0,1.0,0.0,137.0,1.0,9.0,0.0,130.8,2
3.0,10.333333333333334,1.0,13.0,12.0,9238.0,19.0,6.0,1.0,0.0,135.0,0.0,5.0,0.0,121.0,1
0.0,0.0,1.0,10.0,8.0,9085.0,20.0,6.0,1.0,1.0,123.0,0.0,4.0,1.0,116.7,0
0.0,0.0,1.0,8.0,5.0,9991.0,33.0,5.0,17.0,0.0,160.0,1.0,0.0,1.0,161.8,0
8.0,12.6125,1.0,7.0,8.0,9500.0,18.0,8.0,1.0,0.0,130.0,0.0,9.0,0.0,119.9,2
8.0,13.75,1.0,8.0,8.0,9500.0,20.0,8.0,43.0,0.0,170.0,0.0,-1.0,0.0,100.0,1
3.0,11.333333333333334,1.0,7.0,7.0,9991.0,37.0,5.0,39.0,0.0,130.0,0.0,9.0,1.0,127.8,1
0.0,0.0,1.0,6.0,6.0,9119.0,20.0,5.0,17.0,0.0,120.0,0.0,9.0,1.0,120.4,0
4.0,12.2,1.0,11.0,12.0,9085.0,23.0,6.0,44.0,0.0,150.0,0.0,-1.0,0.0,150.0,1
12.0,15.023529411764704,1.0,21.0,17.0,9500.0,23.0,14.0,42.0,0.0,168.0,0.0,9.0,0.0,133.4,2
3.0,12.333333333333334,1.0,8.0,7.0,9147.0,18.0,5.0,1.0,0.0,129.0,0.0,4.0,0.0,121.0,1
0.0,0.0,1.0,11.0,17.0,9500.0,28.0,7.0,39.0,0.0,133.1,0.0,9.0,1.0,100.0,0
6.0,13.15,1.0,9.0,12.0,9500.0,22.0,8.0,1.0,1.0,141.0,0.0,6.0,0.0,125.6,2
6.0,12.571428571428571,1.0,9.0,9.0,9500.0,18.0,7.0,17.0,0.0,140.0,0.0,5.0,0.0,128.5,1
6.0,14.75,1.0,8.0,8.0,9238.0,19.0,6.0,1.0,0.0,136.0,0.0,0.0,0.0,135.7,2
5.0,13.2,1.0,7.0,9.0,9670.0,19.0,6.0,17.0,0.0,123.0,1.0,3.0,1.0,122.0,1
3.0,11.0,1.0,7.0,10.0,9070.0,19.0,6.0,1.0,0.0,132.0,0.0,4.0,1.0,136.6,1
0.0,0.0,1.0,7.0,7.0,9085.0,23.0,6.0,44.0,0.0,130.0,0.0,9.0,0.0,130.0,0
0.0,0.0,0.0,0.0,0.0,9238.0,18.0,6.0,1.0,0.0,117.0,1.0,9.0,0.0,110.0,0
5.0,13.8,1.0,6.0,7.0,9119.0,20.0,5.0,1.0,1.0,126.0,0.0,7.0,1.0,116.6,2
0.0,0.0,1.0,0.0,0.0,9773.0,20.0,6.0,1.0,0.0,144.0,0.0,3.0,0.0,140.2,0
4.0,11.2,1.0,16.0,14.0,9003.0,25.0,6.0,44.0,0.0,140.0,0.0,1.0,1.0,140.0,0
8.0,11.0,1.0,9.0,16.0,9773.0,19.0,10.0,1.0,0.0,133.0,0.0,2.0,1.0,130.2,1
5.0,14.6,1.0,5.0,5.0,9991.0,34.0,5.0,39.0,0.0,150.0,0.0,4.0,1.0,146.0,1
5.0,13.6,1.0,9.0,10.0,9670.0,20.0,6.0,1.0,0.0,126.0,0.0,7.0,0.0,125.7,1
0.0,0.0,1.0,15.0,9.0,9085.0,21.0,6.0,1.0,0.0,133.1,0.0,4.0,1.0,105.0,1
4.0,13.75,1.0,9.0,9.0,8014.0,39.0,6.0,39.0,1.0,133.1,1.0,-1.0,0.0,131.5,2
2.0,10.666666666666666,0.0,10.0,13.0,9238.0,19.0,6.0,17.0,0.0,120.0,1.0,4.0,0.0,114.8,0
6.0,12.166666666666666,1.0,9.0,6.0,9254.0,18.0,6.0,1.0,1.0,136.0,0.0,9.0,0.0,123.4,2
5.0,11.142857142857142,1.0,9.0,8.0,9991.0,44.0,5.0,39.0,0.0,133.1,0.0,5.0,1.0,138.3,0
0.0,0.0,1.0,0.0,0.0,171.0,19.0,0.0,17.0,0.0,136.0,0.0,7.0,0.0,127.3,0
0.0,0.0,0.0,8.0,0.0,9773.0,18.0,6.0,-1.0,0.0,154.4,0.0,3.0,0.0,154.4,0
5.0,12.333333333333334,1.0,13.0,13.0,9085.0,21.0,6.0,44.0,0.0,130.0,0.0,2.0,0.0,130.0,1
5.0,13.2,1.0,8.0,6.0,9119.0,18.0,5.0,1.0,0.0,113.0,0.0,2.0,1.0,107.4,2
1.0,12.0,1.0,12.0,12.0,9254.0,18.0,6.0,17.0,0.0,118.0,0.0,5.0,1.0,111.7,0
2.0,10.5,1.0,10.0,10.0,9254.0,21.0,6.0,17.0,0.0,113.0,0.0,2.0,1.0,110.2,0
4.0,11.0,1.0,8.0,9.0,9670.0,19.0,6.0,1.0,0.0,119.0,0.0,4.0,0.0,115.5,1
7.0,12.728571428571428,1.0,9.0,9.0,9500.0,18.0,8.0,17.0,0.0,137.0,0.0,5.0,0.0,131.1,1
0.0,0.0,1.0,0.0,0.0,171.0,18.0,0.0,1.0,0.0,139.0,0.0,9.0,0.0,124.0,2
7.0,12.9125,1.0,7.0,10.0,9500.0,18.0,8.0,43.0,0.0,141.0,0.0,4.0,1.0,100.0,2
5.0,11.25,1.0,9.0,13.0,9147.0,33.0,7.0,7.0,0.0,120.0,0.0,9.0,0.0,120.0,1
6.0,11.0,1.0,12.0,9.0,9238.0,19.0,6.0,1.0,0.0,124.0,0.0,4.0,1.0,118.8,2
6.0,13.666666666666666,1.0,6.0,6.0,9773.0,19.0,6.0,1.0,0.0,121.0,0.0,9.0,1.0,113.0,2
4.0,13.5,1.0,11.0,11.0,9853.0,18.0,6.0,17.0,0.0,133.1,0.0,5.0,0.0,111.5,0
2.0,12.0,1.0,16.0,11.0,9147.0,18.0,5.0,17.0,0.0,125.0,0.0,2.0,0.0,118.7,1
0.0,0.0,1.0,0.0,0.0,9500.0,19.0,8.0,18.0,0.0,137.0,0.0,1.0,0.0,129.3,0
6.0,13.0,1.0,6.0,8.0,9238.0,31.0,6.0,39.0,0.0,133.1,0.0,4.0,0.0,130.0,1
0.0,0.0,1.0,9.0,9.0,9130.0,25.0,5.0,7.0,0.0,140.0,0.0,0.0,0.0,140.0,0
2.0,10.0,0.0,10.0,11.0,9773.0,19.0,6.0,43.0,0.0,127.0,1.0,9.0,1.0,110.0,0
5.0,12.4,1.0,16.0,7.0,9670.0,18.0,6.0,43.0,0.0,142.0,0.0,-1.0,1.0,138.5,1
8.0,14.6,1.0,7.0,9.0,9500.0,18.0,8.0,18.0,0.0,136.0,0.0,3.0,0.0,130.8,2
7.0,13.0,1.0,11.0,7.0,9500.0,20.0,7.0,43.0,0.0,130.0,0.0,9.0,0.0,100.0,1
0.0,0.0,1.0,14.0,6.0,9853.0,29.0,6.0,39.0,0.0,133.1,0.0,9.0,0.0,116.0,0
7.0,14.805714285714286,1.0,8.0,8.0,9500.0,25.0,8.0,7.0,0.0,140.0,0.0,4.0,0.0,140.0,2
7.0,14.1,1.0,8.0,8.0,9500.0,19.0,8.0,1.0,0.0,141.0,0.0,4.0,0.0,136.3,2
0.0,0.0,0.0,9.0,11.0,9991.0,45.0,5.0,39.0,0.0,133.1,1.0,9.0,1.0,132.8,0
8.0,13.3675,1.0,8.0,8.0,9500.0,25.0,8.0,39.0,1.0,133.1,0.0,9.0,0.0,120.0,2
6.0,13.0,1.0,6.0,7.0,9773.0,18.0,6.0,1.0,0.0,135.0,0.0,3.0,0.0,130.1,2
8.0,11.95625,1.0,10.0,10.0,9556.0,20.0,8.0,1.0,1.0,118.0,0.0,9.0,0.0,116.3,2
3.0,11.666666666666666,1.0,18.0,17.0,9003.0,20.0,6.0,44.0,1.0,150.0,0.0,4.0,1.0,150.0,1
12.0,14.25,1.0,14.0,12.0,9070.0,21.0,12.0,7.0,0.0,120.0,0.0,3.0,0.0,120.0,2
0.0,0.0,1.0,0.0,0.0,9991.0,27.0,5.0,39.0,0.0,133.1,0.0,9.0,1.0,154.4,0
3.0,12.0,1.0,7.0,8.0,9119.0,19.0,5.0,1.0,0.0,126.0,0.0,5.0,1.0,130.2,1
2.0,11.5,1.0,8.0,9.0,9147.0,31.0,5.0,39.0,0.0,140.0,0.0,9.0,0.0,127.7,0
8.0,14.3775,1.0,9.0,9.0,9500.0,18.0,8.0,17.0,0.0,145.0,0.0,4.0,0.0,136.8,2
0.0,0.0,1.0,9.0,0.0,9556.0,29.0,7.0,39.0,0.0,100.0,0.0,9.0,0.0,120.0,0
0.0,0.0,1.0,12.0,5.0,9147.0,25.0,5.0,51.0,0.0,135.0,0.0,4.0,0.0,118.5,0
6.0,13.166666666666666,0.0,8.0,6.0,9254.0,20.0,6.0,17.0,0.0,125.0,1.0,9.0,0.0,122.6,0
4.0,13.4,0.0,11.0,9.0,9670.0,21.0,6.0,17.0,0.0,115.0,1.0,-1.0,1.0,109.1,1
0.0,0.0,1.0,6.0,6.0,9003.0,30.0,6.0,39.0,1.0,133.1,1.0,3.0,0.0,130.0,1
0.0,0.0,1.0,0.0,0.0,171.0,21.0,0.0,1.0,0.0,110.0,0.0,3.0,1.0,117.0,2
0.0,0.0,1.0,0.0,0.0,9773.0,19.0,6.0,1.0,0.0,121.0,0.0,9.0,1.0,122.8,0
6.0,14.375,1.0,6.0,8.0,8014.0,19.0,6.0,18.0,0.0,138.0,0.0,9.0,0.0,134.5,2
1.0,10.0,1.0,10.0,12.0,9670.0,19.0,6.0,1.0,0.0,136.0,0.0,-1.0,1.0,129.7,1
0.0,0.0,1.0,10.0,6.0,9003.0,44.0,6.0,39.0,0.0,133.1,0.0,9.0,0.0,130.0,0
6.0,11.833333333333334,1.0,10.0,9.0,9238.0,20.0,6.0,1.0,0.0,125.0,0.0,9.0,0.0,123.6,2
6.0,13.333333333333334,1.0,11.0,9.0,9853.0,18.0,7.0,17.0,0.0,114.0,0.0,4.0,0.0,108.8,1
2.0,12.5,1.0,9.0,10.0,9147.0,20.0,5.0,1.0,0.0,116.0,0.0,5.0,1.0,124.8,1
0.0,0.0,1.0,0.0,0.0,171.0,18.0,0.0,17.0,0.0,137.0,0.0,4.0,0.0,143.3,1
4.0,11.25,1.0,6.0,8.0,9254.0,27.0,6.0,1.0,0.0,133.1,0.0,1.0,1.0,98.6,1
5.0,14.2,1.0,7.0,5.0,9130.0,18.0,5.0,1.0,0.0,160.0,0.0,1.0,1.0,149.2,2
0.0,0.0,1.0,0.0,0.0,171.0,18.0,0.0,-1.0,1.0,158.0,0.0,9.0,1.0,164.3,1
0.0,0.0,0.0,5.0,5.0,9991.0,33.0,5.0,7.0,0.0,140.0,0.0,-1.0,1.0,140.0,0
4.0,13.5,1.0,11.0,11.0,9853.0,18.0,6.0,17.0,0.0,133.1,0.0,5.0,0.0,111.5,0
5.0,12.0,1.0,7.0,5.0,9085.0,18.0,5.0,1.0,1.0,149.0,0.0,5.0,0.0,137.1,2
4.0,11.75,1.0,10.0,19.0,9085.0,19.0,6.0,44.0,0.0,140.0,0.0,2.0,0.0,140.0,1
9.0,13.0,1.0,21.0,13.0,9238.0,21.0,11.0,42.0,0.0,133.1,0.0,4.0,0.0,134.0,2
4.0,14.0,1.0,7.0,6.0,9670.0,19.0,6.0,-1.0,0.0,135.0,0.0,4.0,0.0,140.3,1
5.0,11.0,1.0,10.0,10.0,9500.0,29.0,8.0,42.0,0.0,133.1,0.0,5.0,1.0,126.0,0
0.0,0.0,1.0,10.0,5.0,9670.0,19.0,5.0,17.0,0.0,109.0,0.0,4.0,1.0,108.0,1
7.0,12.62857142857143,1.0,12.0,12.0,9500.0,18.0,8.0,1.0,1.0,147.0,0.0,9.0,0.0,134.3,2
6.0,13.5,1.0,6.0,6.0,9070.0,19.0,6.0,1.0,1.0,130.0,0.0,9.0,0.0,125.5,2
5.0,13.666666666666666,1.0,7.0,6.0,9991.0,30.0,5.0,39.0,0.0,110.0,0.0,7.0,0.0,133.9,0
0.0,0.0,1.0,7.0,8.0,9991.0,26.0,5.0,39.0,1.0,133.1,0.0,9.0,0.0,126.3,0
12.0,13.0,1.0,18.0,18.0,9070.0,50.0,14.0,-1.0,0.0,130.0,0.0,0.0,0.0,130.0,0
5.0,13.125,0.0,7.0,10.0,9670.0,19.0,6.0,17.0,0.0,126.0,0.0,4.0,0.0,115.2,0
0.0,0.0,1.0,12.0,12.0,9254.0,20.0,6.0,1.0,1.0,133.0,0.0,0.0,0.0,121.5,0
2.0,12.0,1.0,5.0,7.0,9147.0,26.0,5.0,42.0,0.0,130.0,0.0,9.0,0.0,130.0,1
4.0,11.142857142857142,1.0,6.0,11.0,9670.0,22.0,6.0,43.0,0.0,130.0,0.0,4.0,1.0,127.6,0
0.0,0.0,0.0,0.0,6.0,9130.0,22.0,4.0,43.0,0.0,120.0,0.0,3.0,1.0,120.0,0
10.0,12.8,1.0,12.0,10.0,9991.0,32.0,10.0,43.0,1.0,120.0,0.0,9.0,1.0,141.0,2
8.0,12.91111111111111,1.0,9.0,9.0,9500.0,19.0,8.0,1.0,1.0,128.0,0.0,4.0,0.0,117.9,2
0.0,0.0,1.0,10.0,6.0,9085.0,24.0,6.0,39.0,0.0,133.1,0.0,9.0,0.0,162.3,0
7.0,14.06,1.0,8.0,8.0,9500.0,19.0,8.0,1.0,1.0,145.0,0.0,9.0,0.0,132.3,1
0.0,0.0,1.0,0.0,0.0,9119.0,19.0,5.0,17.0,0.0,116.0,0.0,9.0,1.0,112.2,0
3.0,12.0,1.0,8.0,11.0,9147.0,20.0,5.0,17.0,0.0,130.0,0.0,7.0,1.0,117.8,1
2.0,13.0,0.0,12.0,8.0,9003.0,23.0,6.0,44.0,0.0,130.0,1.0,9.0,1.0,130.0,0
4.0,10.833333333333334,1.0,11.0,10.0,9991.0,31.0,5.0,39.0,1.0,130.0,0.0,9.0,0.0,148.0,1
6.0,13.333333333333334,1.0,11.0,9.0,9853.0,18.0,7.0,17.0,0.0,114.0,0.0,4.0,0.0,108.8,1
11.0,13.0,1.0,21.0,16.0,9238.0,36.0,11.0,7.0,0.0,140.0,0.0,9.0,0.0,140.0,2
0.0,0.0,0.0,7.0,12.0,9773.0,50.0,5.0,39.0,0.0,100.0,1.0,0.0,1.0,163.5,0
0.0,0.0,0.0,8.0,6.0,9238.0,27.0,5.0,7.0,0.0,130.0,1.0,4.0,0.0,125.1,0
6.0,10.666666666666666,1.0,21.0,18.0,9147.0,49.0,9.0,43.0,0.0,123.0,0.0,9.0,0.0,106.2,2
0.0,0.0,1.0,0.0,0.0,9147.0,25.0,5.0,7.0,0.0,130.0,0.0,9.0,0.0,130.0,0
9.0,11.444444444444445,1.0,20.0,15.0,9003.0,21.0,12.0,-1.0,0.0,130.0,1.0,9.0,1.0,130.0,1
3.0,13.0,1.0,7.0,9.0,9085.0,20.0,6.0,44.0,0.0,140.0,0.0,3.0,0.0,140.0,1
5.0,12.6,1.0,6.0,6.0,9147.0,18.0,5.0,1.0,0.0,133.0,0.0,9.0,0.0,125.0,2
5.0,12.2,1.0,7.0,7.0,9853.0,18.0,6.0,1.0,0.0,134.0,0.0,5.0,0.0,127.4,1
1.0,10.0,1.0,10.0,7.0,9119.0,19.0,5.0,51.0,0.0,129.0,0.0,2.0,1.0,121.6,1
6.0,12.666666666666666,1.0,6.0,6.0,9070.0,20.0,6.0,17.0,0.0,119.0,0.0,9.0,0.0,124.6,2
0.0,0.0,1.0,6.0,5.0,9670.0,25.0,5.0,39.0,0.0,150.0,0.0,0.0,0.0,108.0,0
5.0,10.8,1.0,6.0,7.0,9773.0,19.0,6.0,1.0,0.0,132.0,0.0,9.0,0.0,124.3,1
3.0,12.0,1.0,11.0,9.0,9130.0,18.0,5.0,43.0,0.0,127.0,1.0,4.0,0.0,120.7,1
0.0,0.0,1.0,0.0,0.0,171.0,18.0,0.0,1.0,0.0,170.0,0.0,2.0,0.0,167.224,0
0.0,0.0,1.0,5.0,5.0,9085.0,25.0,5.0,39.0,0.0,133.1,0.0,0.0,0.0,128.2,0
0.0,0.0,1.0,0.0,0.0,171.0,19.0,0.0,1.0,0.0,133.1,0.0,2.0,0.0,141.0,2
0.0,0.0,0.0,15.0,10.0,9003.0,31.0,6.0,39.0,0.0,110.0,1.0,9.0,1.0,120.0,0
6.0,13.714285714285714,1.0,7.0,10.0,9085.0,18.0,6.0,1.0,1.0,141.0,0.0,9.0,0.0,128.9,2
0.0,0.0,1.0,0.0,0.0,171.0,18.0,0.0,1.0,0.0,161.0,0.0,9.0,1.0,144.2,2
0.0,0.0,1.0,14.0,15.0,9500.0,20.0,7.0,1.0,1.0,119.0,0.0,4.0,1.0,115.0,0
4.0,11.5,1.0,9.0,12.0,8014.0,49.0,6.0,39.0,0.0,120.0,0.0,9.0,0.0,106.8,1
8.0,15.3125,1.0,8.0,8.0,9556.0,18.0,8.0,1.0,0.0,125.0,0.0,9.0,0.0,116.3,2
2.0,13.0,1.0,13.0,10.0,-1.0,25.0,8.0,43.0,0.0,143.0,0.0,9.0,1.0,121.2,1
7.0,13.542857142857144,1.0,9.0,8.0,9500.0,19.0,8.0,1.0,1.0,128.0,0.0,5.0,0.0,118.6,2
5.0,12.333333333333334,1.0,13.0,13.0,9085.0,21.0,6.0,44.0,0.0,130.0,0.0,2.0,0.0,130.0,1
3.0,11.666666666666666,1.0,10.0,14.0,8014.0,26.0,6.0,39.0,1.0,100.0,0.0,5.0,0.0,111.0,1
0.0,0.0,0.0,0.0,0.0,9238.0,18.0,6.0,1.0,0.0,117.0,1.0,9.0,0.0,110.0,0
3.0,11.333333333333334,1.0,14.0,7.0,9991.0,37.0,5.0,39.0,0.0,120.0,0.0,9.0,0.0,110.0,1
4.0,12.8,1.0,11.0,10.0,9991.0,30.0,5.0,39.0,0.0,150.0,0.0,9.0,0.0,146.2,1
3.0,10.0,1.0,10.0,8.0,9147.0,20.0,5.0,17.0,0.0,118.0,1.0,9.0,0.0,113.5,1
5.0,10.8,1.0,9.0,8.0,9238.0,18.0,6.0,1.0,0.0,143.0,0.0,9.0,0.0,133.6,2
5.0,11.8,0.0,8.0,8.0,9147.0,35.0,5.0,39.0,0.0,133.1,0.0,9.0,0.0,140.0,0
6.0,12.571428571428571,1.0,10.0,11.0,9773.0,18.0,6.0,1.0,0.0,137.0,0.0,2.0,0.0,139.8,1
0.0,0.0,1.0,0.0,0.0,171.0,22.0,0.0,17.0,0.0,125.0,0.0,2.0,1.0,117.0,1
4.0,11.575,0.0,11.0,7.0,9500.0,20.0,7.0,1.0,0.0,133.1,0.0,3.0,1.0,115.0,0
5.0,13.8,1.0,9.0,6.0,9070.0,20.0,6.0,1.0,1.0,129.0,0.0,4.0,1.0,132.9,1
0.0,0.0,0.0,0.0,0.0,9147.0,24.0,5.0,39.0,0.0,170.0,1.0,4.0,0.0,140.5,0
0.0,0.0,1.0,5.0,5.0,9119.0,18.0,5.0,1.0,0.0,140.0,0.0,9.0,1.0,125.7,1
4.0,11.25,1.0,12.0,10.0,9147.0,20.0,5.0,1.0,0.0,113.0,0.0,9.0,1.0,107.4,1
9.0,10.333333333333334,1.0,16.0,19.0,9991.0,29.0,12.0,43.0,0.0,120.0,0.0,9.0,0.0,122.5,1
1.0,14.0,1.0,8.0,5.0,9147.0,24.0,5.0,39.0,0.0,143.0,0.0,4.0,1.0,100.0,0
3.0,12.666666666666666,1.0,15.0,9.0,9254.0,19.0,6.0,17.0,1.0,140.0,0.0,2.0,0.0,129.9,2
5.0,12.4,1.0,10.0,8.0,9853.0,22.0,6.0,17.0,0.0,134.0,0.0,4.0,0.0,122.5,1
4.0,11.0,0.0,18.0,19.0,9003.0,30.0,8.0,44.0,0.0,160.0,0.0,9.0,1.0,160.0,0
4.0,11.25,1.0,5.0,9.0,9991.0,32.0,5.0,43.0,0.0,134.0,0.0,9.0,0.0,113.7,1
0.0,0.0,1.0,5.0,5.0,9130.0,29.0,5.0,39.0,0.0,133.1,0.0,0.0,1.0,107.5,0
0.0,0.0,0.0,0.0,0.0,9853.0,30.0,6.0,39.0,0.0,140.0,0.0,9.0,0.0,128.2,0
0.0,0.0,0.0,5.0,9.0,9147.0,32.0,5.0,39.0,0.0,133.1,0.0,4.0,1.0,116.3,0
5.0,14.2,1.0,6.0,8.0,9773.0,18.0,6.0,1.0,0.0,137.0,0.0,0.0,0.0,134.2,0
8.0,16.0,1.0,7.0,8.0,9500.0,18.0,8.0,1.0,0.0,143.0,0.0,5.0,0.0,133.9,2
1.0,12.0,1.0,15.0,9.0,9003.0,19.0,6.0,44.0,0.0,140.0,0.0,9.0,1.0,140.0,0
4.0,13.25,1.0,17.0,8.0,9670.0,19.0,6.0,43.0,0.0,132.0,0.0,4.0,1.0,120.5,1
0.0,0.0,0.0,0.0,0.0,9003.0,35.0,6.0,39.0,0.0,133.1,0.0,4.0,0.0,107.5,0
0.0,0.0,0.0,7.0,12.0,9773.0,50.0,5.0,39.0,0.0,100.0,1.0,0.0,1.0,163.5,0
9.0,11.444444444444445,1.0,20.0,15.0,9003.0,21.0,12.0,-1.0,0.0,130.0,1.0,9.0,1.0,130.0,1
1.0,13.0,1.0,13.0,12.0,9130.0,21.0,6.0,44.0,1.0,130.0,1.0,9.0,0.0,130.0,0
3.0,11.666666666666666,1.0,10.0,11.0,9254.0,20.0,6.0,43.0,0.0,138.6,0.0,0.0,1.0,138.6,0
10.0,11.4,1.0,10.0,11.0,9070.0,21.0,11.0,51.0,0.0,143.0,0.0,4.0,0.0,120.0,0
5.0,11.2,1.0,10.0,7.0,9853.0,19.0,6.0,17.0,0.0,131.0,0.0,4.0,0.0,121.9,2
11.0,13.0,1.0,12.0,16.0,171.0,21.0,11.0,51.0,0.0,128.0,0.0,3.0,1.0,131.2,2
0.0,0.0,1.0,1.0,0.0,9003.0,47.0,6.0,39.0,0.0,170.0,1.0,6.0,0.0,167.224,1
0.0,0.0,1.0,0.0,0.0,171.0,18.0,0.0,-1.0,1.0,158.0,0.0,9.0,1.0,164.3,1
8.0,13.75,1.0,8.0,8.0,9500.0,24.0,8.0,17.0,0.0,150.0,0.0,-1.0,1.0,130.8,2
6.0,13.25,1.0,7.0,8.0,9773.0,18.0,6.0,1.0,0.0,156.0,0.0,-1.0,0.0,155.0,2
0.0,0.0,1.0,0.0,0.0,171.0,25.0,0.0,39.0,1.0,133.1,0.0,2.0,1.0,110.0,0
3.0,10.666666666666666,1.0,12.0,10.0,9500.0,18.0,7.0,43.0,0.0,120.0,0.0,2.0,1.0,120.6,0
0.0,0.0,1.0,0.0,0.0,9500.0,41.0,8.0,39.0,0.0,110.0,0.0,9.0,0.0,114.3,0
5.0,11.0,1.0,8.0,8.0,9853.0,19.0,6.0,18.0,0.0,123.0,0.0,4.0,0.0,123.7,1
8.0,14.935,1.0,8.0,8.0,9500.0,18.0,8.0,17.0,0.0,141.0,0.0,7.0,0.0,139.8,2
7.0,14.285714285714286,1.0,7.0,7.0,9853.0,19.0,7.0,1.0,0.0,122.0,0.0,5.0,0.0,113.6,2
1.0,16.0,1.0,8.0,8.0,9147.0,19.0,5.0,1.0,0.0,128.0,0.0,2.0,1.0,116.5,0
0.0,0.0,1.0,12.0,0.0,8014.0,31.0,6.0,39.0,0.0,133.1,0.0,0.0,0.0,118.5,0
0.0,0.0,1.0,10.0,8.0,9085.0,20.0,6.0,1.0,1.0,123.0,0.0,4.0,1.0,116.7,0
6.0,12.166666666666666,1.0,6.0,6.0,9070.0,20.0,6.0,1.0,0.0,124.0,0.0,9.0,0.0,113.9,2
2.0,13.5,0.0,9.0,8.0,9147.0,18.0,5.0,1.0,0.0,143.0,0.0,4.0,1.0,138.8,1
4.0,11.75,1.0,12.0,11.0,9147.0,19.0,5.0,17.0,1.0,127.0,0.0,4.0,0.0,124.6,1
6.0,13.066666666666668,1.0,10.0,10.0,9500.0,19.0,8.0,1.0,0.0,139.0,0.0,4.0,0.0,128.5,0
2.0,13.5,1.0,9.0,13.0,9147.0,19.0,5.0,1.0,0.0,128.0,0.0,9.0,1.0,120.3,1
3.0,11.0,1.0,6.0,9.0,9853.0,33.0,6.0,43.0,0.0,133.1,0.0,90.0,0.0,100.0,0
5.0,14.2,1.0,7.0,5.0,9085.0,20.0,5.0,17.0,0.0,128.0,0.0,-1.0,1.0,117.2,2
4.0,11.75,1.0,13.0,8.0,9085.0,19.0,5.0,17.0,0.0,123.0,0.0,4.0,0.0,113.6,1
2.0,11.0,1.0,11.0,13.0,9853.0,45.0,6.0,39.0,0.0,133.1,0.0,3.0,0.0,100.0,0
0.0,0.0,1.0,0.0,0.0,171.0,26.0,0.0,39.0,0.0,140.0,0.0,9.0,0.0,100.8,0
7.0,12.757142857142856,1.0,8.0,10.0,9500.0,18.0,8.0,17.0,0.0,130.0,0.0,9.0,0.0,128.8,1
4.0,11.25,1.0,13.0,8.0,9070.0,20.0,7.0,42.0,0.0,120.0,0.0,3.0,1.0,116.9,0
5.0,10.84,1.0,11.0,9.0,9500.0,35.0,7.0,39.0,0.0,130.0,0.0,-1.0,0.0,163.7,1
2.0,11.0,0.0,3.0,2.0,9085.0,41.0,2.0,39.0,0.0,120.0,0.0,1.0,1.0,137.7,0
0.0,0.0,1.0,0.0,0.0,171.0,22.0,0.0,1.0,0.0,133.1,0.0,5.0,1.0,136.0,0
0.0,0.0,1.0,9.0,9.0,9147.0,28.0,5.0,43.0,0.0,151.0,0.0,1.0,1.0,111.0,0
4.0,12.0,1.0,12.0,12.0,9003.0,21.0,6.0,44.0,0.0,140.0,0.0,9.0,0.0,140.0,0
7.0,12.814285714285717,1.0,10.0,7.0,9556.0,19.0,7.0,17.0,0.0,133.0,0.0,4.0,0.0,119.0,1
0.0,0.0,0.0,10.0,12.0,9238.0,32.0,6.0,39.0,0.0,133.1,0.0,0.0,1.0,120.5,0
4.0,13.25,1.0,5.0,9.0,9147.0,18.0,5.0,43.0,0.0,131.0,0.0,2.0,0.0,126.1,1
0.0,0.0,1.0,7.0,7.0,9556.0,25.0,7.0,39.0,1.0,130.0,0.0,4.0,1.0,100.0,0
3.0,12.666666666666666,1.0,6.0,10.0,9773.0,19.0,6.0,1.0,0.0,150.0,0.0,0.0,1.0,131.1,2
3.0,11.4,1.0,13.0,14.0,9556.0,36.0,7.0,39.0,0.0,133.1,0.0,2.0,0.0,115.5,0
0.0,0.0,1.0,7.0,5.0,9119.0,20.0,5.0,1.0,0.0,140.0,1.0,9.0,1.0,166.0,1
8.0,12.36111111111111,1.0,8.0,11.0,9500.0,19.0,8.0,1.0,0.0,133.0,1.0,9.0,1.0,119.7,2
4.0,14.75,1.0,10.0,6.0,9003.0,50.0,6.0,39.0,0.0,133.1,0.0,9.0,0.0,100.0,2
3.0,11.333333333333334,1.0,9.0,12.0,9254.0,18.0,6.0,17.0,0.0,150.0,1.0,9.0,0.0,142.7,0
5.0,11.2,1.0,6.0,18.0,9991.0,40.0,8.0,43.0,0.0,100.0,0.0,9.0,1.0,130.0,0
0.0,0.0,1.0,11.0,0.0,9238.0,19.0,6.0,17.0,0.0,143.0,0.0,4.0,0.0,128.0,0
5.0,11.666666666666666,1.0,10.0,8.0,9254.0,19.0,6.0,17.0,0.0,123.0,1.0,5.0,0.0,113.2,0
5.0,11.4,1.0,8.0,7.0,9991.0,38.0,5.0,1.0,1.0,140.0,0.0,9.0,0.0,139.0,1
2.0,11.333333333333334,1.0,13.0,12.0,9238.0,21.0,6.0,43.0,0.0,125.0,0.0,4.0,0.0,117.0,0
5.0,12.4,1.0,6.0,8.0,9773.0,19.0,6.0,1.0,0.0,110.0,0.0,5.0,0.0,105.5,2
3.0,13.333333333333334,1.0,5.0,9.0,9147.0,22.0,5.0,43.0,0.0,130.0,0.0,9.0,1.0,130.8,1
5.0,11.8,1.0,7.0,8.0,9254.0,20.0,6.0,1.0,1.0,138.0,0.0,9.0,0.0,126.5,2
6.0,12.166666666666666,1.0,6.0,7.0,9070.0,20.0,6.0,1.0,1.0,122.0,0.0,9.0,1.0,125.9,2
0.0,0.0,0.0,1.0,0.0,9254.0,22.0,6.0,17.0,0.0,127.0,0.0,4.0,1.0,126.7,0
0.0,0.0,1.0,0.0,0.0,171.0,18.0,0.0,1.0,0.0,170.0,0.0,3.0,0.0,157.9,2
8.0,12.28125,1.0,11.0,12.0,9500.0,18.0,8.0,17.0,0.0,125.0,0.0,5.0,0.0,114.5,2
3.0,11.0,1.0,9.0,9.0,9991.0,26.0,5.0,39.0,0.0,133.1,0.0,7.0,0.0,125.7,0
2.0,10.5,1.0,8.0,8.0,9119.0,34.0,5.0,42.0,0.0,120.0,0.0,6.0,1.0,128.2,0
3.0,12.333333333333334,1.0,12.0,14.0,9500.0,36.0,7.0,39.0,0.0,133.1,0.0,9.0,0.0,110.0,0
0.0,0.0,1.0,0.0,0.0,9085.0,21.0,6.0,44.0,0.0,150.0,0.0,6.0,0.0,150.0,0
2.0,10.0,1.0,15.0,12.0,9003.0,22.0,6.0,44.0,0.0,120.0,0.0,9.0,1.0,120.0,0
2.0,11.0,1.0,11.0,15.0,9853.0,23.0,6.0,17.0,0.0,147.0,0.0,9.0,0.0,142.8,0
2.0,11.0,1.0,9.0,10.0,9147.0,20.0,5.0,1.0,0.0,117.0,0.0,9.0,0.0,120.2,1
0.0,0.0,1.0,10.0,14.0,9130.0,29.0,5.0,1.0,0.0,132.0,1.0,0.0,0.0,119.1,0
0.0,0.0,1.0,11.0,10.0,9773.0,19.0,5.0,1.0,0.0,133.0,0.0,5.0,0.0,133.7,0
7.0,12.833333333333334,1.0,11.0,13.0,9500.0,18.0,8.0,1.0,0.0,130.0,0.0,5.0,0.0,125.1,2
6.0,11.428571428571429,0.0,8.0,14.0,9003.0,32.0,10.0,39.0,0.0,133.1,1.0,4.0,1.0,130.0,0
3.0,12.0,1.0,18.0,11.0,-1.0,35.0,9.0,43.0,0.0,133.1,1.0,4.0,1.0,140.0,0
5.0,13.2,1.0,7.0,9.0,9670.0,19.0,6.0,17.0,0.0,123.0,1.0,3.0,1.0,122.0,1
5.0,11.285714285714286,1.0,9.0,11.0,9119.0,18.0,5.0,17.0,0.0,138.0,1.0,5.0,1.0,123.3,1
5.0,12.2,1.0,10.0,14.0,9085.0,21.0,9.0,-1.0,0.0,140.0,1.0,4.0,0.0,140.0,1
0.0,0.0,1.0,0.0,0.0,171.0,21.0,0.0,1.0,0.0,120.0,0.0,4.0,0.0,119.7,0
5.0,11.7,1.0,11.0,19.0,9556.0,25.0,8.0,39.0,0.0,130.0,0.0,9.0,0.0,159.0,1
4.0,11.25,1.0,6.0,8.0,9254.0,27.0,6.0,1.0,0.0,133.1,0.0,1.0,1.0,98.6,1
2.0,13.5,1.0,9.0,13.0,9147.0,19.0,5.0,1.0,0.0,128.0,0.0,9.0,1.0,120.3,1
3.0,11.0,1.0,12.0,14.0,9773.0,19.0,6.0,17.0,0.0,125.0,0.0,2.0,1.0,118.0,0
4.0,10.868,1.0,12.0,13.0,9500.0,18.0,8.0,1.0,1.0,134.0,0.0,-1.0,1.0,120.5,2
4.0,12.0,1.0,13.0,9.0,9238.0,20.0,6.0,1.0,0.0,107.0,0.0,7.0,0.0,103.5,1
4.0,10.75,1.0,7.0,9.0,9147.0,20.0,5.0,17.0,0.0,125.0,0.0,7.0,0.0,125.7,1
0.0,0.0,1.0,15.0,9.0,9085.0,21.0,6.0,1.0,0.0,133.1,0.0,4.0,1.0,105.0,1
4.0,10.5,1.0,7.0,6.0,9147.0,19.0,5.0,17.0,0.0,112.0,0.0,3.0,1.0,106.4,2
0.0,0.0,1.0,10.0,7.0,9119.0,18.0,5.0,17.0,0.0,130.0,0.0,4.0,1.0,123.0,0
3.0,14.75,1.0,11.0,10.0,9254.0,27.0,6.0,39.0,0.0,133.1,0.0,9.0,1.0,100.0,0
6.0,12.833333333333334,1.0,6.0,7.0,9773.0,18.0,6.0,1.0,0.0,130.0,0.0,9.0,0.0,123.0,2
5.0,12.4,1.0,7.0,6.0,9070.0,19.0,6.0,1.0,0.0,125.0,0.0,9.0,0.0,125.4,1
6.0,12.0,1.0,10.0,12.0,9085.0,18.0,6.0,-1.0,0.0,163.3,0.0,4.0,0.0,163.3,2
1.0,12.0,1.0,11.0,12.0,9085.0,24.0,6.0,39.0,0.0,150.0,0.0,4.0,0.0,100.0,0
4.0,10.25,1.0,7.0,7.0,9085.0,19.0,5.0,1.0,0.0,146.0,0.0,9.0,0.0,126.0,1
5.0,11.6,1.0,7.0,5.0,9670.0,19.0,5.0,1.0,0.0,135.0,0.0,7.0,1.0,121.4,2
7.0,11.971428571428572,1.0,8.0,8.0,9500.0,24.0,8.0,43.0,1.0,121.0,0.0,5.0,0.0,115.4,1
6.0,11.666666666666666,1.0,8.0,10.0,9773.0,47.0,6.0,39.0,0.0,100.0,0.0,9.0,1.0,133.0,0
5.0,12.4,1.0,7.0,6.0,9070.0,19.0,6.0,1.0,0.0,125.0,0.0,9.0,0.0,125.4,1
3.0,12.333333333333334,1.0,17.0,14.0,9773.0,22.0,6.0,43.0,0.0,128.0,0.0,9.0,1.0,124.2,1
6.0,11.0,1.0,19.0,17.0,9003.0,28.0,10.0,39.0,0.0,130.0,0.0,9.0,1.0,120.0,1
3.0,12.0,1.0,8.0,11.0,9147.0,20.0,5.0,17.0,0.0,130.0,0.0,7.0,1.0,117.8,1
5.0,11.666666666666666,1.0,6.0,9.0,9991.0,39.0,5.0,39.0,0.0,133.1,0.0,6.0,0.0,136.2,2
0.0,0.0,1.0,4.0,8.0,9003.0,29.0,4.0,39.0,0.0,133.1,0.0,9.0,1.0,130.0,0
0.0,0.0,1.0,5.0,5.0,9130.0,29.0,5.0,39.0,0.0,133.1,0.0,0.0,1.0,107.5,0
4.0,10.5,1.0,13.0,15.0,9003.0,21.0,6.0,44.0,0.0,140.0,0.0,9.0,1.0,140.0,1
6.0,12.166666666666666,1.0,8.0,7.0,8014.0,32.0,6.0,39.0,0.0,133.1,0.0,4.0,0.0,112.5,2
0.0,0.0,1.0,18.0,7.0,9500.0,36.0,7.0,39.0,0.0,120.0,0.0,9.0,1.0,108.5,0
8.0,12.32,1.0,8.0,8.0,9500.0,18.0,8.0,1.0,1.0,141.0,0.0,4.0,0.0,125.0,2
8.0,13.88125,1.0,8.0,8.0,9500.0,18.0,8.0,1.0,1.0,140.0,0.0,2.0,0.0,131.0,2
7.0,11.571428571428571,1.0,13.0,8.0,8014.0,37.0,7.0,39.0,0.0,133.1,0.0,7.0,1.0,143.0,2
4.0,12.0,1.0,10.0,9.0,9991.0,25.0,5.0,39.0,0.0,140.0,1.0,9.0,0.0,130.0,1
7.0,14.06,1.0,8.0,8.0,9500.0,19.0,8.0,1.0,1.0,145.0,0.0,9.0,0.0,132.3,1
5.0,11.285714285714286,1.0,10.0,11.0,9991.0,24.0,5.0,43.0,0.0,150.0,0.0,4.0,1.0,100.0,2
4.0,14.5,1.0,5.0,6.0,9670.0,20.0,5.0,1.0,0.0,141.0,0.0,2.0,1.0,140.7,2
5.0,16.0,1.0,6.0,8.0,9119.0,18.0,5.0,1.0,1.0,168.0,0.0,4.0,1.0,167.224,2
5.0,12.166666666666666,1.0,9.0,10.0,9130.0,18.0,6.0,17.0,0.0,132.0,0.0,4.0,1.0,127.8,0
5.0,11.4,1.0,10.0,6.0,9147.0,19.0,5.0,-1.0,0.0,130.0,0.0,2.0,0.0,130.0,2
6.0,13.625,1.0,8.0,10.0,9119.0,18.0,6.0,17.0,1.0,120.0,0.0,9.0,1.0,117.2,1
4.0,11.25,1.0,9.0,9.0,9238.0,18.0,6.0,17.0,0.0,125.0,0.0,3.0,0.0,118.0,2
2.0,12.0,1.0,7.0,12.0,9254.0,19.0,6.0,17.0,0.0,122.0,0.0,4.0,1.0,116.1,1
0.0,0.0,0.0,14.0,16.0,9003.0,44.0,6.0,39.0,0.0,100.0,1.0,9.0,1.0,120.0,0
0.0,0.0,1.0,5.0,5.0,9147.0,20.0,5.0,1.0,0.0,136.0,0.0,9.0,1.0,137.1,0
1.0,12.0,1.0,10.0,7.0,8014.0,38.0,6.0,39.0,0.0,133.1,0.0,9.0,0.0,100.0,0
0.0,0.0,1.0,0.0,0.0,171.0,19.0,0.0,1.0,0.0,137.0,0.0,4.0,1.0,141.2,2
0.0,0.0,1.0,7.0,0.0,9853.0,35.0,6.0,51.0,0.0,130.0,0.0,7.0,0.0,120.3,0
0.0,0.0,1.0,10.0,14.0,9130.0,29.0,5.0,1.0,0.0,132.0,1.0,0.0,0.0,119.1,0
3.0,13.0,1.0,12.0,10.0,9853.0,20.0,7.0,17.0,0.0,133.1,0.0,9.0,0.0,107.0,1
6.0,10.833333333333334,1.0,13.0,10.0,8014.0,45.0,7.0,43.0,0.0,120.0,0.0,9.0,0.0,100.0,1
0.0,0.0,1.0,6.0,5.0,9147.0,23.0,5.0,43.0,0.0,127.0,0.0,9.0,1.0,124.2,1
3.0,12.0,1.0,7.0,9.0,9119.0,20.0,5.0,1.0,0.0,126.0,0.0,-1.0,1.0,122.5,1
3.0,12.0,1.0,9.0,12.0,9085.0,22.0,6.0,44.0,0.0,140.0,1.0,4.0,0.0,140.0,0
4.0,11.0,0.0,9.0,4.0,9991.0,32.0,4.0,43.0,0.0,120.0,0.0,9.0,1.0,128.2,0
5.0,12.2,1.0,6.0,7.0,9070.0,19.0,6.0,43.0,1.0,125.0,0.0,7.0,1.0,133.4,1
6.0,12.666666666666666,1.0,9.0,7.0,9853.0,18.0,7.0,18.0,1.0,132.0,0.0,9.0,0.0,126.1,2
7.0,13.285714285714286,1.0,16.0,7.0,8014.0,26.0,7.0,43.0,0.0,133.1,0.0,90.0,0.0,130.0,2
4.0,11.25,1.0,10.0,9.0,8014.0,20.0,6.0,1.0,0.0,100.0,0.0,3.0,0.0,100.0,1
0.0,0.0,0.0,6.0,10.0,9853.0,32.0,5.0,39.0,0.0,110.0,1.0,9.0,0.0,98.6,0
6.0,12.142857142857142,1.0,7.0,8.0,9070.0,19.0,6.0,1.0,0.0,140.0,0.0,2.0,1.0,125.0,1
3.0,12.0,0.0,4.0,8.0,9773.0,22.0,5.0,43.0,0.0,121.0,0.0,9.0,1.0,123.8,0
0.0,0.0,0.0,7.0,6.0,9670.0,34.0,6.0,39.0,0.0,130.0,1.0,9.0,0.0,158.0,0
2.0,13.0,1.0,9.0,12.0,9085.0,20.0,6.0,44.0,0.0,140.0,0.0,9.0,0.0,140.0,1
5.0,13.5,1.0,8.0,9.0,9853.0,18.0,6.0,1.0,1.0,133.0,0.0,9.0,0.0,124.6,2
3.0,12.666666666666666,1.0,9.0,18.0,9085.0,22.0,6.0,44.0,0.0,150.0,0.0,2.0,0.0,150.0,2
7.0,13.225,1.0,10.0,11.0,9500.0,18.0,8.0,1.0,0.0,117.0,0.0,3.0,0.0,113.2,2
0.0,0.0,0.0,5.0,5.0,9991.0,37.0,5.0,39.0,0.0,140.0,0.0,9.0,0.0,140.0,0
7.0,13.29,1.0,11.0,11.0,9500.0,25.0,8.0,39.0,1.0,130.0,0.0,5.0,0.0,120.0,1
4.0,10.333333333333334,1.0,7.0,13.0,9070.0,19.0,6.0,43.0,0.0,117.0,0.0,4.0,1.0,112.5,1
7.0,12.11875,1.0,8.0,11.0,9500.0,18.0,8.0,17.0,0.0,143.0,0.0,9.0,0.0,127.3,2
5.0,11.833333333333334,1.0,8.0,8.0,9773.0,21.0,6.0,17.0,0.0,133.1,0.0,9.0,0.0,117.0,1
0.0,0.0,1.0,0.0,0.0,171.0,19.0,0.0,1.0,0.0,136.0,1.0,3.0,0.0,134.3,0
6.0,15.0,1.0,6.0,6.0,9254.0,20.0,6.0,1.0,1.0,111.0,0.0,5.0,0.0,109.3,2
7.0,14.142857142857142,1.0,9.0,7.0,8014.0,40.0,7.0,39.0,0.0,150.0,0.0,7.0,0.0,143.0,2
6.0,14.166666666666666,1.0,7.0,6.0,9773.0,50.0,6.0,39.0,0.0,100.0,0.0,9.0,1.0,154.0,2
7.0,14.014285714285714,1.0,8.0,8.0,9500.0,20.0,8.0,1.0,0.0,131.0,0.0,4.0,0.0,122.0,1
4.0,11.0,1.0,13.0,10.0,9130.0,18.0,6.0,1.0,0.0,144.0,1.0,2.0,0.0,134.9,0
4.0,12.0,1.0,14.0,11.0,9003.0,25.0,6.0,42.0,0.0,140.0,0.0,4.0,1.0,140.0,1
5.0,12.142857142857142,1.0,14.0,12.0,9003.0,23.0,6.0,42.0,0.0,140.0,0.0,4.0,1.0,140.0,1
6.0,13.3,1.0,7.0,7.0,9500.0,24.0,7.0,1.0,0.0,125.0,0.0,9.0,1.0,118.8,2
6.0,15.285714285714286,1.0,7.0,7.0,9773.0,22.0,6.0,17.0,0.0,111.0,0.0,7.0,0.0,115.9,2
4.0,12.5,1.0,9.0,10.0,9003.0,19.0,6.0,1.0,1.0,144.0,0.0,9.0,1.0,132.8,1
6.0,13.0,1.0,6.0,8.0,9238.0,31.0,6.0,39.0,0.0,133.1,0.0,4.0,0.0,130.0,1
0.0,0.0,1.0,11.0,0.0,9238.0,19.0,6.0,17.0,0.0,143.0,0.0,4.0,0.0,128.0,0
5.0,12.0,1.0,8.0,8.0,9147.0,21.0,5.0,1.0,0.0,143.0,0.0,9.0,0.0,135.0,1
4.0,11.5,1.0,8.0,8.0,9147.0,39.0,5.0,39.0,0.0,130.0,0.0,9.0,0.0,142.5,1
2.0,12.0,1.0,9.0,10.0,9119.0,18.0,5.0,17.0,0.0,130.0,0.0,7.0,1.0,121.3,0
2.0,10.5,0.0,14.0,9.0,9500.0,39.0,7.0,39.0,1.0,133.1,0.0,9.0,0.0,120.0,0
5.0,10.4,1.0,8.0,9.0,9254.0,20.0,6.0,17.0,0.0,135.0,0.0,4.0,1.0,135.0,1
7.0,13.297142857142855,1.0,8.0,8.0,9500.0,18.0,8.0,17.0,0.0,141.0,0.0,3.0,0.0,126.3,2
0.0,0.0,1.0,0.0,0.0,9119.0,31.0,5.0,39.0,0.0,130.0,0.0,3.0,1.0,147.6,0
8.0,16.0,1.0,8.0,8.0,9500.0,18.0,8.0,18.0,0.0,170.0,0.0,4.0,0.0,167.224,2
4.0,11.75,1.0,8.0,6.0,9670.0,19.0,5.0,17.0,1.0,125.0,0.0,7.0,0.0,118.4,1
6.0,11.583333333333334,1.0,14.0,11.0,9556.0,21.0,8.0,1.0,1.0,135.0,0.0,1.0,1.0,131.5,1
0.0,0.0,1.0,5.0,5.0,9991.0,41.0,5.0,39.0,0.0,133.1,0.0,5.0,1.0,111.9,0
1.0,12.0,1.0,13.0,19.0,9085.0,27.0,6.0,39.0,0.0,140.0,0.0,4.0,0.0,141.7,0
4.0,11.25,1.0,7.0,5.0,9670.0,21.0,5.0,17.0,0.0,132.0,0.0,5.0,1.0,124.0,0
0.0,0.0,1.0,14.0,6.0,9254.0,19.0,6.0,17.0,1.0,113.0,1.0,5.0,1.0,106.7,0
0.0,0.0,0.0,7.0,10.0,9556.0,50.0,5.0,39.0,0.0,133.1,1.0,4.0,0.0,167.224,0
0.0,0.0,1.0,5.0,5.0,9991.0,45.0,5.0,39.0,0.0,133.1,0.0,90.0,1.0,121.7,0
0.0,0.0,0.0,17.0,8.0,9003.0,35.0,6.0,39.0,0.0,130.0,0.0,9.0,1.0,113.0,0
4.0,12.25,1.0,7.0,8.0,9773.0,18.0,6.0,1.0,0.0,145.0,0.0,4.0,0.0,131.7,1
8.0,12.8,1.0,8.0,9.0,9500.0,18.0,8.0,18.0,0.0,131.0,0.0,3.0,0.0,121.2,2
5.0,13.142857142857142,1.0,9.0,8.0,9085.0,18.0,5.0,1.0,0.0,127.0,0.0,5.0,0.0,123.9,2
5.0,13.6,1.0,6.0,6.0,9238.0,18.0,6.0,17.0,0.0,118.0,0.0,2.0,0.0,110.0,2
6.0,12.666666666666666,1.0,7.0,7.0,9003.0,19.0,6.0,44.0,0.0,140.0,0.0,6.0,0.0,140.0,2
10.0,12.4,1.0,18.0,15.0,9070.0,25.0,14.0,43.0,0.0,108.0,0.0,7.0,1.0,105.2,0
0.0,0.0,0.0,0.0,0.0,171.0,20.0,0.0,18.0,0.0,133.0,1.0,9.0,1.0,129.2,0
5.0,12.8,1.0,7.0,6.0,9670.0,19.0,6.0,1.0,0.0,160.0,0.0,4.0,0.0,137.3,2
10.0,13.3,1.0,14.0,12.0,9003.0,23.0,10.0,-1.0,1.0,150.0,0.0,-1.0,0.0,150.0,2
9.0,13.555555555555555,1.0,19.0,15.0,171.0,24.0,13.0,-1.0,0.0,145.0,0.0,3.0,0.0,155.0,1
6.0,13.166666666666666,1.0,6.0,6.0,9070.0,19.0,6.0,1.0,0.0,139.0,0.0,1.0,0.0,138.3,2
2.0,13.4,1.0,11.0,7.0,9500.0,18.0,7.0,43.0,1.0,127.0,0.0,4.0,0.0,121.1,1
6.0,13.05,1.0,7.0,7.0,9500.0,18.0,7.0,17.0,1.0,141.0,0.0,9.0,0.0,129.0,2
5.0,13.5,1.0,8.0,8.0,9853.0,31.0,6.0,43.0,0.0,130.0,0.0,4.0,0.0,124.2,0
10.0,11.4,1.0,10.0,11.0,9070.0,21.0,11.0,51.0,0.0,143.0,0.0,4.0,0.0,120.0,0
4.0,13.375,1.0,8.0,12.0,9147.0,36.0,5.0,39.0,0.0,120.0,0.0,5.0,0.0,124.6,1
6.0,12.666666666666666,1.0,7.0,6.0,9070.0,18.0,6.0,17.0,0.0,126.0,0.0,9.0,0.0,118.7,2
4.0,13.714285714285714,1.0,6.0,9.0,9670.0,18.0,6.0,17.0,0.0,124.0,1.0,5.0,0.0,114.2,0
4.0,12.5,1.0,9.0,6.0,9130.0,18.0,5.0,17.0,0.0,156.0,0.0,3.0,0.0,166.9,2
7.0,15.11,1.0,8.0,8.0,9500.0,19.0,8.0,17.0,0.0,136.0,0.0,4.0,0.0,126.0,2
6.0,12.0,1.0,10.0,9.0,9254.0,23.0,6.0,1.0,0.0,115.0,0.0,3.0,1.0,113.6,1
5.0,11.25,1.0,9.0,13.0,9147.0,33.0,7.0,7.0,0.0,120.0,0.0,9.0,0.0,120.0,1
5.0,11.8,1.0,12.0,16.0,9003.0,30.0,12.0,39.0,0.0,120.0,0.0,1.0,1.0,100.0,0
3.0,12.0,0.0,4.0,8.0,9773.0,22.0,5.0,43.0,0.0,121.0,0.0,9.0,1.0,123.8,0
6.0,12.5,0.0,7.0,8.0,9085.0,18.0,6.0,1.0,0.0,145.0,0.0,3.0,0.0,138.4,1
0.0,0.0,1.0,5.0,5.0,9085.0,25.0,5.0,39.0,0.0,133.1,0.0,0.0,0.0,128.2,0
2.0,13.0,1.0,9.0,12.0,9085.0,20.0,6.0,44.0,0.0,140.0,0.0,9.0,0.0,140.0,1
0.0,0.0,1.0,0.0,0.0,9670.0,19.0,6.0,43.0,0.0,139.0,0.0,3.0,0.0,120.8,0
9.0,13.0,0.0,12.0,12.0,9991.0,38.0,12.0,43.0,0.0,120.0,0.0,9.0,0.0,120.0,0
2.0,11.5,1.0,5.0,4.0,9147.0,20.0,4.0,1.0,0.0,124.0,0.0,3.0,0.0,128.6,1
6.0,12.142857142857142,1.0,7.0,8.0,9070.0,19.0,6.0,1.0,0.0,140.0,0.0,2.0,1.0,125.0,1
5.0,13.4,1.0,7.0,5.0,9130.0,20.0,5.0,1.0,0.0,125.0,0.0,2.0,1.0,132.4,2
2.0,11.0,1.0,11.0,7.0,9773.0,23.0,6.0,43.0,0.0,119.0,0.0,5.0,0.0,105.0,1
1.0,10.0,1.0,10.0,7.0,9119.0,19.0,5.0,51.0,0.0,129.0,0.0,2.0,1.0,121.6,1
3.0,12.4,1.0,12.0,10.0,9119.0,28.0,5.0,39.0,1.0,120.0,0.0,9.0,1.0,98.7,2
6.0,12.333333333333334,1.0,7.0,6.0,9773.0,20.0,6.0,1.0,1.0,130.0,0.0,9.0,0.0,124.8,2
5.0,11.6,1.0,8.0,8.0,9147.0,23.0,5.0,1.0,0.0,160.0,0.0,4.0,0.0,151.3,2
5.0,12.8,1.0,10.0,7.0,9070.0,22.0,6.0,1.0,1.0,135.0,0.0,9.0,0.0,134.0,2
10.0,12.9,1.0,9.0,13.0,9130.0,27.0,11.0,39.0,0.0,129.0,0.0,2.0,0.0,155.3,0
3.0,10.333333333333334,1.0,16.0,11.0,9003.0,35.0,6.0,39.0,0.0,140.0,0.0,9.0,1.0,140.0,0
3.0,12.333333333333334,1.0,17.0,14.0,9773.0,22.0,6.0,43.0,0.0,128.0,0.0,9.0,1.0,124.2,1
10.0,11.6,1.0,21.0,19.0,9003.0,25.0,13.0,43.0,0.0,130.0,0.0,5.0,1.0,130.0,0
0.0,0.0,0.0,11.0,13.0,9853.0,19.0,7.0,18.0,0.0,120.0,1.0,9.0,0.0,113.7,0
7.0,13.0,1.0,13.0,9.0,8014.0,38.0,7.0,39.0,1.0,160.0,0.0,5.0,0.0,126.0,2
7.0,12.228571428571428,1.0,9.0,7.0,9500.0,18.0,7.0,1.0,1.0,126.0,0.0,7.0,0.0,121.3,1
5.0,13.2,1.0,6.0,6.0,9670.0,20.0,5.0,1.0,0.0,111.0,0.0,5.0,0.0,105.4,2
4.0,12.75,1.0,6.0,8.0,9254.0,20.0,6.0,17.0,0.0,125.0,0.0,5.0,0.0,115.6,2
3.0,12.666666666666666,1.0,9.0,10.0,9070.0,28.0,6.0,7.0,0.0,120.0,0.0,2.0,1.0,120.0,0
5.0,11.0,1.0,7.0,8.0,9254.0,21.0,6.0,-1.0,1.0,110.0,0.0,4.0,0.0,111.8,2
7.0,12.771428571428572,1.0,8.0,8.0,9500.0,19.0,8.0,1.0,1.0,135.0,0.0,7.0,0.0,124.0,1
0.0,0.0,1.0,0.0,12.0,9254.0,19.0,6.0,43.0,0.0,140.0,0.0,9.0,0.0,126.0,0
8.0,11.9625,1.0,10.0,9.0,9556.0,24.0,8.0,39.0,0.0,133.1,0.0,3.0,0.0,117.8,2
6.0,12.5,0.0,7.0,8.0,9085.0,18.0,6.0,1.0,0.0,145.0,0.0,3.0,0.0,138.4,1
6.0,11.571428571428571,1.0,8.0,9.0,9773.0,25.0,6.0,1.0,0.0,109.0,1.0,3.0,1.0,111.8,0
4.0,12.8,1.0,11.0,10.0,9991.0,30.0,5.0,39.0,0.0,150.0,0.0,9.0,0.0,146.2,1
6.0,14.666666666666666,1.0,6.0,6.0,9773.0,18.0,6.0,1.0,1.0,148.0,0.0,3.0,0.0,140.0,2
5.0,15.142857142857142,1.0,10.0,7.0,9130.0,19.0,5.0,43.0,0.0,100.0,0.0,3.0,0.0,100.0,1
0.0,0.0,1.0,0.0,0.0,9130.0,37.0,6.0,43.0,0.0,133.1,0.0,9.0,0.0,100.0,0
6.0,11.666666666666666,1.0,8.0,10.0,9773.0,47.0,6.0,39.0,0.0,100.0,0.0,9.0,1.0,133.0,0
0.0,0.0,1.0,0.0,0.0,171.0,18.0,0.0,17.0,0.0,133.0,0.0,6.0,0.0,134.8,1
0.0,0.0,1.0,0.0,0.0,171.0,19.0,0.0,42.0,0.0,132.0,0.0,1.0,0.0,132.0,0
0.0,0.0,1.0,0.0,0.0,8014.0,34.0,6.0,39.0,0.0,100.0,0.0,-1.0,0.0,100.0,0
0.0,0.0,1.0,0.0,0.0,9500.0,27.0,8.0,7.0,0.0,140.0,0.0,2.0,1.0,140.0,0
4.0,15.6,1.0,8.0,12.0,9085.0,28.0,6.0,51.0,0.0,120.0,0.0,4.0,0.0,125.0,1
0.0,0.0,0.0,14.0,13.0,9254.0,19.0,6.0,17.0,0.0,137.0,1.0,0.0,0.0,137.7,0
0.0,0.0,0.0,0.0,0.0,171.0,19.0,0.0,1.0,0.0,132.0,1.0,4.0,1.0,138.0,0
0.0,0.0,1.0,10.0,14.0,9130.0,29.0,5.0,1.0,0.0,132.0,1.0,0.0,0.0,119.1,0
6.0,13.333333333333334,1.0,6.0,6.0,9070.0,20.0,6.0,1.0,0.0,147.0,0.0,5.0,0.0,135.8,2
0.0,0.0,1.0,0.0,0.0,9238.0,19.0,6.0,1.0,0.0,117.0,1.0,9.0,0.0,117.0,0
4.0,13.25,1.0,8.0,8.0,9670.0,21.0,6.0,43.0,0.0,110.0,0.0,7.0,0.0,110.0,1
4.0,12.0,1.0,9.0,8.0,9085.0,19.0,5.0,1.0,0.0,142.0,0.0,9.0,1.0,127.7,2
8.0,13.11,1.0,8.0,8.0,9500.0,18.0,8.0,-1.0,0.0,145.0,0.0,4.0,0.0,127.5,2
3.0,11.0,1.0,11.0,14.0,9254.0,19.0,6.0,43.0,1.0,130.0,0.0,5.0,0.0,130.0,0
0.0,0.0,1.0,15.0,19.0,9003.0,31.0,6.0,39.0,0.0,133.1,0.0,4.0,1.0,110.0,0
5.0,14.0,1.0,6.0,7.0,8014.0,20.0,6.0,43.0,0.0,120.0,0.0,5.0,0.0,118.3,1
6.0,11.833333333333334,1.0,10.0,10.0,9500.0,19.0,8.0,1.0,1.0,139.0,0.0,6.0,0.0,121.3,1
2.0,11.5,1.0,8.0,13.0,9130.0,20.0,5.0,44.0,0.0,140.0,0.0,2.0,1.0,140.0,0
0.0,0.0,1.0,6.0,0.0,9147.0,26.0,5.0,1.0,0.0,140.0,0.0,9.0,0.0,129.2,0
3.0,12.666666666666666,1.0,11.0,10.0,9773.0,19.0,6.0,1.0,0.0,117.0,0.0,4.0,1.0,109.3,1
3.0,14.0,1.0,12.0,7.0,9130.0,33.0,5.0,43.0,0.0,130.0,0.0,1.0,1.0,130.0,1
6.0,12.5,1.0,7.0,8.0,9853.0,21.0,7.0,18.0,0.0,133.1,1.0,-1.0,0.0,106.0,1
5.0,11.0,1.0,9.0,8.0,9254.0,18.0,6.0,1.0,1.0,129.0,0.0,7.0,0.0,122.0,1
5.0,13.714285714285714,1.0,6.0,8.0,9119.0,20.0,5.0,17.0,0.0,122.0,0.0,9.0,1.0,114.7,1
4.0,11.25,1.0,10.0,9.0,8014.0,20.0,6.0,1.0,0.0,100.0,0.0,3.0,0.0,100.0,1
4.0,12.4,1.0,7.0,8.0,9147.0,19.0,5.0,1.0,0.0,131.0,0.0,3.0,1.0,123.3,1
5.0,13.333333333333334,1.0,6.0,8.0,9085.0,19.0,5.0,17.0,1.0,125.0,0.0,4.0,0.0,117.0,2
5.0,12.428571428571429,1.0,16.0,9.0,9119.0,28.0,5.0,39.0,1.0,133.1,0.0,9.0,1.0,123.0,1
0.0,0.0,1.0,6.0,6.0,9130.0,25.0,6.0,39.0,0.0,120.0,0.0,9.0,1.0,150.0,0
3.0,10.6,1.0,7.0,15.0,9085.0,21.0,5.0,1.0,0.0,118.0,0.0,3.0,1.0,112.4,1
5.0,12.2,1.0,6.0,7.0,9070.0,19.0,6.0,43.0,1.0,125.0,0.0,7.0,1.0,133.4,1
7.0,15.028571428571428,1.0,8.0,8.0,9500.0,20.0,8.0,1.0,0.0,129.0,0.0,9.0,1.0,120.0,2
4.0,12.25,1.0,9.0,9.0,9853.0,19.0,6.0,17.0,0.0,140.0,0.0,4.0,0.0,122.3,0
6.0,15.5,1.0,6.0,8.0,9003.0,21.0,6.0,44.0,0.0,170.0,0.0,4.0,0.0,167.224,2
12.0,14.933333333333334,1.0,21.0,19.0,9500.0,21.0,14.0,42.0,0.0,141.0,0.0,9.0,0.0,145.0,2
11.0,12.75,1.0,12.0,14.0,9238.0,20.0,11.0,43.0,1.0,120.0,0.0,4.0,0.0,118.3,2
5.0,16.0,1.0,9.0,10.0,9238.0,24.0,6.0,39.0,0.0,170.0,0.0,9.0,0.0,140.0,1
0.0,0.0,0.0,0.0,0.0,171.0,18.0,0.0,1.0,1.0,127.0,1.0,5.0,1.0,139.6,0
0.0,0.0,1.0,9.0,10.0,9147.0,18.0,5.0,17.0,0.0,139.0,0.0,7.0,0.0,133.4,1
3.0,12.0,1.0,13.0,8.0,9085.0,19.0,5.0,1.0,0.0,129.0,0.0,3.0,0.0,125.9,1
2.0,11.5,1.0,12.0,19.0,9085.0,22.0,6.0,44.0,0.0,130.0,0.0,6.0,0.0,130.0,1
0.0,0.0,0.0,10.0,7.0,9500.0,19.0,7.0,1.0,0.0,115.0,1.0,2.0,0.0,111.5,0
12.0,15.23076923076923,1.0,13.0,15.0,9003.0,50.0,12.0,7.0,0.0,120.0,0.0,6.0,0.0,120.0,2
4.0,13.0,1.0,9.0,14.0,9003.0,19.0,6.0,44.0,0.0,130.0,0.0,3.0,1.0,130.0,2
4.0,10.75,1.0,7.0,9.0,9147.0,20.0,5.0,17.0,0.0,125.0,0.0,7.0,0.0,125.7,1
7.0,14.901428571428571,1.0,8.0,8.0,9500.0,20.0,8.0,1.0,1.0,124.0,0.0,0.0,0.0,123.3,0
7.0,13.487142857142857,1.0,8.0,8.0,9500.0,20.0,8.0,17.0,1.0,144.0,0.0,9.0,0.0,126.5,2
0.0,0.0,1.0,10.0,12.0,8014.0,24.0,6.0,39.0,0.0,134.0,0.0,4.0,0.0,110.0,0
0.0,0.0,1.0,10.0,10.0,9254.0,19.0,5.0,1.0,0.0,132.0,0.0,9.0,0.0,124.7,0
6.0,11.0,1.0,8.0,8.0,9773.0,20.0,6.0,1.0,0.0,133.1,0.0,9.0,1.0,116.0,2
6.0,14.636363636363637,1.0,15.0,16.0,9119.0,41.0,6.0,44.0,0.0,160.0,1.0,9.0,1.0,160.0,1
0.0,0.0,1.0,0.0,0.0,171.0,20.0,0.0,1.0,0.0,133.1,0.0,9.0,0.0,110.0,2
6.0,12.5,1.0,7.0,6.0,9254.0,19.0,6.0,1.0,0.0,136.0,0.0,2.0,1.0,128.7,2
6.0,11.5,1.0,10.0,10.0,9991.0,34.0,10.0,43.0,0.0,120.0,1.0,9.0,1.0,120.0,0
4.0,11.4,1.0,9.0,17.0,9085.0,22.0,6.0,1.0,0.0,101.0,1.0,9.0,0.0,101.0,1
2.0,10.0,0.0,12.0,15.0,9085.0,44.0,6.0,39.0,1.0,140.0,0.0,9.0,0.0,154.6,1
2.0,10.5,1.0,12.0,19.0,9670.0,24.0,6.0,39.0,0.0,133.1,0.0,4.0,0.0,112.9,0
6.0,12.166666666666666,0.0,9.0,6.0,9070.0,18.0,6.0,17.0,0.0,131.0,0.0,9.0,0.0,126.1,2
6.0,12.666666666666666,1.0,6.0,7.0,8014.0,38.0,6.0,39.0,1.0,140.0,0.0,5.0,0.0,128.5,2
7.0,12.457142857142856,1.0,12.0,12.0,9500.0,27.0,8.0,39.0,0.0,130.0,0.0,9.0,0.0,130.0,1
7.0,14.342857142857142,1.0,9.0,9.0,9500.0,22.0,8.0,1.0,0.0,103.0,0.0,2.0,0.0,100.6,2
2.0,13.0,0.0,6.0,9.0,9670.0,20.0,6.0,17.0,0.0,132.0,0.0,9.0,1.0,122.9,0
4.0,10.5,1.0,13.0,11.0,9085.0,28.0,5.0,39.0,0.0,130.0,0.0,9.0,0.0,130.0,1
6.0,12.333333333333334,1.0,6.0,8.0,9070.0,20.0,6.0,17.0,0.0,130.0,0.0,4.0,1.0,131.4,2
1.0,10.0,1.0,0.0,11.0,9254.0,19.0,6.0,43.0,1.0,142.0,0.0,9.0,0.0,125.9,0
4.0,11.0,1.0,10.0,13.0,8014.0,45.0,8.0,39.0,0.0,100.0,0.0,9.0,1.0,111.5,0
0.0,0.0,1.0,12.0,12.0,9853.0,21.0,6.0,17.0,1.0,133.1,0.0,0.0,0.0,117.1,0
4.0,12.0,1.0,8.0,7.0,9991.0,28.0,5.0,39.0,0.0,147.0,0.0,7.0,0.0,147.9,1
5.0,13.6,1.0,10.0,10.0,9991.0,38.0,10.0,7.0,0.0,130.0,0.0,9.0,1.0,130.0,0
6.0,13.0,0.0,10.0,10.0,9003.0,20.0,6.0,44.0,0.0,160.0,0.0,2.0,0.0,160.0,2
7.0,14.714285714285714,1.0,19.0,7.0,8014.0,30.0,7.0,42.0,0.0,120.0,0.0,90.0,0.0,120.0,0
6.0,11.833333333333334,1.0,16.0,19.0,9991.0,24.0,10.0,43.0,0.0,160.0,0.0,9.0,0.0,160.0,0
4.0,12.0,1.0,7.0,9.0,9070.0,20.0,6.0,17.0,0.0,152.0,0.0,3.0,1.0,134.2,1
0.0,0.0,1.0,17.0,6.0,9085.0,28.0,6.0,39.0,0.0,140.0,1.0,-1.0,0.0,129.3,1
1.0,11.0,1.0,12.0,11.0,9670.0,21.0,6.0,-1.0,0.0,140.0,1.0,3.0,0.0,140.0,1
0.0,0.0,1.0,0.0,0.0,9853.0,19.0,6.0,18.0,0.0,123.0,0.0,9.0,0.0,117.4,0
3.0,11.666666666666666,1.0,11.0,11.0,9085.0,21.0,5.0,43.0,0.0,160.0,0.0,9.0,1.0,120.0,1
0.0,0.0,0.0,5.0,5.0,9119.0,20.0,5.0,17.0,0.0,123.0,1.0,2.0,1.0,116.0,0
0.0,0.0,0.0,11.0,13.0,9853.0,19.0,7.0,18.0,0.0,120.0,1.0,9.0,0.0,113.7,0
10.0,12.818181818181818,1.0,12.0,15.0,171.0,19.0,11.0,1.0,1.0,133.1,0.0,9.0,1.0,128.2,1
0.0,0.0,0.0,14.0,16.0,9003.0,44.0,6.0,39.0,0.0,100.0,1.0,9.0,1.0,120.0,0
3.0,13.666666666666666,1.0,11.0,12.0,9085.0,21.0,6.0,43.0,0.0,127.0,0.0,2.0,0.0,100.0,1
5.0,11.77777777777778,1.0,11.0,12.0,9003.0,20.0,6.0,44.0,0.0,140.0,0.0,4.0,1.0,140.0,1
3.0,10.8,1.0,10.0,10.0,9119.0,21.0,5.0,17.0,0.0,133.1,0.0,3.0,1.0,117.0,1
0.0,0.0,1.0,5.0,5.0,9147.0,33.0,5.0,42.0,0.0,133.1,0.0,7.0,1.0,123.0,0
8.0,14.02625,1.0,8.0,8.0,9500.0,18.0,8.0,17.0,1.0,141.0,0.0,9.0,0.0,131.9,2
8.0,13.75,1.0,8.0,8.0,9500.0,20.0,8.0,43.0,0.0,170.0,0.0,-1.0,0.0,100.0,1
7.0,13.742857142857144,1.0,9.0,9.0,9500.0,18.0,8.0,1.0,1.0,138.0,0.0,5.0,0.0,124.9,0
6.0,12.5,1.0,6.0,6.0,9070.0,18.0,6.0,17.0,0.0,116.0,0.0,9.0,0.0,110.8,1
0.0,0.0,0.0,0.0,0.0,171.0,19.0,0.0,17.0,0.0,128.0,0.0,4.0,1.0,134.7,0
4.0,10.75,1.0,8.0,10.0,9147.0,19.0,5.0,1.0,0.0,125.0,1.0,7.0,1.0,120.1,0
0.0,0.0,0.0,8.0,8.0,9500.0,37.0,8.0,39.0,0.0,110.0,0.0,9.0,0.0,110.0,0
6.0,13.066666666666668,1.0,10.0,10.0,9500.0,19.0,8.0,1.0,0.0,139.0,0.0,4.0,0.0,128.5,0
0.0,0.0,1.0,10.0,5.0,9991.0,28.0,5.0,39.0,0.0,147.0,0.0,90.0,0.0,111.7,0
5.0,14.0,1.0,6.0,7.0,8014.0,20.0,6.0,43.0,0.0,120.0,0.0,5.0,0.0,118.3,1
11.0,12.0,1.0,12.0,14.0,9238.0,20.0,11.0,51.0,0.0,121.0,0.0,3.0,0.0,111.9,2
0.0,0.0,1.0,9.0,10.0,9070.0,23.0,6.0,1.0,0.0,116.0,0.0,0.0,1.0,108.7,0
7.0,12.15,1.0,15.0,14.0,9556.0,24.0,8.0,39.0,0.0,130.0,0.0,9.0,0.0,113.3,1
0.0,0.0,1.0,0.0,0.0,171.0,20.0,0.0,17.0,0.0,125.0,0.0,7.0,0.0,143.9,1
5.0,11.833333333333334,1.0,8.0,6.0,9147.0,19.0,5.0,1.0,0.0,133.0,0.0,9.0,1.0,119.7,2
5.0,13.833333333333334,1.0,5.0,6.0,9991.0,34.0,5.0,43.0,0.0,140.0,0.0,6.0,1.0,100.0,2
5.0,11.6,1.0,9.0,8.0,9853.0,22.0,6.0,17.0,0.0,150.0,0.0,5.0,0.0,132.5,1
7.0,15.675714285714283,1.0,8.0,8.0,9500.0,30.0,8.0,7.0,0.0,140.0,0.0,9.0,0.0,140.0,2
3.0,13.333333333333334,1.0,5.0,8.0,9119.0,20.0,6.0,17.0,0.0,126.0,1.0,5.0,1.0,116.9,0
0.0,0.0,0.0,5.0,10.0,9254.0,37.0,5.0,7.0,0.0,100.0,0.0,9.0,0.0,100.0,0
6.0,11.5,1.0,7.0,6.0,9238.0,19.0,6.0,1.0,1.0,135.0,0.0,9.0,0.0,121.0,2
6.0,16.0,1.0,7.0,7.0,9085.0,22.0,6.0,7.0,0.0,130.0,0.0,4.0,0.0,130.0,2
10.0,14.5,1.0,19.0,10.0,8014.0,39.0,10.0,7.0,0.0,110.0,0.0,9.0,0.0,110.0,2
6.0,14.333333333333334,1.0,7.0,7.0,9500.0,18.0,7.0,1.0,0.0,152.0,0.0,9.0,0.0,139.0,2
4.0,12.5,1.0,11.0,11.0,9254.0,18.0,6.0,1.0,0.0,129.0,0.0,9.0,0.0,117.8,2
6.0,11.5,1.0,6.0,8.0,9070.0,20.0,6.0,17.0,0.0,136.0,0.0,4.0,0.0,130.8,1
5.0,12.16,1.0,9.0,12.0,9500.0,21.0,8.0,1.0,0.0,135.0,0.0,-1.0,1.0,135.4,1
6.0,12.0,1.0,11.0,6.0,9238.0,20.0,6.0,17.0,0.0,145.0,0.0,5.0,0.0,138.0,2
6.0,12.833333333333334,1.0,7.0,6.0,9773.0,20.0,6.0,1.0,0.0,110.0,0.0,3.0,0.0,117.4,2
2.0,11.666666666666666,1.0,9.0,6.0,9119.0,22.0,5.0,44.0,0.0,140.0,0.0,4.0,1.0,140.0,1
8.0,13.91,1.0,10.0,8.0,9500.0,18.0,8.0,1.0,0.0,143.0,0.0,5.0,0.0,128.7,2
7.0,14.514285714285714,1.0,8.0,8.0,9500.0,19.0,8.0,1.0,0.0,141.0,0.0,9.0,0.0,124.3,1
0.0,0.0,0.0,7.0,5.0,9130.0,18.0,5.0,7.0,0.0,140.0,0.0,2.0,1.0,140.0,0
0.0,0.0,1.0,0.0,0.0,9991.0,22.0,5.0,18.0,0.0,112.0,0.0,2.0,1.0,106.4,0
4.0,11.5,1.0,7.0,7.0,9670.0,20.0,5.0,1.0,1.0,124.0,0.0,5.0,1.0,119.1,2
8.0,16.0,1.0,7.0,8.0,9556.0,18.0,8.0,-1.0,1.0,137.0,0.0,9.0,0.0,122.7,2
6.0,13.1,1.0,10.0,11.0,9003.0,35.0,6.0,39.0,0.0,130.0,0.0,1.0,0.0,150.0,2
6.0,13.333333333333334,1.0,6.0,6.0,9773.0,18.0,6.0,1.0,0.0,135.0,0.0,5.0,0.0,124.9,2
6.0,15.166666666666666,1.0,7.0,6.0,9003.0,18.0,6.0,1.0,0.0,140.0,0.0,9.0,1.0,138.3,2
6.0,11.857142857142858,1.0,7.0,8.0,9773.0,18.0,6.0,17.0,0.0,136.0,0.0,9.0,0.0,131.5,2
0.0,0.0,0.0,10.0,5.0,9991.0,40.0,5.0,43.0,0.0,133.1,0.0,9.0,0.0,153.0,0
6.0,12.8,1.0,10.0,8.0,9500.0,18.0,7.0,17.0,1.0,126.0,0.0,7.0,0.0,126.2,1
3.0,11.333333333333334,0.0,7.0,8.0,9556.0,23.0,8.0,7.0,0.0,130.0,0.0,4.0,1.0,130.0,0
0.0,0.0,1.0,0.0,0.0,171.0,22.0,0.0,43.0,0.0,120.0,0.0,2.0,1.0,120.0,1
0.0,0.0,1.0,0.0,0.0,9853.0,19.0,6.0,17.0,0.0,145.0,0.0,4.0,0.0,127.9,0
0.0,0.0,1.0,0.0,0.0,171.0,19.0,0.0,1.0,0.0,155.0,0.0,1.0,1.0,144.2,2
6.0,14.666666666666666,1.0,7.0,6.0,9085.0,19.0,6.0,-1.0,0.0,150.0,0.0,2.0,0.0,153.5,0
2.0,11.0,0.0,6.0,9.0,9991.0,38.0,5.0,39.0,0.0,140.0,0.0,9.0,0.0,120.0,0
7.0,12.0,1.0,12.0,9.0,9991.0,31.0,7.0,44.0,0.0,130.0,0.0,9.0,0.0,130.0,1
2.0,13.0,1.0,8.0,8.0,9147.0,22.0,5.0,43.0,0.0,127.0,0.0,3.0,0.0,117.9,0
2.0,12.0,1.0,16.0,11.0,9147.0,18.0,5.0,17.0,0.0,125.0,0.0,2.0,0.0,118.7,1
4.0,11.333333333333334,1.0,11.0,11.0,9991.0,32.0,5.0,39.0,0.0,120.0,0.0,3.0,1.0,132.9,0
0.0,0.0,1.0,0.0,0.0,171.0,19.0,0.0,1.0,0.0,117.0,0.0,4.0,1.0,120.2,2
6.0,14.0,1.0,13.0,9.0,9085.0,19.0,6.0,1.0,0.0,148.0,0.0,4.0,0.0,136.5,2
3.0,12.0,1.0,11.0,10.0,9085.0,22.0,6.0,44.0,1.0,150.0,0.0,4.0,0.0,150.0,2
4.0,13.25,1.0,7.0,7.0,9670.0,18.0,5.0,1.0,0.0,126.0,0.0,0.0,0.0,136.5,2
4.0,11.25,1.0,12.0,8.0,9147.0,19.0,5.0,-1.0,0.0,140.0,1.0,6.0,1.0,140.0,2
7.0,15.57,1.0,8.0,8.0,9500.0,27.0,8.0,39.0,0.0,130.0,0.0,3.0,1.0,143.8,0
8.0,12.75,1.0,7.0,8.0,9500.0,18.0,8.0,1.0,0.0,118.0,0.0,2.0,0.0,110.7,2
6.0,12.766666666666666,1.0,7.0,7.0,9500.0,18.0,7.0,17.0,0.0,136.0,0.0,4.0,0.0,128.5,2
4.0,11.5,1.0,8.0,8.0,9147.0,39.0,5.0,39.0,0.0,130.0,0.0,9.0,0.0,142.5,1
5.0,13.333333333333334,1.0,8.0,7.0,9130.0,18.0,6.0,1.0,0.0,121.0,0.0,2.0,1.0,115.4,0
5.0,11.0,1.0,9.0,8.0,9254.0,18.0,6.0,1.0,1.0,129.0,0.0,7.0,0.0,122.0,1
0.0,0.0,0.0,8.0,5.0,9119.0,24.0,5.0,18.0,0.0,122.0,1.0,90.0,1.0,116.1,0
8.0,11.736,1.0,9.0,10.0,9500.0,20.0,8.0,43.0,1.0,140.0,1.0,9.0,0.0,127.5,2
3.0,11.0,1.0,10.0,10.0,9147.0,22.0,5.0,1.0,0.0,134.0,0.0,2.0,1.0,134.7,1
4.0,11.4,1.0,13.0,9.0,9147.0,18.0,5.0,17.0,0.0,120.0,0.0,3.0,1.0,124.2,1
5.0,14.0,0.0,8.0,6.0,9085.0,20.0,5.0,18.0,1.0,170.0,1.0,4.0,0.0,166.6,0
4.0,13.0,1.0,7.0,6.0,9670.0,18.0,6.0,1.0,0.0,115.0,0.0,9.0,1.0,114.3,0
2.0,15.0,1.0,12.0,11.0,9130.0,20.0,6.0,44.0,0.0,140.0,0.0,4.0,1.0,140.0,1
12.0,12.789473684210526,1.0,21.0,19.0,9853.0,35.0,14.0,43.0,0.0,140.0,0.0,3.0,0.0,128.3,2
3.0,10.0,1.0,20.0,16.0,9085.0,26.0,6.0,44.0,0.0,130.0,0.0,4.0,1.0,130.0,0
6.0,13.333333333333334,1.0,11.0,6.0,9130.0,18.0,6.0,1.0,0.0,151.0,0.0,2.0,0.0,151.0,2
6.0,12.285714285714286,1.0,6.0,7.0,9773.0,18.0,6.0,17.0,1.0,121.0,0.0,9.0,0.0,120.4,2
6.0,12.5,1.0,10.0,9.0,9853.0,19.0,7.0,17.0,0.0,127.0,0.0,3.0,1.0,121.1,0
0.0,0.0,1.0,12.0,10.0,9003.0,22.0,6.0,43.0,0.0,120.0,0.0,1.0,1.0,115.0,0
4.0,11.25,1.0,9.0,9.0,9853.0,18.0,6.0,17.0,0.0,158.0,0.0,5.0,0.0,140.2,0
0.0,0.0,0.0,5.0,0.0,9147.0,34.0,5.0,18.0,0.0,130.0,0.0,9.0,0.0,119.9,0
3.0,13.333333333333334,1.0,8.0,11.0,9130.0,21.0,6.0,44.0,0.0,150.0,0.0,9.0,1.0,150.0,0
3.0,13.666666666666666,1.0,12.0,12.0,9003.0,20.0,6.0,44.0,0.0,140.0,0.0,9.0,1.0,140.0,0
8.0,14.2,1.0,8.0,8.0,9500.0,20.0,8.0,18.0,1.0,141.0,0.0,4.0,0.0,126.8,2
0.0,0.0,1.0,0.0,0.0,9119.0,19.0,5.0,17.0,0.0,116.0,0.0,9.0,1.0,112.2,0
5.0,10.833333333333334,1.0,11.0,10.0,9853.0,18.0,6.0,17.0,0.0,138.0,0.0,7.0,0.0,124.7,1
0.0,0.0,1.0,0.0,0.0,9085.0,26.0,6.0,39.0,0.0,160.0,0.0,2.0,0.0,167.224,0
8.0,15.287499999999998,1.0,7.0,8.0,9500.0,18.0,8.0,1.0,1.0,152.0,0.0,4.0,0.0,141.0,2
3.0,12.0,1.0,11.0,10.0,9991.0,26.0,5.0,1.0,0.0,122.0,0.0,9.0,1.0,113.6,1
6.0,15.625,1.0,7.0,8.0,8014.0,29.0,6.0,39.0,0.0,141.0,0.0,9.0,0.0,150.5,2
4.0,14.6,1.0,8.0,11.0,9130.0,18.0,6.0,1.0,0.0,137.0,0.0,2.0,0.0,130.7,0
8.0,14.4625,1.0,7.0,8.0,9500.0,20.0,8.0,1.0,0.0,125.0,0.0,3.0,0.0,115.2,2
8.0,12.0,1.0,12.0,10.0,9991.0,32.0,10.0,43.0,1.0,133.1,0.0,9.0,0.0,113.5,2
0.0,0.0,1.0,0.0,0.0,9238.0,19.0,6.0,1.0,0.0,133.1,0.0,-1.0,0.0,118.0,0
0.0,0.0,1.0,0.0,0.0,171.0,21.0,0.0,1.0,1.0,136.0,0.0,4.0,1.0,150.4,2
5.0,11.8,1.0,7.0,7.0,9670.0,20.0,5.0,1.0,0.0,112.0,0.0,7.0,0.0,110.6,2
8.0,13.435,1.0,8.0,8.0,9500.0,18.0,8.0,1.0,1.0,139.0,0.0,7.0,0.0,126.3,2
2.0,11.333333333333334,1.0,13.0,12.0,9238.0,21.0,6.0,43.0,0.0,125.0,0.0,4.0,0.0,117.0,0
0.0,0.0,0.0,5.0,0.0,9991.0,31.0,5.0,39.0,0.0,120.0,0.0,5.0,1.0,128.2,0
0.0,0.0,1.0,7.0,6.0,9991.0,24.0,5.0,39.0,0.0,150.0,0.0,9.0,1.0,150.3,0
6.0,12.5,1.0,10.0,9.0,9991.0,41.0,7.0,44.0,0.0,140.0,0.0,9.0,0.0,140.0,1
12.0,12.5,0.0,13.0,12.0,9147.0,42.0,12.0,43.0,0.0,120.0,1.0,9.0,0.0,122.8,0
5.0,10.5,0.0,8.0,9.0,9147.0,19.0,5.0,17.0,0.0,120.0,1.0,9.0,1.0,115.5,1
3.0,12.525,1.0,12.0,14.0,9500.0,27.0,7.0,39.0,0.0,133.1,0.0,-1.0,0.0,143.7,1
0.0,0.0,1.0,5.0,5.0,9147.0,24.0,5.0,39.0,0.0,140.0,0.0,4.0,0.0,118.0,0
7.0,14.4,1.0,8.0,8.0,9500.0,19.0,8.0,1.0,1.0,141.0,0.0,7.0,0.0,139.8,2
0.0,0.0,1.0,0.0,0.0,171.0,20.0,0.0,1.0,0.0,138.0,0.0,4.0,0.0,149.9,2
0.0,0.0,0.0,0.0,0.0,9773.0,20.0,6.0,1.0,0.0,108.0,1.0,7.0,0.0,115.0,0
7.0,13.164285714285716,0.0,7.0,10.0,9500.0,20.0,8.0,17.0,1.0,132.0,0.0,3.0,0.0,125.4,1
1.0,11.0,1.0,12.0,11.0,9119.0,24.0,5.0,39.0,0.0,139.0,1.0,9.0,1.0,110.3,1
0.0,0.0,0.0,3.0,0.0,9070.0,23.0,6.0,7.0,0.0,140.0,0.0,9.0,0.0,140.0,0
6.0,12.5,1.0,6.0,6.0,8014.0,43.0,6.0,1.0,0.0,110.0,0.0,9.0,0.0,108.7,2
4.0,10.25,1.0,10.0,8.0,9853.0,18.0,6.0,1.0,0.0,121.0,0.0,7.0,0.0,120.0,1
2.0,11.5,0.0,11.0,18.0,9085.0,24.0,6.0,44.0,0.0,140.0,1.0,9.0,0.0,140.0,1
6.0,13.5,1.0,6.0,6.0,9070.0,20.0,6.0,1.0,1.0,132.0,0.0,9.0,0.0,133.8,2
6.0,11.5,1.0,6.0,6.0,9254.0,44.0,6.0,39.0,0.0,120.0,0.0,9.0,1.0,131.0,2
6.0,12.428571428571429,1.0,8.0,10.0,9773.0,18.0,6.0,17.0,0.0,121.0,0.0,9.0,0.0,113.7,1
1.0,14.0,1.0,10.0,10.0,9147.0,18.0,5.0,43.0,0.0,131.0,0.0,5.0,0.0,123.7,1
2.0,12.5,1.0,9.0,9.0,9147.0,18.0,5.0,1.0,0.0,125.0,0.0,7.0,0.0,122.2,1
7.0,11.328571428571427,0.0,11.0,11.0,9500.0,23.0,8.0,-1.0,0.0,140.0,1.0,2.0,0.0,140.0,0
5.0,12.6,1.0,11.0,10.0,9500.0,44.0,7.0,51.0,0.0,130.0,0.0,5.0,1.0,120.0,0
4.0,11.25,1.0,11.0,11.0,9254.0,19.0,6.0,17.0,0.0,134.0,0.0,9.0,0.0,124.9,0
4.0,11.75,1.0,8.0,8.0,9238.0,20.0,6.0,1.0,1.0,113.0,1.0,-1.0,0.0,112.3,2
10.0,15.0,0.0,14.0,11.0,9003.0,28.0,10.0,39.0,0.0,130.0,1.0,9.0,1.0,150.0,0
4.0,12.0,1.0,7.0,6.0,9147.0,34.0,5.0,1.0,0.0,151.0,0.0,9.0,0.0,132.1,0
4.0,11.0,1.0,10.0,10.0,9254.0,21.0,6.0,1.0,0.0,112.0,0.0,9.0,0.0,113.8,1
7.0,13.285714285714286,1.0,8.0,8.0,9500.0,22.0,8.0,42.0,0.0,120.0,0.0,9.0,0.0,130.0,2
6.0,12.0,1.0,6.0,6.0,9238.0,18.0,6.0,1.0,1.0,141.0,0.0,9.0,0.0,125.6,2
6.0,11.571428571428571,1.0,8.0,9.0,9773.0,25.0,6.0,1.0,0.0,109.0,1.0,3.0,1.0,111.8,0
5.0,12.333333333333334,1.0,10.0,8.0,9147.0,20.0,5.0,17.0,0.0,122.0,0.0,4.0,0.0,117.8,2
0.0,0.0,1.0,0.0,0.0,171.0,18.0,0.0,1.0,1.0,170.0,0.0,9.0,1.0,160.6,2
0.0,0.0,0.0,5.0,5.0,9991.0,27.0,5.0,43.0,0.0,140.0,0.0,5.0,1.0,124.3,0
4.0,12.75,0.0,12.0,5.0,9085.0,22.0,5.0,1.0,0.0,135.0,0.0,1.0,0.0,133.6,0
2.0,11.0,1.0,11.0,11.0,9119.0,19.0,5.0,-1.0,0.0,160.0,1.0,-1.0,0.0,160.0,1
12.0,14.461538461538462,1.0,13.0,14.0,9003.0,21.0,12.0,1.0,0.0,133.1,1.0,4.0,1.0,115.0,2
1.0,12.0,1.0,6.0,7.0,9119.0,18.0,5.0,42.0,0.0,144.0,0.0,0.0,1.0,119.5,0
0.0,0.0,1.0,4.0,0.0,9773.0,20.0,6.0,1.0,0.0,143.0,0.0,4.0,0.0,129.7,0
6.0,14.285714285714286,1.0,8.0,7.0,9670.0,18.0,6.0,17.0,0.0,122.0,0.0,2.0,1.0,119.6,2
0.0,0.0,1.0,0.0,0.0,171.0,18.0,0.0,43.0,0.0,133.0,0.0,5.0,0.0,133.0,1
6.0,11.666666666666666,1.0,8.0,6.0,8014.0,33.0,6.0,39.0,0.0,120.0,0.0,9.0,1.0,117.0,2
5.0,11.8,1.0,10.0,7.0,9238.0,18.0,6.0,17.0,0.0,136.0,0.0,7.0,1.0,140.9,0
4.0,11.0,1.0,10.0,9.0,9130.0,20.0,5.0,1.0,0.0,106.0,1.0,9.0,0.0,108.0,0
0.0,0.0,0.0,10.0,12.0,9853.0,19.0,6.0,18.0,0.0,128.0,0.0,5.0,1.0,116.8,0
2.0,12.0,1.0,15.0,14.0,9147.0,18.0,5.0,17.0,1.0,133.0,0.0,9.0,0.0,120.1,0
0.0,0.0,0.0,5.0,9.0,9147.0,25.0,5.0,39.0,0.0,120.0,0.0,9.0,0.0,122.7,0
0.0,0.0,1.0,6.0,6.0,9853.0,20.0,6.0,1.0,0.0,131.0,0.0,2.0,0.0,121.9,0
2.0,14.0,0.0,7.0,6.0,9147.0,26.0,6.0,-1.0,0.0,133.1,1.0,3.0,1.0,100.0,0
8.0,13.9475,1.0,8.0,8.0,9500.0,19.0,8.0,1.0,1.0,131.0,0.0,5.0,0.0,129.5,2
0.0,0.0,1.0,5.0,5.0,9147.0,19.0,5.0,17.0,1.0,138.0,1.0,9.0,0.0,123.7,0
6.0,13.666666666666666,1.0,6.0,7.0,9853.0,19.0,6.0,1.0,0.0,130.0,0.0,9.0,0.0,133.2,2
4.0,10.75,1.0,13.0,12.0,9238.0,20.0,6.0,17.0,1.0,154.0,0.0,9.0,0.0,140.4,1
0.0,0.0,1.0,5.0,6.0,9991.0,27.0,5.0,39.0,0.0,150.0,0.0,3.0,0.0,154.0,0
5.0,14.2,1.0,6.0,8.0,9773.0,18.0,6.0,1.0,0.0,137.0,0.0,0.0,0.0,134.2,0
6.0,13.5,1.0,9.0,7.0,9003.0,29.0,6.0,39.0,0.0,120.0,0.0,9.0,1.0,155.8,2
3.0,11.666666666666666,1.0,12.0,10.0,9147.0,19.0,5.0,17.0,1.0,126.0,0.0,4.0,1.0,116.9,1
3.0,12.0,1.0,12.0,14.0,9254.0,19.0,6.0,1.0,0.0,122.0,0.0,9.0,0.0,124.5,2
8.0,12.3,1.0,9.0,8.0,9556.0,28.0,8.0,39.0,0.0,133.1,0.0,9.0,0.0,152.8,1
1.0,14.0,0.0,9.0,8.0,9003.0,29.0,7.0,39.0,0.0,140.0,1.0,9.0,0.0,100.0,0
5.0,11.1,1.0,11.0,9.0,9500.0,19.0,7.0,1.0,1.0,122.0,0.0,4.0,0.0,114.8,1
7.0,14.9125,1.0,8.0,9.0,9500.0,19.0,8.0,18.0,1.0,135.0,0.0,4.0,0.0,127.5,2
0.0,0.0,1.0,0.0,0.0,9130.0,37.0,6.0,43.0,0.0,133.1,0.0,9.0,0.0,100.0,0
5.0,11.0,1.0,9.0,8.0,9254.0,18.0,6.0,1.0,1.0,129.0,0.0,7.0,0.0,122.0,1
6.0,13.0,1.0,8.0,6.0,8014.0,28.0,6.0,39.0,0.0,150.0,0.0,3.0,0.0,134.5,2
0.0,0.0,1.0,8.0,8.0,9500.0,18.0,8.0,1.0,0.0,141.0,0.0,90.0,1.0,128.0,0
4.0,12.75,1.0,7.0,7.0,9991.0,39.0,5.0,39.0,0.0,100.0,0.0,9.0,1.0,140.0,1
7.0,13.242857142857144,1.0,8.0,8.0,9500.0,18.0,8.0,1.0,1.0,131.0,0.0,9.0,0.0,118.0,1
5.0,10.6,0.0,12.0,5.0,9991.0,22.0,5.0,51.0,0.0,110.0,0.0,5.0,0.0,128.2,0
0.0,0.0,1.0,15.0,13.0,9556.0,37.0,7.0,39.0,0.0,133.1,0.0,3.0,1.0,110.5,0
9.0,13.555555555555555,1.0,19.0,15.0,171.0,24.0,13.0,-1.0,0.0,145.0,0.0,3.0,0.0,155.0,1
0.0,0.0,1.0,0.0,0.0,9085.0,21.0,6.0,17.0,0.0,117.0,0.0,5.0,0.0,111.1,0
7.0,12.857142857142858,1.0,12.0,12.0,9500.0,18.0,8.0,1.0,0.0,142.0,0.0,1.0,0.0,125.5,2
0.0,0.0,1.0,7.0,6.0,9670.0,19.0,6.0,1.0,0.0,133.1,0.0,4.0,1.0,98.6,0
2.0,11.0,1.0,8.0,9.0,9670.0,22.0,5.0,1.0,0.0,117.0,0.0,9.0,0.0,111.8,1
0.0,0.0,0.0,6.0,6.0,9003.0,48.0,6.0,39.0,0.0,123.0,1.0,9.0,0.0,110.0,0
5.0,12.0,1.0,8.0,8.0,9147.0,21.0,5.0,1.0,0.0,143.0,0.0,9.0,0.0,135.0,1
0.0,0.0,1.0,6.0,5.0,8014.0,43.0,5.0,39.0,1.0,133.1,0.0,9.0,0.0,140.0,0
5.0,13.142857142857142,1.0,7.0,7.0,9991.0,28.0,5.0,7.0,0.0,130.0,0.0,2.0,0.0,133.9,2
3.0,12.333333333333334,1.0,17.0,14.0,9773.0,22.0,6.0,43.0,0.0,128.0,0.0,9.0,1.0,124.2,1
6.0,12.166666666666666,1.0,12.0,11.0,9853.0,18.0,7.0,18.0,0.0,120.0,0.0,9.0,0.0,115.8,1
8.0,14.0625,1.0,8.0,8.0,9500.0,18.0,8.0,1.0,0.0,140.0,0.0,7.0,0.0,129.9,0
1.0,10.0,0.0,8.0,9.0,9147.0,26.0,5.0,39.0,0.0,120.0,0.0,9.0,1.0,104.0,0
4.0,11.6,1.0,8.0,9.0,9147.0,19.0,5.0,17.0,0.0,131.0,0.0,3.0,0.0,119.8,2
5.0,11.8,0.0,11.0,10.0,9853.0,18.0,6.0,1.0,0.0,124.0,0.0,5.0,0.0,118.1,0
0.0,0.0,0.0,0.0,0.0,171.0,19.0,0.0,1.0,1.0,129.0,1.0,9.0,1.0,127.3,0
7.0,14.285714285714286,1.0,8.0,8.0,9500.0,19.0,8.0,1.0,0.0,143.0,0.0,9.0,1.0,140.0,2
6.0,12.833333333333334,1.0,6.0,6.0,9070.0,18.0,6.0,1.0,1.0,143.0,0.0,9.0,0.0,134.6,0
0.0,0.0,1.0,7.0,7.0,9991.0,24.0,5.0,39.0,0.0,133.1,0.0,2.0,1.0,100.0,0
7.0,12.324285714285711,1.0,8.0,8.0,9500.0,18.0,8.0,1.0,0.0,140.0,0.0,7.0,0.0,129.5,2
2.0,12.333333333333334,0.0,8.0,8.0,9085.0,20.0,5.0,17.0,0.0,120.0,0.0,9.0,0.0,115.0,0
0.0,0.0,1.0,7.0,5.0,9147.0,18.0,5.0,1.0,1.0,150.0,0.0,0.0,1.0,152.8,0
4.0,13.25,1.0,9.0,6.0,9254.0,22.0,6.0,1.0,1.0,129.0,0.0,3.0,0.0,121.0,2
0.0,0.0,1.0,10.0,7.0,9238.0,19.0,6.0,17.0,0.0,118.0,0.0,4.0,0.0,112.4,0
11.0,11.363636363636363,1.0,21.0,15.0,9991.0,37.0,12.0,43.0,0.0,120.0,0.0,9.0,0.0,120.0,2
12.0,13.214285714285714,1.0,21.0,19.0,9003.0,23.0,12.0,7.0,0.0,130.0,0.0,4.0,0.0,130.0,2
9.0,11.0,1.0,21.0,16.0,8014.0,44.0,11.0,39.0,0.0,140.0,0.0,9.0,1.0,167.224,1
0.0,0.0,0.0,8.0,10.0,9003.0,36.0,6.0,42.0,0.0,130.0,0.0,2.0,1.0,105.3,0
1.0,10.0,1.0,11.0,12.0,9130.0,31.0,6.0,39.0,0.0,130.0,0.0,9.0,1.0,160.0,0
4.0,11.75,1.0,12.0,11.0,9147.0,19.0,5.0,17.0,1.0,127.0,0.0,4.0,0.0,124.6,1
4.0,12.0,0.0,5.0,5.0,9147.0,19.0,5.0,17.0,1.0,147.0,1.0,9.0,0.0,142.8,1
7.0,12.714285714285714,1.0,12.0,12.0,9500.0,24.0,8.0,39.0,0.0,148.0,0.0,2.0,0.0,130.0,1
4.0,11.8,1.0,7.0,11.0,9254.0,25.0,6.0,39.0,0.0,133.1,0.0,5.0,1.0,119.3,1
3.0,11.0,1.0,10.0,9.0,9147.0,21.0,5.0,1.0,0.0,122.0,0.0,4.0,1.0,116.4,1
2.0,11.0,1.0,9.0,10.0,9147.0,20.0,5.0,1.0,0.0,117.0,0.0,9.0,0.0,120.2,1
0.0,0.0,1.0,5.0,5.0,9991.0,46.0,5.0,39.0,0.0,110.0,0.0,0.0,0.0,114.6,0
6.0,12.758333333333333,0.0,9.0,9.0,9500.0,18.0,8.0,1.0,0.0,139.0,0.0,1.0,0.0,130.8,0
0.0,0.0,1.0,0.0,0.0,9500.0,19.0,8.0,17.0,0.0,131.0,0.0,9.0,0.0,123.8,0
2.0,11.0,0.0,6.0,6.0,9773.0,18.0,6.0,1.0,0.0,120.0,1.0,9.0,0.0,119.0,0
6.0,12.833333333333334,1.0,6.0,6.0,9254.0,19.0,6.0,-1.0,1.0,122.0,0.0,9.0,0.0,119.6,2
0.0,0.0,1.0,0.0,0.0,171.0,19.0,0.0,1.0,1.0,136.0,0.0,5.0,1.0,129.0,2
4.0,14.6,1.0,8.0,11.0,9670.0,18.0,6.0,17.0,0.0,120.0,0.0,5.0,0.0,117.2,2
6.0,14.285714285714286,1.0,7.0,8.0,9085.0,26.0,6.0,39.0,0.0,128.0,0.0,9.0,0.0,157.4,2
7.0,12.142857142857142,1.0,7.0,10.0,9070.0,21.0,9.0,44.0,1.0,120.0,0.0,5.0,1.0,116.3,2
3.0,13.0,1.0,7.0,9.0,9085.0,20.0,6.0,44.0,0.0,140.0,0.0,3.0,0.0,140.0,1
7.0,12.84142857142857,1.0,8.0,8.0,9500.0,20.0,8.0,1.0,0.0,148.0,0.0,9.0,1.0,127.0,2
6.0,12.833333333333334,0.0,10.0,9.0,9003.0,34.0,6.0,39.0,0.0,150.0,1.0,2.0,0.0,120.0,1
7.0,12.228571428571428,1.0,9.0,7.0,9500.0,18.0,7.0,1.0,1.0,126.0,0.0,7.0,0.0,121.3,1
0.0,0.0,0.0,6.0,10.0,9853.0,32.0,5.0,39.0,0.0,110.0,1.0,9.0,0.0,98.6,0
5.0,12.2,1.0,7.0,5.0,9085.0,21.0,5.0,1.0,1.0,117.0,0.0,9.0,0.0,113.5,2
6.0,15.166666666666666,0.0,6.0,6.0,9238.0,18.0,6.0,1.0,0.0,147.0,0.0,4.0,0.0,137.2,2
5.0,11.98,1.0,8.0,8.0,9500.0,18.0,7.0,43.0,1.0,126.0,0.0,6.0,0.0,124.3,1
0.0,0.0,1.0,0.0,0.0,171.0,33.0,0.0,39.0,1.0,133.1,1.0,9.0,1.0,100.0,0
7.0,13.1,1.0,8.0,8.0,9500.0,18.0,8.0,1.0,0.0,149.0,0.0,4.0,1.0,129.3,2
0.0,0.0,0.0,6.0,9.0,9670.0,34.0,6.0,39.0,0.0,133.1,0.0,90.0,1.0,103.0,0
0.0,0.0,1.0,9.0,5.0,9147.0,18.0,5.0,17.0,0.0,139.0,1.0,6.0,1.0,143.6,1
4.0,12.0,1.0,11.0,9.0,9991.0,38.0,5.0,39.0,0.0,110.0,0.0,5.0,0.0,120.0,0
2.0,12.5,1.0,7.0,8.0,9119.0,20.0,5.0,17.0,0.0,131.0,0.0,9.0,1.0,123.7,1
10.0,13.0,1.0,17.0,14.0,8014.0,37.0,11.0,44.0,0.0,150.0,0.0,5.0,1.0,154.0,2
0.0,0.0,1.0,0.0,0.0,171.0,19.0,0.0,1.0,0.0,139.0,0.0,9.0,0.0,127.8,0
6.0,13.5,0.0,9.0,7.0,9238.0,20.0,6.0,-1.0,0.0,150.0,0.0,2.0,0.0,132.5,2
5.0,13.82,1.0,11.0,9.0,9500.0,21.0,7.0,1.0,0.0,120.0,0.0,9.0,0.0,114.8,1
2.0,11.333333333333334,1.0,6.0,8.0,9070.0,20.0,6.0,1.0,0.0,145.0,0.0,5.0,1.0,127.5,1
8.0,12.86,1.0,10.0,10.0,9500.0,18.0,8.0,1.0,0.0,141.0,0.0,5.0,0.0,125.5,2
4.0,12.5,1.0,9.0,10.0,9003.0,19.0,6.0,1.0,1.0,144.0,0.0,9.0,1.0,132.8,1
7.0,12.285714285714286,1.0,12.0,12.0,9500.0,18.0,8.0,17.0,0.0,145.0,0.0,3.0,0.0,136.3,1
4.0,11.25,1.0,10.0,9.0,9991.0,26.0,5.0,39.0,0.0,150.0,0.0,9.0,0.0,138.5,1
5.0,11.6,1.0,8.0,10.0,9670.0,20.0,6.0,1.0,0.0,132.0,0.0,-1.0,1.0,143.6,1
4.0,10.0,1.0,12.0,9.0,9147.0,24.0,5.0,39.0,0.0,133.1,0.0,9.0,0.0,134.8,1
0.0,0.0,1.0,0.0,0.0,9500.0,32.0,8.0,39.0,0.0,140.0,0.0,9.0,0.0,135.5,0
3.0,10.333333333333334,1.0,13.0,12.0,9254.0,20.0,6.0,17.0,0.0,136.0,0.0,7.0,0.0,121.7,1
0.0,0.0,1.0,0.0,0.0,9070.0,20.0,6.0,1.0,0.0,133.1,0.0,7.0,0.0,117.0,0
3.0,10.333333333333334,1.0,16.0,10.0,9147.0,32.0,8.0,51.0,0.0,116.0,1.0,2.0,1.0,115.2,1
4.0,11.0,1.0,10.0,13.0,8014.0,45.0,8.0,39.0,0.0,100.0,0.0,9.0,1.0,111.5,0
4.0,11.6,0.0,6.0,8.0,9070.0,21.0,6.0,17.0,0.0,122.0,1.0,5.0,0.0,119.6,0
4.0,11.75,1.0,6.0,7.0,9670.0,28.0,5.0,39.0,0.0,140.0,0.0,0.0,0.0,100.0,2
6.0,12.714285714285714,1.0,8.0,7.0,9238.0,19.0,6.0,17.0,1.0,122.0,0.0,7.0,0.0,112.9,2
5.0,10.2,1.0,7.0,6.0,9991.0,28.0,5.0,39.0,1.0,170.0,0.0,9.0,0.0,150.0,1
3.0,13.333333333333334,1.0,11.0,10.0,9130.0,29.0,5.0,39.0,0.0,133.1,0.0,4.0,1.0,120.0,0
7.0,11.635714285714286,1.0,8.0,8.0,9500.0,43.0,8.0,39.0,0.0,133.1,0.0,9.0,1.0,100.5,1
3.0,12.666666666666666,1.0,5.0,7.0,9085.0,18.0,5.0,17.0,0.0,123.0,0.0,2.0,1.0,118.9,1
8.0,13.0625,1.0,10.0,8.0,9500.0,20.0,8.0,18.0,1.0,143.0,0.0,4.0,0.0,116.5,2
6.0,11.833333333333334,1.0,6.0,6.0,9070.0,20.0,6.0,1.0,1.0,110.0,0.0,9.0,0.0,105.1,2
0.0,0.0,1.0,5.0,5.0,9147.0,19.0,5.0,1.0,1.0,120.0,0.0,4.0,1.0,113.4,0
6.0,13.016666666666666,1.0,7.0,7.0,9500.0,20.0,7.0,1.0,0.0,127.0,0.0,7.0,1.0,121.5,1
6.0,12.142857142857142,1.0,6.0,8.0,9085.0,20.0,6.0,17.0,1.0,128.0,0.0,2.0,0.0,123.3,2
0.0,0.0,1.0,6.0,6.0,9070.0,18.0,6.0,17.0,0.0,136.0,0.0,7.0,0.0,121.7,0
4.0,12.25,1.0,7.0,6.0,9147.0,18.0,5.0,1.0,1.0,130.0,0.0,9.0,1.0,119.5,1
6.0,14.0,1.0,6.0,6.0,9773.0,18.0,6.0,17.0,1.0,132.0,0.0,9.0,0.0,120.1,2
7.0,12.485714285714286,1.0,8.0,8.0,9500.0,19.0,8.0,17.0,1.0,144.0,0.0,5.0,0.0,141.0,2
6.0,14.066666666666668,1.0,7.0,7.0,9500.0,18.0,7.0,1.0,1.0,140.0,0.0,4.0,0.0,128.0,2
7.0,14.828571428571427,1.0,8.0,8.0,9500.0,18.0,8.0,17.0,0.0,146.0,0.0,2.0,0.0,140.0,2
1.0,10.0,1.0,7.0,16.0,9130.0,30.0,6.0,39.0,1.0,133.1,0.0,5.0,0.0,110.0,0
0.0,0.0,1.0,0.0,0.0,171.0,19.0,0.0,1.0,0.0,118.0,0.0,3.0,1.0,110.0,0
6.0,16.0,1.0,7.0,6.0,9773.0,36.0,6.0,39.0,0.0,130.0,0.0,1.0,1.0,161.5,2
5.0,11.2,1.0,14.0,9.0,8014.0,26.0,6.0,39.0,0.0,140.0,0.0,9.0,0.0,105.0,1
2.0,10.0,1.0,14.0,10.0,9991.0,38.0,10.0,43.0,0.0,130.0,0.0,9.0,0.0,110.0,0
8.0,12.88625,1.0,8.0,8.0,9500.0,23.0,8.0,42.0,0.0,124.0,0.0,4.0,0.0,124.0,2
3.0,11.25,1.0,8.0,8.0,9991.0,25.0,5.0,39.0,0.0,130.0,0.0,9.0,0.0,130.1,1
4.0,12.6,1.0,16.0,9.0,9238.0,24.0,7.0,43.0,0.0,133.1,0.0,4.0,0.0,120.6,2
11.0,14.333333333333334,1.0,12.0,14.0,171.0,20.0,11.0,1.0,1.0,139.0,0.0,9.0,1.0,142.2,2
6.0,10.833333333333334,1.0,8.0,11.0,9254.0,18.0,6.0,1.0,0.0,136.0,0.0,4.0,0.0,122.0,2
0.0,0.0,1.0,11.0,5.0,9119.0,30.0,5.0,39.0,1.0,133.1,0.0,9.0,1.0,101.6,0
6.0,13.083333333333334,1.0,11.0,12.0,9500.0,20.0,8.0,17.0,0.0,160.0,0.0,7.0,0.0,147.8,1
5.0,13.2,1.0,5.0,5.0,9147.0,18.0,5.0,1.0,0.0,133.0,0.0,9.0,1.0,129.9,2
6.0,13.7,1.0,7.0,7.0,9500.0,19.0,7.0,1.0,0.0,138.0,0.0,4.0,1.0,141.0,2
0.0,0.0,0.0,5.0,5.0,9085.0,27.0,5.0,39.0,0.0,133.1,1.0,-1.0,1.0,128.2,0
6.0,11.666666666666666,1.0,10.0,8.0,9238.0,20.0,6.0,17.0,1.0,120.0,0.0,9.0,0.0,113.4,2
6.0,11.666666666666666,1.0,21.0,13.0,9003.0,22.0,7.0,44.0,0.0,130.0,0.0,3.0,1.0,130.0,0
7.0,12.4125,1.0,9.0,10.0,9500.0,20.0,8.0,17.0,0.0,128.0,0.0,4.0,0.0,117.2,2
6.0,13.2,1.0,8.0,10.0,9003.0,20.0,6.0,44.0,1.0,160.0,0.0,9.0,0.0,160.0,2
5.0,12.4,1.0,9.0,11.0,9773.0,18.0,6.0,1.0,1.0,132.0,0.0,9.0,0.0,126.4,2
0.0,0.0,1.0,0.0,0.0,171.0,19.0,0.0,43.0,0.0,136.0,0.0,9.0,1.0,123.8,0
8.0,13.31375,1.0,8.0,8.0,9500.0,19.0,8.0,17.0,1.0,128.0,0.0,9.0,0.0,124.3,2
5.0,14.166666666666666,0.0,9.0,12.0,9130.0,18.0,6.0,17.0,0.0,143.0,1.0,2.0,0.0,131.8,1
0.0,0.0,0.0,4.0,0.0,9991.0,42.0,5.0,39.0,0.0,110.0,0.0,9.0,1.0,130.0,0
7.0,11.705714285714285,1.0,11.0,11.0,9500.0,34.0,8.0,39.0,0.0,100.0,0.0,2.0,0.0,121.3,1
0.0,0.0,1.0,0.0,0.0,9085.0,18.0,6.0,17.0,0.0,127.0,0.0,-1.0,0.0,117.6,0
0.0,0.0,1.0,16.0,12.0,9254.0,21.0,6.0,1.0,0.0,133.1,0.0,3.0,0.0,98.6,0
2.0,13.4,1.0,11.0,7.0,9500.0,18.0,7.0,43.0,1.0,127.0,0.0,4.0,0.0,121.1,1
8.0,14.575,1.0,7.0,8.0,9500.0,19.0,8.0,17.0,1.0,131.0,0.0,5.0,0.0,127.2,2
6.0,15.571428571428571,1.0,10.0,9.0,9003.0,29.0,6.0,7.0,0.0,130.0,0.0,6.0,1.0,130.0,2
7.0,13.857142857142858,1.0,9.0,7.0,8014.0,50.0,7.0,39.0,0.0,133.1,0.0,9.0,1.0,162.5,2
3.0,13.75,1.0,14.0,17.0,9085.0,18.0,6.0,1.0,0.0,120.0,0.0,2.0,0.0,113.4,1
0.0,0.0,1.0,0.0,0.0,171.0,24.0,0.0,39.0,0.0,145.0,0.0,2.0,1.0,114.5,2
2.0,11.0,1.0,14.0,10.0,9119.0,34.0,5.0,39.0,1.0,120.0,1.0,9.0,1.0,116.0,1
0.0,0.0,1.0,0.0,0.0,171.0,18.0,0.0,17.0,0.0,146.0,0.0,3.0,0.0,155.1,2
7.0,12.764285714285714,1.0,8.0,8.0,9500.0,19.0,8.0,1.0,0.0,140.0,0.0,4.0,0.0,128.3,2
3.0,11.333333333333334,1.0,7.0,7.0,9991.0,37.0,5.0,39.0,0.0,130.0,0.0,9.0,1.0,127.8,1
0.0,0.0,1.0,9.0,10.0,9070.0,23.0,6.0,1.0,0.0,116.0,0.0,0.0,1.0,108.7,0
7.0,13.214285714285714,1.0,8.0,8.0,9500.0,18.0,8.0,1.0,1.0,136.0,0.0,9.0,0.0,119.3,2
1.0,10.0,1.0,15.0,17.0,9238.0,28.0,6.0,39.0,0.0,160.0,1.0,9.0,1.0,124.0,1
4.0,13.0,1.0,7.0,6.0,9670.0,18.0,6.0,1.0,0.0,115.0,0.0,9.0,1.0,114.3,0
5.0,13.2,1.0,8.0,9.0,9254.0,36.0,6.0,39.0,0.0,150.0,0.0,9.0,1.0,115.0,2
5.0,11.0,1.0,11.0,11.0,9773.0,22.0,6.0,17.0,1.0,115.0,0.0,5.0,0.0,119.6,0
0.0,0.0,1.0,7.0,8.0,-1.0,32.0,7.0,43.0,0.0,134.0,0.0,1.0,1.0,100.0,0
0.0,0.0,0.0,0.0,0.0,171.0,19.0,0.0,1.0,0.0,138.0,0.0,7.0,0.0,124.0,0
6.0,13.285714285714286,1.0,6.0,7.0,8014.0,22.0,6.0,44.0,0.0,120.0,0.0,7.0,0.0,121.8,2
4.0,13.25,1.0,6.0,9.0,9085.0,24.0,5.0,1.0,0.0,125.0,0.0,4.0,0.0,114.5,2
6.0,12.833333333333334,1.0,6.0,6.0,8014.0,25.0,6.0,1.0,0.0,123.0,0.0,9.0,0.0,121.3,2
0.0,0.0,1.0,9.0,9.0,9130.0,25.0,5.0,7.0,0.0,140.0,0.0,0.0,0.0,140.0,0
3.0,13.333333333333334,1.0,5.0,9.0,9147.0,22.0,5.0,43.0,0.0,130.0,0.0,9.0,1.0,130.8,1
6.0,12.857142857142858,1.0,11.0,12.0,9003.0,21.0,6.0,44.0,0.0,160.0,0.0,6.0,0.0,160.0,2
0.0,0.0,1.0,0.0,0.0,171.0,25.0,0.0,39.0,1.0,133.1,0.0,2.0,1.0,110.0,0
5.0,13.6,1.0,5.0,6.0,9147.0,18.0,5.0,1.0,1.0,150.0,0.0,9.0,0.0,138.5,2
9.0,11.333333333333334,1.0,17.0,13.0,9991.0,28.0,13.0,51.0,0.0,120.0,0.0,4.0,1.0,118.1,0
5.0,12.714285714285714,1.0,9.0,8.0,9085.0,18.0,5.0,1.0,0.0,122.0,0.0,2.0,0.0,113.3,1
0.0,0.0,1.0,1.0,0.0,9003.0,47.0,6.0,39.0,0.0,170.0,1.0,6.0,0.0,167.224,1
4.0,11.75,1.0,15.0,8.0,9003.0,21.0,6.0,44.0,1.0,130.0,0.0,9.0,1.0,130.0,2
7.0,11.82,1.0,8.0,8.0,9500.0,19.0,8.0,18.0,1.0,123.0,0.0,3.0,0.0,118.0,2
3.0,11.0,1.0,18.0,10.0,9238.0,20.0,10.0,51.0,0.0,122.0,1.0,5.0,0.0,112.6,1
4.0,13.0,0.0,7.0,8.0,9670.0,20.0,6.0,17.0,0.0,138.0,1.0,4.0,1.0,123.0,1
1.0,11.0,0.0,10.0,9.0,9003.0,35.0,6.0,7.0,0.0,140.0,0.0,2.0,1.0,140.0,0
6.0,12.0,1.0,8.0,6.0,9238.0,19.0,6.0,-1.0,1.0,122.0,0.0,9.0,0.0,127.3,2
0.0,0.0,0.0,14.0,0.0,9500.0,19.0,8.0,18.0,0.0,142.0,0.0,9.0,0.0,128.0,0
3.0,13.0,1.0,6.0,9.0,9119.0,18.0,5.0,1.0,0.0,126.0,0.0,2.0,1.0,123.6,0
5.0,12.4,0.0,10.0,8.0,9238.0,22.0,6.0,-1.0,0.0,150.0,1.0,9.0,1.0,146.5,2
7.0,13.571428571428571,1.0,9.0,8.0,9500.0,20.0,8.0,1.0,0.0,138.0,0.0,9.0,0.0,144.3,2
6.0,12.666666666666666,1.0,6.0,7.0,9773.0,18.0,6.0,1.0,1.0,146.0,0.0,9.0,1.0,134.1,0
12.0,13.75,1.0,21.0,15.0,9003.0,32.0,13.0,39.0,0.0,130.0,0.0,7.0,1.0,120.0,2
4.0,13.857142857142858,1.0,6.0,9.0,9147.0,19.0,5.0,1.0,1.0,129.0,0.0,9.0,0.0,117.8,1
0.0,0.0,1.0,10.0,5.0,9147.0,21.0,5.0,17.0,0.0,145.0,0.0,4.0,1.0,132.1,0
0.0,0.0,0.0,5.0,5.0,9119.0,20.0,5.0,17.0,0.0,123.0,1.0,2.0,1.0,116.0,0
0.0,0.0,0.0,0.0,0.0,9254.0,26.0,6.0,39.0,0.0,137.0,0.0,5.0,1.0,124.5,0
5.0,11.5,1.0,10.0,17.0,9991.0,50.0,5.0,39.0,0.0,133.1,1.0,9.0,1.0,114.8,2
7.0,12.2,1.0,7.0,7.0,9500.0,19.0,7.0,1.0,0.0,137.0,0.0,4.0,1.0,125.3,1
0.0,0.0,0.0,3.0,0.0,9085.0,26.0,6.0,7.0,0.0,150.0,1.0,9.0,0.0,150.0,0
5.0,11.7,1.0,11.0,19.0,9556.0,25.0,8.0,39.0,0.0,130.0,0.0,9.0,0.0,159.0,1
7.0,12.142857142857142,1.0,8.0,11.0,9070.0,26.0,8.0,43.0,0.0,150.0,0.0,3.0,1.0,126.4,1
0.0,0.0,1.0,11.0,10.0,9238.0,22.0,5.0,43.0,0.0,129.0,0.0,0.0,1.0,118.9,0
5.0,12.2,1.0,10.0,11.0,9670.0,18.0,6.0,1.0,0.0,120.0,0.0,4.0,0.0,112.0,1
5.0,10.4,1.0,8.0,12.0,9853.0,18.0,6.0,1.0,0.0,141.0,0.0,9.0,0.0,133.0,0
5.0,12.4,1.0,14.0,11.0,9238.0,48.0,6.0,39.0,0.0,133.1,0.0,4.0,0.0,98.6,0
6.0,12.571428571428571,1.0,9.0,9.0,9500.0,18.0,7.0,17.0,0.0,140.0,0.0,5.0,0.0,128.5,1
0.0,0.0,0.0,12.0,8.0,9085.0,19.0,5.0,1.0,0.0,121.0,0.0,9.0,0.0,114.0,0
3.0,11.666666666666666,1.0,8.0,12.0,9254.0,20.0,6.0,17.0,0.0,113.0,0.0,9.0,0.0,117.2,0
6.0,11.783333333333331,1.0,9.0,9.0,9500.0,18.0,7.0,1.0,0.0,125.0,0.0,3.0,0.0,115.6,1
0.0,0.0,1.0,12.0,17.0,9085.0,20.0,6.0,17.0,0.0,130.0,0.0,9.0,1.0,101.3,0
5.0,13.0,1.0,7.0,7.0,9853.0,20.0,6.0,17.0,0.0,122.0,0.0,9.0,0.0,118.9,2
2.0,12.0,1.0,5.0,7.0,9147.0,26.0,5.0,42.0,0.0,130.0,0.0,9.0,0.0,130.0,1
6.0,16.0,1.0,10.0,11.0,9238.0,18.0,6.0,1.0,0.0,168.0,0.0,9.0,0.0,149.5,2
0.0,0.0,0.0,10.0,7.0,9130.0,22.0,6.0,44.0,0.0,150.0,0.0,4.0,0.0,150.0,0
0.0,0.0,0.0,0.0,0.0,171.0,19.0,0.0,1.0,0.0,127.0,0.0,9.0,0.0,124.2,0
4.0,11.0,1.0,8.0,6.0,9670.0,19.0,5.0,1.0,0.0,127.0,0.0,4.0,1.0,128.1,1
6.0,11.5,1.0,6.0,8.0,9070.0,20.0,6.0,17.0,0.0,136.0,0.0,4.0,0.0,130.8,1
3.0,10.666666666666666,1.0,9.0,13.0,9130.0,20.0,6.0,44.0,0.0,130.0,1.0,3.0,1.0,130.0,0
0.0,0.0,1.0,6.0,0.0,9773.0,18.0,6.0,17.0,0.0,127.0,0.0,5.0,0.0,120.0,0
4.0,11.0,1.0,14.0,9.0,9238.0,18.0,6.0,1.0,1.0,135.0,0.0,4.0,0.0,121.7,1
6.0,14.5,1.0,17.0,15.0,9238.0,38.0,6.0,7.0,0.0,130.0,0.0,4.0,0.0,130.0,2
3.0,10.333333333333334,0.0,11.0,14.0,9085.0,24.0,6.0,39.0,0.0,133.1,1.0,9.0,0.0,140.0,0
0.0,0.0,1.0,6.0,7.0,9003.0,26.0,6.0,44.0,0.0,140.0,1.0,-1.0,1.0,140.0,1
4.0,11.2,1.0,9.0,8.0,9070.0,18.0,6.0,17.0,1.0,125.0,0.0,3.0,0.0,128.9,1
5.0,13.0,1.0,8.0,7.0,8014.0,45.0,6.0,39.0,0.0,133.1,0.0,5.0,0.0,134.5,1
6.0,11.333333333333334,1.0,8.0,6.0,9238.0,18.0,6.0,1.0,0.0,131.0,0.0,9.0,0.0,135.9,2
3.0,10.5,1.0,13.0,12.0,9147.0,18.0,5.0,1.0,1.0,132.0,0.0,4.0,0.0,126.4,2
0.0,0.0,0.0,14.0,13.0,9254.0,19.0,6.0,17.0,0.0,137.0,1.0,0.0,0.0,137.7,0
5.0,12.14,1.0,11.0,13.0,9500.0,26.0,8.0,39.0,0.0,150.0,0.0,5.0,0.0,140.0,1
6.0,13.333333333333334,1.0,6.0,6.0,9773.0,19.0,6.0,1.0,0.0,133.0,0.0,3.0,0.0,135.8,2
0.0,0.0,1.0,0.0,0.0,9147.0,18.0,5.0,1.0,0.0,146.0,0.0,3.0,1.0,138.7,0
10.0,14.6,1.0,14.0,13.0,9991.0,41.0,10.0,43.0,0.0,130.0,0.0,1.0,0.0,130.0,2
0.0,0.0,1.0,9.0,5.0,9147.0,18.0,5.0,17.0,0.0,139.0,1.0,6.0,1.0,143.6,1
4.0,11.25,1.0,15.0,8.0,9773.0,23.0,6.0,43.0,0.0,121.0,0.0,4.0,1.0,121.0,1
5.0,11.6,1.0,14.0,8.0,9085.0,18.0,5.0,1.0,0.0,135.0,0.0,4.0,0.0,121.0,1
6.0,13.142857142857142,1.0,9.0,7.0,9670.0,20.0,6.0,17.0,0.0,113.0,0.0,3.0,0.0,112.3,2
4.0,14.8,1.0,6.0,7.0,9085.0,18.0,5.0,1.0,0.0,140.0,0.0,90.0,0.0,135.8,2
4.0,11.75,1.0,7.0,6.0,9670.0,21.0,5.0,1.0,0.0,135.0,0.0,5.0,1.0,121.4,2
0.0,0.0,1.0,9.0,12.0,9254.0,20.0,6.0,17.0,0.0,132.0,0.0,0.0,1.0,126.1,0
0.0,0.0,1.0,13.0,6.0,9254.0,34.0,6.0,1.0,0.0,170.0,0.0,2.0,1.0,157.7,0
0.0,0.0,1.0,10.0,13.0,9147.0,19.0,5.0,17.0,0.0,162.0,0.0,4.0,0.0,138.6,1
7.0,15.57,1.0,8.0,8.0,9500.0,27.0,8.0,39.0,0.0,130.0,0.0,3.0,1.0,143.8,0
6.0,13.0,1.0,6.0,6.0,9070.0,18.0,6.0,17.0,0.0,130.0,0.0,9.0,0.0,123.7,2
11.0,11.909090909090908,1.0,19.0,19.0,171.0,23.0,14.0,1.0,0.0,131.0,1.0,7.0,1.0,127.2,1
5.0,13.666666666666666,1.0,8.0,9.0,9853.0,20.0,6.0,17.0,1.0,121.0,0.0,5.0,0.0,113.7,2
4.0,11.6,1.0,6.0,8.0,9147.0,20.0,5.0,17.0,1.0,114.0,0.0,4.0,1.0,109.5,2
0.0,0.0,1.0,8.0,10.0,9003.0,27.0,6.0,7.0,0.0,130.0,0.0,5.0,1.0,130.0,0
6.0,13.333333333333334,1.0,6.0,6.0,9853.0,18.0,6.0,1.0,0.0,145.0,0.0,9.0,0.0,146.8,2
10.0,11.9,1.0,15.0,17.0,9070.0,29.0,11.0,42.0,0.0,100.0,0.0,2.0,0.0,115.9,1
6.0,12.666666666666666,1.0,6.0,6.0,9070.0,19.0,6.0,1.0,0.0,128.0,0.0,7.0,0.0,126.3,2
6.0,12.416666666666666,1.0,8.0,11.0,9500.0,19.0,8.0,1.0,0.0,126.0,0.0,9.0,0.0,125.0,2
5.0,12.0,1.0,6.0,7.0,9991.0,35.0,5.0,39.0,0.0,140.0,1.0,9.0,1.0,150.0,0
7.0,12.744285714285716,1.0,8.0,8.0,9500.0,20.0,8.0,1.0,1.0,129.0,0.0,5.0,0.0,120.8,2
4.0,13.0,0.0,7.0,8.0,9670.0,20.0,6.0,17.0,0.0,138.0,1.0,4.0,1.0,123.0,1
0.0,0.0,1.0,0.0,0.0,9773.0,22.0,6.0,1.0,0.0,133.1,0.0,90.0,0.0,129.6,0
6.0,14.0,1.0,9.0,8.0,9670.0,21.0,6.0,-1.0,0.0,133.1,0.0,9.0,0.0,100.0,2
0.0,0.0,0.0,0.0,0.0,171.0,18.0,0.0,1.0,1.0,140.0,0.0,7.0,0.0,126.8,0
3.0,12.0,1.0,11.0,10.0,9991.0,26.0,5.0,1.0,0.0,122.0,0.0,9.0,1.0,113.6,1
5.0,12.4,1.0,5.0,5.0,9085.0,18.0,5.0,1.0,0.0,130.0,0.0,90.0,0.0,122.6,2
0.0,0.0,1.0,14.0,5.0,8014.0,24.0,5.0,39.0,0.0,133.1,0.0,4.0,1.0,130.0,0
2.0,11.5,1.0,13.0,17.0,9085.0,21.0,6.0,1.0,0.0,105.0,0.0,-1.0,0.0,102.6,1
1.0,14.0,1.0,8.0,11.0,9254.0,19.0,6.0,17.0,0.0,158.0,0.0,5.0,0.0,138.1,0
0.0,0.0,1.0,0.0,0.0,171.0,23.0,0.0,17.0,1.0,114.0,0.0,9.0,1.0,129.1,2
6.0,11.833333333333334,1.0,10.0,10.0,9500.0,19.0,8.0,1.0,1.0,139.0,0.0,6.0,0.0,121.3,1
1.0,12.0,1.0,9.0,5.0,9147.0,22.0,5.0,1.0,0.0,130.0,0.0,9.0,1.0,124.8,0
2.0,12.0,1.0,8.0,10.0,9147.0,20.0,5.0,1.0,0.0,117.0,0.0,5.0,1.0,118.4,1
7.0,14.114285714285714,1.0,8.0,9.0,9500.0,19.0,8.0,1.0,0.0,126.0,0.0,3.0,0.0,123.9,2
9.0,13.555555555555555,1.0,19.0,15.0,171.0,24.0,13.0,-1.0,0.0,145.0,0.0,3.0,0.0,155.0,1
5.0,12.666666666666666,1.0,5.0,6.0,9991.0,24.0,5.0,39.0,0.0,130.0,0.0,4.0,1.0,115.2,1
5.0,13.8,1.0,9.0,6.0,9070.0,20.0,6.0,1.0,1.0,129.0,0.0,4.0,1.0,132.9,1
6.0,13.285714285714286,1.0,6.0,7.0,9238.0,20.0,6.0,1.0,0.0,105.0,0.0,6.0,0.0,106.1,2
7.0,11.857142857142858,1.0,13.0,7.0,9556.0,24.0,7.0,39.0,1.0,130.0,0.0,9.0,1.0,110.0,1
0.0,0.0,1.0,18.0,13.0,9556.0,24.0,7.0,39.0,0.0,133.1,0.0,9.0,1.0,100.5,0
4.0,11.6,1.0,7.0,9.0,9991.0,49.0,5.0,43.0,0.0,114.0,0.0,7.0,1.0,116.7,0
4.0,11.5,1.0,12.0,9.0,9670.0,32.0,9.0,43.0,0.0,100.0,0.0,0.0,1.0,128.2,2
5.0,11.0,0.0,6.0,7.0,9254.0,28.0,6.0,39.0,1.0,133.1,1.0,4.0,0.0,123.0,0
3.0,12.0,1.0,7.0,9.0,9119.0,18.0,5.0,17.0,0.0,135.0,0.0,-1.0,1.0,121.7,1
6.0,10.5,1.0,8.0,9.0,9238.0,18.0,6.0,17.0,1.0,128.0,0.0,5.0,0.0,116.5,2
1.0,13.67,1.0,10.0,10.0,9500.0,19.0,8.0,1.0,0.0,136.0,0.0,4.0,0.0,127.0,1
8.0,14.26875,1.0,8.0,8.0,9500.0,18.0,8.0,1.0,0.0,143.0,0.0,7.0,0.0,133.8,1
2.0,11.0,1.0,8.0,9.0,9670.0,22.0,5.0,1.0,0.0,117.0,0.0,9.0,0.0,111.8,1
2.0,13.5,1.0,6.0,5.0,9119.0,25.0,5.0,39.0,0.0,120.0,0.0,5.0,1.0,146.8,1
5.0,13.0,1.0,14.0,9.0,9773.0,18.0,6.0,1.0,0.0,122.0,0.0,9.0,0.0,130.8,2
0.0,0.0,1.0,15.0,12.0,9254.0,18.0,6.0,17.0,0.0,129.0,0.0,9.0,0.0,122.0,0
9.0,10.444444444444445,1.0,17.0,18.0,9853.0,24.0,13.0,42.0,0.0,120.0,0.0,4.0,0.0,111.3,0
1.0,13.0,0.0,13.0,15.0,8014.0,34.0,7.0,43.0,0.0,133.1,0.0,0.0,0.0,100.0,0
6.0,10.666666666666666,1.0,6.0,6.0,9238.0,20.0,6.0,17.0,1.0,105.0,0.0,7.0,0.0,129.7,2
0.0,0.0,1.0,0.0,0.0,171.0,18.0,0.0,1.0,1.0,134.0,0.0,5.0,0.0,126.0,2
4.0,11.0,1.0,5.0,5.0,9147.0,18.0,5.0,17.0,0.0,137.0,0.0,4.0,0.0,124.4,1
7.0,12.761111111111113,1.0,9.0,12.0,9500.0,18.0,8.0,1.0,1.0,127.0,0.0,9.0,0.0,123.9,2
0.0,0.0,1.0,5.0,5.0,9119.0,18.0,5.0,18.0,0.0,146.0,0.0,7.0,1.0,132.4,0
5.0,13.8,1.0,7.0,5.0,9085.0,21.0,5.0,1.0,0.0,140.0,0.0,1.0,0.0,141.8,2
6.0,12.833333333333334,1.0,6.0,6.0,9070.0,19.0,6.0,1.0,1.0,139.0,0.0,4.0,0.0,142.2,2
0.0,0.0,0.0,8.0,5.0,9556.0,38.0,5.0,7.0,0.0,140.0,1.0,2.0,1.0,140.0,0
0.0,0.0,1.0,6.0,5.0,9670.0,25.0,5.0,39.0,0.0,150.0,0.0,0.0,0.0,108.0,0
0.0,0.0,1.0,0.0,0.0,171.0,20.0,0.0,-1.0,0.0,137.0,0.0,1.0,1.0,144.7,1
7.0,12.285714285714286,1.0,12.0,12.0,9500.0,18.0,8.0,17.0,0.0,145.0,0.0,3.0,0.0,136.3,1
6.0,13.428571428571429,1.0,8.0,7.0,9670.0,19.0,6.0,17.0,0.0,137.0,0.0,4.0,1.0,138.4,2
6.0,12.5,1.0,6.0,6.0,9773.0,19.0,6.0,17.0,0.0,113.0,1.0,-1.0,0.0,110.2,2
7.0,12.15,1.0,15.0,14.0,9556.0,24.0,8.0,39.0,0.0,130.0,0.0,9.0,0.0,113.3,1
0.0,0.0,1.0,10.0,5.0,9670.0,19.0,5.0,17.0,0.0,109.0,0.0,4.0,1.0,108.0,1
0.0,0.0,1.0,0.0,0.0,9119.0,43.0,5.0,39.0,0.0,133.1,0.0,0.0,1.0,128.8,0
7.0,13.242857142857144,1.0,8.0,8.0,9500.0,18.0,8.0,1.0,1.0,131.0,0.0,9.0,0.0,118.0,1
5.0,11.5,1.0,8.0,7.0,9147.0,18.0,5.0,17.0,1.0,135.0,0.0,6.0,1.0,121.0,2
6.0,13.166666666666666,0.0,10.0,8.0,9853.0,22.0,7.0,1.0,0.0,133.1,1.0,9.0,0.0,98.6,1
3.0,10.571428571428571,1.0,7.0,12.0,9147.0,20.0,5.0,18.0,0.0,140.0,0.0,5.0,1.0,124.3,0
0.0,0.0,1.0,0.0,0.0,171.0,19.0,0.0,17.0,0.0,145.0,0.0,9.0,0.0,150.3,0
4.0,10.25,1.0,11.0,10.0,9991.0,29.0,5.0,1.0,0.0,140.0,0.0,9.0,0.0,124.6,1
9.0,11.333333333333334,1.0,15.0,17.0,9991.0,28.0,10.0,43.0,0.0,140.0,0.0,5.0,0.0,117.3,1
3.0,11.666666666666666,1.0,11.0,11.0,9773.0,19.0,6.0,1.0,1.0,122.0,0.0,9.0,0.0,126.9,1
2.0,11.0,1.0,8.0,9.0,9670.0,22.0,5.0,1.0,0.0,117.0,0.0,9.0,0.0,111.8,1
6.0,12.616666666666667,1.0,11.0,7.0,9500.0,23.0,7.0,43.0,0.0,133.1,0.0,9.0,0.0,114.5,1
3.0,12.833333333333334,1.0,5.0,9.0,9147.0,21.0,5.0,1.0,1.0,120.0,1.0,-1.0,1.0,111.6,1
6.0,13.875,1.0,13.0,8.0,9085.0,18.0,6.0,1.0,1.0,130.0,0.0,9.0,0.0,126.5,2
5.0,14.8,1.0,8.0,8.0,9130.0,18.0,6.0,1.0,0.0,135.0,0.0,2.0,0.0,137.1,2
3.0,11.666666666666666,1.0,8.0,9.0,9085.0,18.0,5.0,1.0,1.0,126.0,0.0,9.0,0.0,132.0,0
6.0,14.428571428571429,1.0,8.0,8.0,9254.0,22.0,6.0,17.0,1.0,125.0,0.0,3.0,1.0,114.5,2
6.0,15.0,1.0,6.0,6.0,9070.0,22.0,6.0,1.0,0.0,125.0,0.0,2.0,1.0,140.8,2
2.0,11.5,1.0,10.0,14.0,9254.0,21.0,6.0,1.0,0.0,133.1,0.0,2.0,1.0,125.0,1
5.0,14.833333333333334,1.0,7.0,9.0,9119.0,20.0,5.0,17.0,0.0,124.0,0.0,4.0,1.0,126.1,2
0.0,0.0,0.0,4.0,8.0,9773.0,20.0,4.0,1.0,0.0,149.0,0.0,0.0,1.0,148.7,0
5.0,13.8,1.0,6.0,5.0,9147.0,23.0,5.0,1.0,0.0,143.0,0.0,9.0,1.0,128.7,1
6.0,12.95,1.0,7.0,7.0,9500.0,18.0,7.0,1.0,1.0,145.0,0.0,9.0,0.0,138.8,2
0.0,0.0,0.0,6.0,0.0,9773.0,20.0,6.0,18.0,0.0,109.0,0.0,4.0,0.0,109.0,0
5.0,12.6,1.0,13.0,8.0,9085.0,20.0,5.0,17.0,0.0,134.0,0.0,9.0,0.0,120.4,1
8.0,14.772727272727272,1.0,7.0,11.0,9500.0,18.0,8.0,17.0,0.0,147.0,0.0,5.0,0.0,134.9,2
0.0,0.0,1.0,17.0,8.0,9003.0,29.0,6.0,39.0,0.0,133.1,0.0,9.0,1.0,130.0,0
0.0,0.0,1.0,0.0,0.0,9085.0,25.0,6.0,39.0,0.0,133.1,0.0,2.0,1.0,103.0,0
0.0,0.0,1.0,0.0,0.0,9238.0,19.0,6.0,1.0,0.0,122.0,0.0,4.0,0.0,118.2,0
2.0,12.0,1.0,8.0,18.0,9085.0,20.0,6.0,44.0,0.0,150.0,0.0,9.0,0.0,150.0,1
6.0,13.285714285714286,1.0,6.0,7.0,8014.0,21.0,6.0,44.0,1.0,130.0,0.0,9.0,0.0,133.4,2
6.0,13.0,1.0,9.0,6.0,8014.0,45.0,6.0,39.0,0.0,100.0,0.0,9.0,0.0,141.5,2
6.0,11.5,1.0,8.0,7.0,9238.0,18.0,6.0,1.0,0.0,130.0,0.0,7.0,1.0,136.3,2
6.0,13.5,1.0,6.0,6.0,9773.0,18.0,6.0,1.0,0.0,156.0,0.0,5.0,0.0,136.8,0
0.0,0.0,1.0,9.0,5.0,9130.0,22.0,5.0,1.0,0.0,120.0,0.0,1.0,1.0,116.1,0
2.0,11.0,1.0,11.0,11.0,9119.0,19.0,5.0,-1.0,0.0,160.0,1.0,-1.0,0.0,160.0,1
4.0,11.0,1.0,10.0,9.0,9147.0,20.0,5.0,17.0,0.0,112.0,0.0,9.0,0.0,112.0,1
6.0,11.857142857142858,1.0,8.0,7.0,9238.0,18.0,6.0,17.0,1.0,133.0,0.0,7.0,0.0,127.4,2
7.0,12.042857142857144,1.0,14.0,15.0,9556.0,25.0,8.0,39.0,0.0,160.0,0.0,9.0,0.0,130.0,1
0.0,0.0,1.0,0.0,0.0,171.0,21.0,0.0,17.0,0.0,133.1,0.0,9.0,1.0,117.0,0
6.0,14.333333333333334,1.0,7.0,6.0,9238.0,19.0,6.0,44.0,1.0,140.0,0.0,-1.0,0.0,144.3,2
2.0,10.0,1.0,13.0,8.0,9147.0,19.0,5.0,1.0,0.0,126.0,1.0,9.0,0.0,115.2,1
9.0,10.333333333333334,1.0,16.0,19.0,9991.0,29.0,12.0,43.0,0.0,120.0,0.0,9.0,0.0,122.5,1
4.0,12.5,1.0,6.0,7.0,9147.0,18.0,5.0,17.0,0.0,136.0,0.0,9.0,1.0,122.7,1
4.0,11.142857142857142,1.0,6.0,11.0,9670.0,22.0,6.0,43.0,0.0,130.0,0.0,4.0,1.0,127.6,0
6.0,11.666666666666666,1.0,7.0,9.0,9238.0,19.0,6.0,17.0,0.0,139.0,0.0,3.0,0.0,132.7,2
3.0,11.0,1.0,10.0,10.0,9147.0,22.0,5.0,1.0,0.0,134.0,0.0,2.0,1.0,134.7,1
8.0,14.6875,1.0,8.0,8.0,9556.0,20.0,8.0,43.0,0.0,130.0,0.0,5.0,1.0,128.0,2
6.0,11.333333333333334,1.0,7.0,10.0,9238.0,20.0,6.0,1.0,0.0,136.0,0.0,4.0,0.0,125.2,2
8.0,12.625,1.0,9.0,8.0,9853.0,20.0,8.0,1.0,0.0,133.0,0.0,5.0,0.0,131.3,1
4.0,10.75,1.0,9.0,10.0,9238.0,18.0,6.0,17.0,0.0,132.0,0.0,9.0,0.0,123.6,1
5.0,14.6,1.0,6.0,7.0,9254.0,18.0,6.0,17.0,0.0,128.0,0.0,9.0,0.0,129.1,2
6.0,10.5,1.0,10.0,6.0,9254.0,20.0,6.0,17.0,1.0,122.0,0.0,5.0,0.0,118.2,1
12.0,13.615384615384617,1.0,14.0,13.0,9070.0,26.0,13.0,43.0,0.0,114.0,0.0,9.0,1.0,135.9,2
7.0,12.3,1.0,9.0,9.0,9500.0,19.0,8.0,17.0,0.0,136.0,0.0,9.0,0.0,132.5,2
5.0,11.4,1.0,9.0,6.0,9991.0,41.0,5.0,39.0,1.0,100.0,0.0,4.0,1.0,113.0,1
6.0,14.5,1.0,6.0,6.0,9773.0,19.0,6.0,18.0,0.0,125.0,0.0,4.0,1.0,121.5,2
6.0,12.285714285714286,1.0,11.0,8.0,9238.0,18.0,6.0,1.0,1.0,135.0,0.0,9.0,0.0,124.5,2
6.0,13.428571428571429,1.0,8.0,8.0,9670.0,18.0,6.0,1.0,1.0,146.0,0.0,9.0,1.0,149.5,2
6.0,12.833333333333334,1.0,6.0,6.0,8014.0,50.0,6.0,39.0,0.0,149.0,0.0,0.0,0.0,126.3,2
1.0,12.0,1.0,11.0,15.0,9773.0,28.0,6.0,39.0,0.0,133.1,0.0,5.0,1.0,102.0,0
0.0,0.0,1.0,7.0,6.0,9003.0,32.0,6.0,7.0,0.0,130.0,0.0,5.0,0.0,130.0,0
5.0,12.8,1.0,8.0,5.0,9130.0,21.0,5.0,1.0,0.0,133.1,0.0,4.0,1.0,138.4,2
4.0,12.6,1.0,15.0,16.0,9500.0,34.0,7.0,39.0,0.0,120.0,0.0,9.0,1.0,100.0,1
6.0,12.166666666666666,1.0,7.0,7.0,9070.0,20.0,6.0,1.0,0.0,139.0,0.0,3.0,1.0,134.9,2
0.0,0.0,1.0,0.0,0.0,171.0,19.0,0.0,1.0,0.0,133.1,1.0,9.0,1.0,117.0,1
0.0,0.0,1.0,6.0,6.0,9003.0,30.0,6.0,39.0,1.0,133.1,1.0,3.0,0.0,130.0,1
4.0,12.25,1.0,7.0,8.0,9773.0,18.0,6.0,1.0,0.0,145.0,0.0,4.0,0.0,131.7,1
4.0,12.0,1.0,8.0,7.0,9147.0,18.0,5.0,1.0,0.0,139.0,0.0,4.0,0.0,125.0,2
0.0,0.0,1.0,6.0,5.0,9238.0,33.0,5.0,39.0,0.0,170.0,0.0,-1.0,1.0,159.5,0
6.0,12.5,1.0,7.0,6.0,9773.0,18.0,6.0,17.0,1.0,142.0,0.0,9.0,0.0,139.9,2
6.0,13.666666666666666,1.0,8.0,7.0,9130.0,19.0,6.0,1.0,1.0,133.0,0.0,9.0,0.0,123.2,2
5.0,13.666666666666666,1.0,5.0,6.0,9991.0,43.0,5.0,39.0,0.0,120.0,0.0,1.0,1.0,138.7,2
5.0,12.666666666666666,1.0,5.0,6.0,9991.0,24.0,5.0,39.0,0.0,130.0,0.0,4.0,1.0,115.2,1
7.0,12.665714285714284,1.0,8.0,8.0,9500.0,19.0,8.0,1.0,0.0,128.0,0.0,4.0,1.0,124.3,2
0.0,0.0,0.0,0.0,0.0,9003.0,24.0,6.0,39.0,0.0,133.1,0.0,1.0,1.0,120.0,0
2.0,12.0,1.0,15.0,14.0,9147.0,18.0,5.0,17.0,1.0,133.0,0.0,9.0,0.0,120.1,0
6.0,11.833333333333334,1.0,8.0,8.0,9500.0,18.0,7.0,1.0,0.0,136.0,0.0,3.0,1.0,120.0,1
3.0,11.333333333333334,1.0,8.0,9.0,9147.0,18.0,5.0,1.0,0.0,130.0,0.0,9.0,0.0,117.8,1
0.0,0.0,1.0,15.0,9.0,9085.0,21.0,6.0,1.0,0.0,133.1,0.0,4.0,1.0,105.0,1
7.0,14.36,1.0,8.0,8.0,9500.0,19.0,8.0,1.0,1.0,138.0,0.0,4.0,0.0,132.5,2
0.0,0.0,0.0,14.0,5.0,9085.0,28.0,5.0,39.0,1.0,133.1,0.0,-1.0,0.0,128.2,0
5.0,13.428571428571429,1.0,9.0,10.0,9085.0,20.0,5.0,43.0,0.0,130.0,0.0,7.0,0.0,120.2,2
5.0,14.714285714285714,1.0,9.0,9.0,9119.0,19.0,5.0,18.0,0.0,136.0,0.0,2.0,1.0,125.2,1
1.0,10.0,1.0,13.0,5.0,9147.0,18.0,5.0,17.0,0.0,120.0,0.0,9.0,1.0,118.3,0
4.0,13.0,1.0,8.0,10.0,9254.0,21.0,6.0,1.0,0.0,140.0,0.0,9.0,1.0,130.0,1
4.0,13.6,1.0,11.0,10.0,9556.0,18.0,7.0,18.0,0.0,126.0,0.0,2.0,1.0,115.5,2
4.0,11.5,1.0,8.0,9.0,9254.0,20.0,6.0,17.0,0.0,111.0,0.0,3.0,0.0,117.7,2
5.0,13.0,1.0,10.0,5.0,9085.0,21.0,5.0,1.0,0.0,126.0,0.0,9.0,0.0,123.6,2
0.0,0.0,0.0,8.0,8.0,9773.0,22.0,4.0,17.0,1.0,133.1,0.0,0.0,1.0,125.8,0
6.0,14.666666666666666,1.0,9.0,10.0,9070.0,20.0,6.0,1.0,1.0,141.0,1.0,9.0,0.0,126.7,2
7.0,12.62142857142857,1.0,12.0,7.0,9500.0,19.0,7.0,1.0,0.0,118.0,0.0,3.0,0.0,110.0,1
4.0,12.625,1.0,5.0,12.0,9147.0,18.0,5.0,17.0,1.0,134.0,0.0,4.0,0.0,129.5,2
6.0,12.5,1.0,6.0,6.0,9773.0,18.0,6.0,1.0,0.0,127.0,0.0,4.0,0.0,121.1,1
8.0,14.125,1.0,7.0,8.0,9556.0,21.0,8.0,1.0,1.0,130.0,0.0,3.0,0.0,119.5,2
5.0,12.25,1.0,6.0,9.0,9670.0,21.0,6.0,1.0,0.0,133.1,0.0,9.0,1.0,139.0,1
4.0,13.75,1.0,5.0,5.0,9670.0,20.0,5.0,1.0,0.0,128.0,0.0,2.0,0.0,130.8,0
1.0,10.0,1.0,7.0,11.0,9773.0,21.0,6.0,17.0,0.0,129.0,0.0,2.0,1.0,132.5,1
5.0,14.6,1.0,5.0,5.0,9991.0,34.0,5.0,39.0,0.0,150.0,0.0,4.0,1.0,146.0,1
5.0,14.0,1.0,5.0,5.0,9085.0,18.0,5.0,-1.0,1.0,143.0,1.0,0.0,0.0,159.1,0
0.0,0.0,0.0,11.0,7.0,9003.0,27.0,6.0,39.0,0.0,133.1,1.0,9.0,1.0,120.0,0
1.0,10.0,1.0,7.0,11.0,9773.0,21.0,6.0,17.0,0.0,129.0,0.0,2.0,1.0,132.5,1
5.0,13.285714285714286,1.0,15.0,12.0,9085.0,21.0,5.0,43.0,1.0,150.0,0.0,6.0,0.0,150.0,2
0.0,0.0,1.0,0.0,0.0,171.0,26.0,0.0,1.0,0.0,130.0,0.0,7.0,1.0,135.6,0
5.0,12.428571428571429,1.0,16.0,9.0,9119.0,28.0,5.0,39.0,1.0,133.1,0.0,9.0,1.0,123.0,1
0.0,0.0,1.0,0.0,0.0,171.0,21.0,0.0,1.0,1.0,122.0,0.0,9.0,0.0,120.3,2
0.0,0.0,1.0,7.0,8.0,9991.0,26.0,5.0,39.0,1.0,133.1,0.0,9.0,0.0,126.3,0
8.0,13.21875,1.0,10.0,8.0,9500.0,18.0,8.0,1.0,0.0,125.0,0.0,1.0,0.0,117.8,2
7.0,11.857142857142858,1.0,12.0,12.0,9070.0,34.0,12.0,43.0,0.0,100.0,0.0,9.0,1.0,108.0,1
0.0,0.0,1.0,0.0,0.0,9500.0,19.0,8.0,1.0,0.0,142.0,0.0,7.0,0.0,123.5,0
5.0,14.142857142857142,1.0,5.0,7.0,9119.0,23.0,5.0,7.0,0.0,140.0,0.0,2.0,1.0,140.0,2
1.0,13.0,0.0,12.0,10.0,9991.0,21.0,5.0,44.0,0.0,130.0,0.0,4.0,0.0,130.0,0
0.0,0.0,1.0,0.0,0.0,171.0,18.0,0.0,1.0,0.0,156.0,0.0,9.0,0.0,153.6,2
0.0,0.0,1.0,10.0,5.0,9085.0,24.0,5.0,7.0,0.0,150.0,0.0,90.0,1.0,140.0,0
8.0,14.3875,1.0,7.0,8.0,9500.0,19.0,8.0,17.0,0.0,142.0,0.0,4.0,0.0,131.9,0
5.0,11.8,0.0,7.0,6.0,9254.0,18.0,6.0,17.0,0.0,118.0,0.0,9.0,0.0,110.3,1
5.0,13.6,1.0,6.0,8.0,9670.0,18.0,6.0,17.0,0.0,130.0,0.0,5.0,0.0,121.6,2
5.0,12.4,1.0,8.0,8.0,9773.0,19.0,6.0,17.0,1.0,153.0,1.0,-1.0,0.0,133.1,0
6.0,11.333333333333334,1.0,8.0,11.0,9003.0,19.0,6.0,44.0,0.0,130.0,0.0,4.0,1.0,130.0,1
7.0,12.571428571428571,1.0,11.0,7.0,9991.0,26.0,7.0,7.0,0.0,133.1,0.0,4.0,0.0,100.0,2
6.0,16.0,1.0,7.0,7.0,9773.0,18.0,6.0,1.0,1.0,164.0,0.0,9.0,1.0,161.2,2
4.0,11.25,1.0,10.0,9.0,9853.0,22.0,6.0,-1.0,0.0,122.0,0.0,4.0,0.0,112.6,1
7.0,15.57,1.0,8.0,8.0,9500.0,27.0,8.0,39.0,0.0,130.0,0.0,3.0,1.0,143.8,0
6.0,11.666666666666666,1.0,6.0,7.0,9238.0,20.0,6.0,1.0,0.0,122.0,1.0,4.0,0.0,127.3,2
0.0,0.0,1.0,9.0,5.0,9147.0,18.0,5.0,17.0,0.0,148.0,0.0,5.0,1.0,134.0,1
5.0,14.333333333333334,1.0,8.0,9.0,9853.0,21.0,6.0,1.0,0.0,112.0,0.0,3.0,0.0,111.0,2
0.0,0.0,1.0,12.0,0.0,8014.0,31.0,6.0,39.0,0.0,133.1,0.0,0.0,0.0,118.5,0
0.0,0.0,0.0,9.0,5.0,9147.0,32.0,5.0,39.0,0.0,120.0,0.0,9.0,1.0,110.0,0
4.0,12.0,0.0,6.0,8.0,9119.0,18.0,5.0,1.0,1.0,131.0,0.0,4.0,1.0,126.8,1
7.0,13.294444444444444,1.0,9.0,12.0,9500.0,19.0,8.0,1.0,0.0,136.0,0.0,4.0,0.0,131.1,1
6.0,12.5,1.0,7.0,6.0,9254.0,21.0,6.0,1.0,1.0,125.0,0.0,9.0,0.0,121.5,2
8.0,13.045,1.0,8.0,8.0,9500.0,18.0,8.0,1.0,0.0,137.0,0.0,9.0,0.0,127.5,2
2.0,10.0,0.0,12.0,15.0,9085.0,44.0,6.0,39.0,1.0,140.0,0.0,9.0,0.0,154.6,1
0.0,0.0,1.0,0.0,0.0,171.0,18.0,0.0,17.0,0.0,137.0,0.0,4.0,0.0,143.3,1
5.0,12.2,1.0,6.0,8.0,9147.0,41.0,5.0,39.0,0.0,133.1,1.0,9.0,0.0,139.4,1
5.0,13.625,1.0,8.0,11.0,9670.0,19.0,6.0,1.0,0.0,120.0,0.0,4.0,0.0,115.1,1
4.0,13.0,1.0,8.0,10.0,9670.0,20.0,6.0,17.0,0.0,155.0,0.0,4.0,0.0,134.7,1
5.0,13.8,0.0,7.0,7.0,9773.0,20.0,6.0,17.0,0.0,120.0,0.0,5.0,0.0,121.4,0
6.0,13.857142857142858,1.0,8.0,7.0,9670.0,19.0,6.0,1.0,0.0,141.0,0.0,9.0,1.0,130.5,2
0.0,0.0,0.0,6.0,5.0,9254.0,18.0,5.0,1.0,0.0,110.0,0.0,4.0,1.0,114.8,0
5.0,11.6,1.0,11.0,7.0,9085.0,18.0,5.0,1.0,0.0,135.0,0.0,9.0,0.0,136.8,1
6.0,12.833333333333334,1.0,6.0,6.0,9773.0,18.0,6.0,1.0,1.0,121.0,0.0,4.0,0.0,114.4,2
6.0,11.833333333333334,1.0,8.0,8.0,9119.0,24.0,6.0,-1.0,0.0,133.1,1.0,2.0,1.0,100.0,1
0.0,0.0,0.0,5.0,9.0,9147.0,26.0,5.0,39.0,0.0,110.0,1.0,9.0,1.0,110.3,0
8.0,14.9,1.0,7.0,8.0,9500.0,18.0,8.0,17.0,1.0,137.0,0.0,5.0,0.0,132.6,2
7.0,14.314285714285717,1.0,8.0,8.0,9500.0,18.0,8.0,18.0,1.0,141.0,0.0,1.0,0.0,126.7,2
6.0,14.666666666666666,1.0,6.0,8.0,9085.0,21.0,6.0,17.0,1.0,113.0,0.0,9.0,0.0,118.6,2
4.0,10.75,1.0,8.0,7.0,9853.0,19.0,6.0,17.0,0.0,141.0,0.0,1.0,0.0,130.2,1
5.0,12.666666666666666,1.0,5.0,6.0,9991.0,24.0,5.0,39.0,0.0,130.0,0.0,4.0,1.0,115.2,1
6.0,11.5,1.0,6.0,8.0,9070.0,20.0,6.0,17.0,0.0,136.0,0.0,4.0,0.0,130.8,1
2.0,11.0,1.0,9.0,10.0,9119.0,18.0,5.0,1.0,0.0,133.0,0.0,3.0,1.0,121.8,1
6.0,13.966666666666669,1.0,7.0,7.0,9500.0,20.0,7.0,1.0,0.0,136.0,0.0,9.0,0.0,140.0,2
5.0,11.0,1.0,8.0,8.0,9853.0,19.0,6.0,17.0,0.0,112.0,0.0,3.0,0.0,106.1,1
6.0,13.0,1.0,7.0,6.0,9238.0,20.0,6.0,1.0,0.0,143.0,0.0,9.0,0.0,144.4,2
8.0,12.3,1.0,9.0,8.0,9556.0,28.0,8.0,39.0,0.0,133.1,0.0,9.0,0.0,152.8,1
7.0,12.414285714285716,1.0,8.0,8.0,9500.0,21.0,8.0,18.0,0.0,140.0,0.0,3.0,0.0,129.0,2
8.0,14.75,1.0,7.0,9.0,9500.0,18.0,8.0,17.0,0.0,140.0,0.0,3.0,0.0,126.4,0
0.0,0.0,1.0,9.0,5.0,9147.0,18.0,5.0,17.0,0.0,148.0,0.0,5.0,1.0,134.0,1
2.0,12.5,1.0,9.0,9.0,9119.0,18.0,5.0,1.0,0.0,149.0,0.0,5.0,1.0,141.0,1
0.0,0.0,0.0,11.0,14.0,9254.0,21.0,6.0,1.0,0.0,120.0,0.0,9.0,1.0,115.1,0
6.0,13.5,1.0,8.0,6.0,9773.0,18.0,6.0,1.0,1.0,140.0,0.0,5.0,1.0,126.4,2
0.0,0.0,0.0,16.0,8.0,9085.0,21.0,6.0,17.0,1.0,109.0,1.0,4.0,0.0,104.1,0
0.0,0.0,0.0,8.0,7.0,9147.0,22.0,5.0,51.0,0.0,100.0,1.0,3.0,0.0,99.7,1
4.0,14.0,0.0,10.0,11.0,9147.0,22.0,5.0,17.0,0.0,116.0,0.0,3.0,1.0,115.7,1
6.0,13.116666666666667,1.0,9.0,11.0,9500.0,20.0,8.0,1.0,0.0,118.0,0.0,5.0,0.0,114.2,2
0.0,0.0,1.0,9.0,5.0,9147.0,33.0,5.0,7.0,0.0,120.0,0.0,4.0,0.0,120.0,0
8.0,14.58888888888889,1.0,7.0,9.0,9500.0,18.0,8.0,1.0,1.0,138.0,0.0,2.0,0.0,127.5,2
4.0,12.0,1.0,7.0,9.0,9070.0,20.0,6.0,17.0,0.0,152.0,0.0,3.0,1.0,134.2,1
3.0,11.333333333333334,1.0,11.0,10.0,9147.0,22.0,5.0,18.0,0.0,131.0,0.0,90.0,1.0,131.0,0
0.0,0.0,0.0,13.0,5.0,9130.0,30.0,5.0,39.0,1.0,133.1,0.0,90.0,1.0,128.2,0
2.0,13.0,0.0,8.0,7.0,9130.0,27.0,5.0,7.0,0.0,160.0,0.0,9.0,0.0,160.0,0
4.0,10.5,1.0,13.0,10.0,9991.0,31.0,5.0,39.0,1.0,160.0,0.0,9.0,0.0,160.0,1
4.0,12.2,1.0,7.0,10.0,9773.0,18.0,6.0,1.0,0.0,138.0,0.0,9.0,0.0,139.4,2
5.0,12.857142857142858,1.0,8.0,9.0,9991.0,35.0,5.0,39.0,0.0,140.0,0.0,-1.0,0.0,129.7,2
3.0,15.333333333333334,1.0,7.0,6.0,9085.0,21.0,6.0,18.0,1.0,153.0,0.0,9.0,0.0,138.0,0
10.0,11.583333333333334,1.0,15.0,15.0,9991.0,30.0,11.0,42.0,0.0,150.0,0.0,5.0,1.0,113.7,2
6.0,14.166666666666666,1.0,6.0,6.0,9070.0,23.0,6.0,51.0,1.0,132.0,0.0,-1.0,0.0,120.0,2
7.0,12.06375,1.0,9.0,11.0,9500.0,32.0,8.0,7.0,0.0,130.0,0.0,9.0,0.0,130.0,1
0.0,0.0,1.0,0.0,0.0,171.0,19.0,0.0,43.0,0.0,117.0,0.0,9.0,1.0,109.3,2
3.0,12.0,0.0,10.0,19.0,9085.0,20.0,6.0,44.0,0.0,130.0,0.0,6.0,1.0,130.0,1
6.0,11.333333333333334,1.0,9.0,6.0,8014.0,35.0,6.0,39.0,1.0,160.0,0.0,3.0,0.0,98.6,2
1.0,12.0,1.0,12.0,12.0,9254.0,18.0,6.0,17.0,0.0,118.0,0.0,5.0,1.0,111.7,0
6.0,12.333333333333334,1.0,12.0,8.0,9500.0,21.0,7.0,43.0,0.0,136.0,0.0,-1.0,0.0,118.4,1
4.0,15.6,1.0,8.0,12.0,9085.0,28.0,6.0,51.0,0.0,120.0,0.0,4.0,0.0,125.0,1
7.0,14.654285714285717,1.0,8.0,8.0,9500.0,18.0,8.0,1.0,1.0,137.0,0.0,7.0,0.0,120.8,2
6.0,13.666666666666666,1.0,6.0,8.0,9670.0,18.0,6.0,1.0,1.0,130.0,0.0,4.0,0.0,118.8,2
4.0,14.25,1.0,10.0,11.0,9670.0,21.0,6.0,17.0,0.0,110.0,0.0,4.0,1.0,111.3,1
0.0,0.0,1.0,0.0,0.0,171.0,21.0,0.0,43.0,0.0,140.0,0.0,7.0,0.0,143.4,0
11.0,12.0,1.0,18.0,14.0,9003.0,21.0,12.0,-1.0,0.0,140.0,0.0,-1.0,1.0,135.3,2
5.0,11.6,1.0,11.0,13.0,9238.0,19.0,6.0,17.0,0.0,121.0,0.0,4.0,0.0,117.2,2
0.0,0.0,1.0,17.0,19.0,9003.0,19.0,6.0,44.0,0.0,120.0,0.0,-1.0,1.0,120.0,1
10.0,12.818181818181818,1.0,12.0,15.0,171.0,19.0,11.0,1.0,1.0,133.1,0.0,9.0,1.0,128.2,1
3.0,12.333333333333334,1.0,10.0,9.0,9254.0,19.0,6.0,17.0,1.0,125.0,0.0,7.0,0.0,118.0,2
11.0,12.181818181818182,1.0,15.0,14.0,171.0,20.0,13.0,1.0,1.0,147.0,0.0,4.0,1.0,148.4,2
3.0,10.5,1.0,7.0,7.0,9991.0,24.0,5.0,39.0,0.0,150.0,0.0,9.0,0.0,140.9,0
3.0,13.666666666666666,1.0,10.0,8.0,9119.0,33.0,5.0,39.0,0.0,130.0,0.0,9.0,1.0,149.0,1
0.0,0.0,0.0,7.0,7.0,9254.0,24.0,6.0,39.0,0.0,133.1,1.0,4.0,1.0,102.5,0
5.0,12.833333333333334,1.0,9.0,10.0,9130.0,24.0,6.0,39.0,0.0,114.0,0.0,9.0,0.0,120.0,0
0.0,0.0,1.0,0.0,0.0,171.0,19.0,0.0,1.0,0.0,135.0,1.0,9.0,0.0,143.8,1
4.0,13.25,1.0,15.0,17.0,9085.0,20.0,6.0,1.0,0.0,113.0,0.0,4.0,0.0,106.7,0
5.0,10.2,1.0,7.0,12.0,9773.0,18.0,6.0,1.0,1.0,121.0,0.0,3.0,1.0,113.0,2
5.0,12.6,0.0,5.0,5.0,9670.0,25.0,5.0,39.0,0.0,133.1,1.0,4.0,0.0,100.0,0
4.0,14.0,1.0,7.0,6.0,9670.0,19.0,6.0,-1.0,0.0,135.0,0.0,4.0,0.0,140.3,1
4.0,12.5,1.0,11.0,10.0,9991.0,43.0,5.0,39.0,0.0,150.0,0.0,9.0,0.0,120.0,1
0.0,0.0,1.0,0.0,0.0,171.0,19.0,0.0,1.0,1.0,139.0,0.0,5.0,1.0,128.2,2
0.0,0.0,1.0,0.0,0.0,171.0,20.0,0.0,43.0,1.0,120.0,0.0,9.0,0.0,143.3,2
4.0,11.6,0.0,6.0,8.0,9070.0,21.0,6.0,17.0,0.0,122.0,1.0,5.0,0.0,119.6,0
0.0,0.0,1.0,10.0,10.0,8014.0,29.0,5.0,39.0,0.0,133.1,0.0,0.0,1.0,98.6,0
4.0,11.5,1.0,8.0,10.0,9254.0,18.0,6.0,17.0,0.0,128.0,1.0,5.0,0.0,120.7,2
0.0,0.0,1.0,0.0,0.0,9147.0,20.0,5.0,1.0,0.0,125.0,0.0,4.0,1.0,134.1,0
6.0,12.857142857142858,1.0,7.0,8.0,8014.0,33.0,6.0,39.0,0.0,120.0,0.0,9.0,0.0,117.0,2
5.0,13.76,1.0,10.0,7.0,9500.0,19.0,7.0,1.0,0.0,138.0,0.0,9.0,0.0,127.5,1
0.0,0.0,1.0,16.0,7.0,9670.0,29.0,6.0,39.0,1.0,133.1,1.0,9.0,1.0,130.0,0
6.0,12.0,1.0,8.0,8.0,9500.0,26.0,7.0,43.0,0.0,120.0,0.0,9.0,0.0,120.0,1
2.0,13.5,1.0,9.0,7.0,9119.0,30.0,6.0,42.0,0.0,120.0,0.0,2.0,1.0,115.0,0
5.0,12.6,1.0,6.0,5.0,9670.0,18.0,5.0,1.0,1.0,154.0,0.0,5.0,0.0,154.7,2
8.0,13.42375,1.0,8.0,8.0,9500.0,18.0,8.0,1.0,1.0,137.0,0.0,4.0,0.0,126.3,2
5.0,13.125,0.0,7.0,10.0,9670.0,19.0,6.0,17.0,0.0,126.0,0.0,4.0,0.0,115.2,0
5.0,13.0,1.0,8.0,5.0,9147.0,18.0,5.0,1.0,1.0,140.0,0.0,9.0,0.0,124.3,2
0.0,0.0,0.0,0.0,0.0,171.0,25.0,0.0,43.0,0.0,140.0,0.0,9.0,1.0,140.0,0
6.0,11.833333333333334,1.0,9.0,6.0,8014.0,46.0,6.0,39.0,0.0,100.0,0.0,0.0,0.0,100.0,2
7.0,11.721428571428572,1.0,12.0,12.0,9500.0,18.0,8.0,1.0,1.0,135.0,0.0,7.0,0.0,132.8,2
3.0,12.0,1.0,11.0,9.0,9130.0,18.0,5.0,43.0,0.0,127.0,1.0,4.0,0.0,120.7,1
4.0,11.25,1.0,8.0,9.0,9147.0,19.0,5.0,1.0,0.0,120.0,0.0,9.0,0.0,118.6,2
10.0,12.818181818181818,1.0,12.0,15.0,171.0,19.0,11.0,1.0,1.0,133.1,0.0,9.0,1.0,128.2,1
0.0,0.0,1.0,6.0,5.0,9773.0,18.0,5.0,1.0,0.0,126.0,1.0,2.0,0.0,121.1,0
5.0,12.8,1.0,7.0,8.0,9254.0,34.0,6.0,39.0,0.0,130.0,0.0,4.0,0.0,120.0,2
5.0,11.2,1.0,14.0,9.0,8014.0,26.0,6.0,39.0,0.0,140.0,0.0,9.0,0.0,105.0,1
3.0,13.25,1.0,9.0,11.0,9119.0,19.0,5.0,-1.0,0.0,130.0,0.0,9.0,1.0,137.0,1
5.0,13.2,1.0,6.0,9.0,9130.0,18.0,6.0,1.0,0.0,132.0,0.0,9.0,1.0,130.4,2
0.0,0.0,1.0,6.0,0.0,9773.0,19.0,6.0,17.0,0.0,128.0,0.0,5.0,1.0,125.6,0
7.0,11.571428571428571,1.0,15.0,12.0,8014.0,23.0,11.0,43.0,0.0,148.0,0.0,9.0,0.0,134.7,1
6.0,12.5,0.0,7.0,8.0,9085.0,18.0,6.0,1.0,0.0,145.0,0.0,3.0,0.0,138.4,1
5.0,13.0,1.0,8.0,9.0,9670.0,43.0,6.0,39.0,1.0,150.0,0.0,9.0,0.0,135.6,2
0.0,0.0,0.0,6.0,7.0,9003.0,27.0,6.0,39.0,0.0,133.1,1.0,9.0,0.0,119.4,0
3.0,11.0,1.0,11.0,11.0,9773.0,19.0,6.0,1.0,0.0,120.0,0.0,9.0,0.0,114.8,1
7.0,13.775,1.0,7.0,11.0,9500.0,23.0,8.0,17.0,0.0,140.0,0.0,3.0,0.0,127.6,2
12.0,13.554736842105264,1.0,21.0,19.0,9500.0,28.0,14.0,42.0,0.0,100.0,0.0,5.0,0.0,134.3,2
2.0,13.5,1.0,11.0,12.0,9085.0,20.0,6.0,44.0,0.0,140.0,0.0,3.0,0.0,140.0,1
7.0,13.328571428571427,1.0,8.0,10.0,9500.0,19.0,8.0,1.0,1.0,126.0,0.0,6.0,0.0,115.5,2
6.0,11.714285714285714,1.0,11.0,10.0,9238.0,19.0,6.0,17.0,1.0,132.0,0.0,9.0,0.0,120.8,2
9.0,15.011111111111113,1.0,7.0,11.0,9500.0,20.0,10.0,51.0,0.0,170.0,0.0,4.0,1.0,125.0,2
2.0,12.0,1.0,7.0,12.0,9254.0,19.0,6.0,17.0,0.0,122.0,0.0,4.0,1.0,116.1,1
5.0,11.833333333333334,1.0,7.0,8.0,9773.0,18.0,6.0,1.0,1.0,131.0,0.0,5.0,1.0,131.0,2
2.0,12.5,1.0,8.0,6.0,9238.0,21.0,6.0,44.0,0.0,140.0,1.0,-1.0,0.0,136.1,1
4.0,11.75,1.0,10.0,8.0,9773.0,20.0,6.0,1.0,0.0,115.0,0.0,0.0,0.0,108.4,2
2.0,11.0,1.0,14.0,10.0,9119.0,34.0,5.0,39.0,1.0,120.0,1.0,9.0,1.0,116.0,1
4.0,12.75,1.0,7.0,7.0,9991.0,39.0,5.0,39.0,0.0,100.0,0.0,9.0,1.0,140.0,1
3.0,11.0,1.0,6.0,10.0,9773.0,18.0,6.0,43.0,0.0,127.0,0.0,5.0,0.0,117.6,1
6.0,13.285714285714286,1.0,6.0,8.0,9070.0,21.0,6.0,1.0,1.0,128.0,0.0,9.0,1.0,123.5,2
0.0,0.0,0.0,5.0,5.0,9991.0,37.0,5.0,39.0,0.0,140.0,0.0,9.0,0.0,140.0,0
2.0,13.5,1.0,10.0,8.0,9085.0,23.0,6.0,44.0,0.0,160.0,0.0,4.0,1.0,160.0,0
10.0,11.615384615384617,1.0,9.0,18.0,9147.0,21.0,10.0,7.0,0.0,130.0,0.0,9.0,0.0,130.0,2
5.0,11.6,1.0,6.0,6.0,9147.0,20.0,5.0,18.0,1.0,102.0,0.0,-1.0,0.0,101.7,2
3.0,11.0,1.0,9.0,7.0,9991.0,50.0,5.0,39.0,0.0,120.0,0.0,9.0,0.0,119.9,1
5.0,12.16,1.0,9.0,12.0,9500.0,21.0,8.0,1.0,0.0,135.0,0.0,-1.0,1.0,135.4,1
6.0,14.571428571428571,1.0,8.0,7.0,9238.0,19.0,6.0,17.0,1.0,127.0,0.0,9.0,0.0,122.8,2
6.0,12.5,1.0,6.0,6.0,9773.0,19.0,6.0,1.0,0.0,143.0,0.0,2.0,0.0,144.8,1
6.0,13.5,1.0,6.0,6.0,9773.0,19.0,6.0,1.0,1.0,152.0,0.0,9.0,0.0,139.1,2
6.0,12.875,1.0,9.0,11.0,9500.0,18.0,8.0,1.0,1.0,130.0,0.0,9.0,0.0,125.1,1
5.0,11.833333333333334,1.0,8.0,8.0,9773.0,21.0,6.0,17.0,0.0,133.1,0.0,9.0,0.0,117.0,1
6.0,14.666666666666666,1.0,8.0,6.0,9238.0,18.0,6.0,1.0,1.0,154.0,0.0,9.0,0.0,156.5,2
6.0,13.0,1.0,6.0,9.0,9670.0,20.0,6.0,1.0,1.0,126.0,0.0,9.0,0.0,126.7,2
0.0,0.0,1.0,10.0,11.0,9119.0,20.0,5.0,17.0,0.0,127.0,0.0,4.0,1.0,115.8,1
6.0,12.616666666666667,1.0,11.0,7.0,9500.0,23.0,7.0,43.0,0.0,133.1,0.0,9.0,0.0,114.5,1
4.0,11.5,1.0,9.0,10.0,9853.0,19.0,6.0,1.0,1.0,129.0,0.0,2.0,0.0,126.9,1
3.0,13.333333333333334,1.0,6.0,6.0,9070.0,20.0,6.0,1.0,0.0,128.0,0.0,3.0,0.0,129.8,1
2.0,12.5,1.0,10.0,11.0,9147.0,18.0,5.0,1.0,0.0,160.0,0.0,4.0,1.0,141.5,0
8.0,16.0,1.0,7.0,9.0,9500.0,18.0,8.0,1.0,1.0,170.0,0.0,3.0,0.0,167.224,2
5.0,11.857142857142858,1.0,11.0,17.0,9085.0,20.0,6.0,44.0,1.0,140.0,0.0,4.0,0.0,140.0,2
4.0,11.25,1.0,10.0,9.0,9853.0,22.0,6.0,-1.0,0.0,122.0,0.0,4.0,0.0,112.6,1
3.0,11.0,1.0,8.0,9.0,9147.0,19.0,5.0,-1.0,0.0,129.0,0.0,4.0,1.0,127.6,0
0.0,0.0,1.0,0.0,0.0,171.0,22.0,0.0,1.0,0.0,131.0,0.0,4.0,0.0,119.8,2
5.0,11.8,0.0,7.0,6.0,9773.0,18.0,6.0,18.0,0.0,125.0,0.0,9.0,0.0,122.2,1
5.0,11.2,1.0,9.0,8.0,9853.0,21.0,6.0,17.0,1.0,119.0,0.0,9.0,0.0,125.0,0
0.0,0.0,1.0,0.0,0.0,171.0,21.0,0.0,1.0,1.0,125.0,0.0,9.0,1.0,117.3,2
6.0,13.0,1.0,6.0,6.0,9070.0,18.0,6.0,1.0,0.0,146.0,0.0,0.0,0.0,143.6,0
0.0,0.0,1.0,0.0,0.0,9254.0,38.0,6.0,39.0,0.0,133.1,0.0,4.0,0.0,130.5,0
5.0,13.0,1.0,9.0,11.0,9773.0,23.0,6.0,43.0,0.0,132.0,0.0,0.0,1.0,127.1,2
5.0,11.6,1.0,8.0,10.0,9670.0,20.0,6.0,1.0,0.0,132.0,0.0,-1.0,1.0,143.6,1
0.0,0.0,1.0,0.0,0.0,171.0,18.0,0.0,-1.0,1.0,158.0,0.0,9.0,1.0,164.3,1
0.0,0.0,1.0,0.0,0.0,171.0,27.0,0.0,39.0,0.0,110.0,0.0,5.0,1.0,100.0,0
8.0,12.66875,1.0,8.0,9.0,9500.0,23.0,8.0,1.0,1.0,116.0,0.0,3.0,0.0,109.0,2
9.0,12.22222222222222,0.0,17.0,16.0,9147.0,50.0,14.0,-1.0,0.0,120.0,0.0,9.0,1.0,120.0,0
1.0,11.0,1.0,5.0,11.0,9254.0,20.0,6.0,17.0,0.0,124.0,0.0,3.0,0.0,126.1,0
5.0,11.8,1.0,11.0,10.0,9853.0,19.0,6.0,1.0,0.0,160.0,0.0,9.0,0.0,146.0,1
5.0,12.666666666666666,1.0,10.0,11.0,9085.0,20.0,6.0,1.0,0.0,132.0,0.0,4.0,0.0,124.3,1
5.0,15.6,1.0,5.0,5.0,9130.0,18.0,5.0,1.0,0.0,152.0,0.0,9.0,1.0,135.6,0
7.0,13.142857142857142,1.0,7.0,10.0,9070.0,20.0,9.0,44.0,0.0,120.0,0.0,3.0,1.0,120.0,2
7.0,13.475,1.0,9.0,9.0,9500.0,20.0,8.0,1.0,0.0,118.0,0.0,4.0,1.0,115.7,1
7.0,13.79857142857143,1.0,8.0,8.0,9500.0,18.0,8.0,1.0,1.0,143.0,0.0,7.0,0.0,129.5,2
9.0,11.6,1.0,20.0,16.0,9147.0,30.0,9.0,-1.0,0.0,130.0,0.0,-1.0,0.0,132.4,1
6.0,12.428571428571429,1.0,8.0,10.0,9773.0,18.0,6.0,17.0,0.0,121.0,0.0,9.0,0.0,113.7,1
0.0,0.0,0.0,5.0,5.0,9085.0,29.0,5.0,39.0,0.0,110.0,0.0,90.0,1.0,110.0,0
0.0,0.0,0.0,5.0,4.0,9773.0,42.0,4.0,39.0,0.0,133.1,1.0,9.0,1.0,131.0,0
0.0,0.0,1.0,0.0,0.0,171.0,18.0,0.0,1.0,1.0,126.0,0.0,4.0,1.0,130.2,0
9.0,10.444444444444445,1.0,15.0,13.0,9991.0,33.0,10.0,43.0,0.0,140.0,0.0,3.0,0.0,107.8,1
6.0,14.333333333333334,1.0,6.0,6.0,8014.0,27.0,6.0,43.0,0.0,117.0,0.0,9.0,0.0,100.0,0
8.0,14.11,1.0,8.0,8.0,9500.0,19.0,8.0,1.0,1.0,142.0,0.0,7.0,0.0,133.0,2
4.0,10.333333333333334,1.0,7.0,13.0,9070.0,19.0,6.0,43.0,0.0,117.0,0.0,4.0,1.0,112.5,1
3.0,12.0,1.0,7.0,8.0,9119.0,19.0,5.0,1.0,0.0,126.0,0.0,5.0,1.0,130.2,1
6.0,12.166666666666666,1.0,6.0,6.0,9070.0,22.0,6.0,1.0,1.0,110.0,0.0,9.0,1.0,107.6,1
10.0,14.2,1.0,12.0,11.0,8014.0,42.0,11.0,51.0,0.0,110.0,0.0,9.0,1.0,110.0,2
3.0,11.666666666666666,1.0,11.0,12.0,9238.0,21.0,6.0,17.0,0.0,126.0,0.0,9.0,0.0,116.9,1
4.0,11.0,1.0,14.0,9.0,9238.0,18.0,6.0,1.0,1.0,135.0,0.0,4.0,0.0,121.7,1
7.0,12.61,1.0,8.0,8.0,9500.0,18.0,8.0,1.0,1.0,135.0,0.0,5.0,0.0,126.8,2
0.0,0.0,1.0,9.0,12.0,9238.0,18.0,6.0,1.0,0.0,116.0,0.0,9.0,1.0,108.7,0
5.0,13.7,1.0,11.0,8.0,9500.0,19.0,7.0,1.0,0.0,125.0,0.0,4.0,0.0,120.3,1
5.0,12.2,1.0,6.0,7.0,9254.0,21.0,6.0,1.0,1.0,117.0,0.0,5.0,1.0,116.3,2
4.0,11.4,1.0,13.0,9.0,9147.0,18.0,5.0,17.0,0.0,120.0,0.0,3.0,1.0,124.2,1
4.0,11.25,0.0,5.0,5.0,9670.0,25.0,5.0,39.0,0.0,133.1,1.0,1.0,0.0,100.0,0
4.0,11.5,1.0,9.0,10.0,9085.0,20.0,6.0,44.0,0.0,140.0,0.0,3.0,0.0,140.0,1
8.0,15.75,1.0,7.0,8.0,9500.0,18.0,8.0,17.0,0.0,133.0,0.0,3.0,0.0,131.1,2
0.0,0.0,1.0,0.0,0.0,9991.0,50.0,5.0,39.0,0.0,133.1,0.0,90.0,0.0,110.7,0
0.0,0.0,0.0,14.0,0.0,9500.0,19.0,8.0,18.0,0.0,142.0,0.0,9.0,0.0,128.0,0
0.0,0.0,0.0,4.0,4.0,9773.0,50.0,4.0,43.0,0.0,160.0,1.0,5.0,1.0,160.0,0
7.0,13.6,1.0,8.0,8.0,9500.0,19.0,8.0,1.0,1.0,132.0,0.0,4.0,0.0,121.8,2
7.0,13.258571428571427,1.0,11.0,11.0,9500.0,19.0,8.0,1.0,0.0,135.0,0.0,7.0,0.0,120.5,2
8.0,13.944444444444445,1.0,7.0,9.0,9500.0,18.0,8.0,1.0,0.0,134.0,0.0,5.0,0.0,128.4,2
4.0,12.0,1.0,13.0,9.0,9238.0,20.0,6.0,1.0,0.0,107.0,0.0,7.0,0.0,103.5,1
8.0,12.82875,1.0,8.0,8.0,9500.0,19.0,8.0,1.0,1.0,125.0,0.0,4.0,0.0,119.8,2
0.0,0.0,1.0,6.0,6.0,9070.0,24.0,6.0,43.0,0.0,116.0,0.0,3.0,1.0,120.9,1
0.0,0.0,0.0,5.0,5.0,9147.0,28.0,5.0,39.0,0.0,133.1,1.0,9.0,1.0,120.0,0
2.0,14.0,0.0,7.0,6.0,9147.0,26.0,6.0,-1.0,0.0,133.1,1.0,3.0,1.0,100.0,0
3.0,10.333333333333334,1.0,16.0,11.0,9003.0,35.0,6.0,39.0,0.0,140.0,0.0,9.0,1.0,140.0,0
0.0,0.0,0.0,7.0,6.0,9670.0,34.0,6.0,39.0,0.0,130.0,1.0,9.0,0.0,158.0,0
5.0,13.8,1.0,9.0,6.0,9670.0,20.0,6.0,1.0,1.0,115.0,0.0,5.0,0.0,108.0,2
6.0,12.285714285714286,1.0,8.0,7.0,9670.0,19.0,6.0,1.0,1.0,125.0,0.0,4.0,0.0,114.9,2
0.0,0.0,1.0,0.0,0.0,171.0,19.0,0.0,1.0,0.0,135.0,1.0,9.0,0.0,143.8,1
0.0,0.0,1.0,10.0,13.0,9147.0,19.0,5.0,17.0,0.0,162.0,0.0,4.0,0.0,138.6,1
4.0,10.571428571428571,1.0,7.0,10.0,9670.0,20.0,6.0,43.0,0.0,125.0,0.0,4.0,0.0,106.6,0
0.0,0.0,1.0,21.0,7.0,9500.0,24.0,7.0,39.0,0.0,133.1,1.0,2.0,1.0,100.0,0
6.0,13.5,1.0,7.0,6.0,9773.0,18.0,6.0,1.0,1.0,133.1,0.0,5.0,0.0,131.3,2
0.0,0.0,0.0,5.0,5.0,9991.0,25.0,5.0,39.0,0.0,120.0,0.0,9.0,1.0,120.0,0
3.0,12.666666666666666,1.0,11.0,13.0,9130.0,18.0,6.0,18.0,0.0,146.0,0.0,5.0,1.0,137.8,0
6.0,12.333333333333334,1.0,6.0,6.0,9070.0,19.0,6.0,1.0,1.0,127.0,0.0,5.0,1.0,141.0,2
7.0,14.565714285714288,1.0,8.0,8.0,9500.0,20.0,8.0,1.0,1.0,142.0,0.0,1.0,0.0,133.0,2
6.0,13.833333333333334,1.0,7.0,6.0,9773.0,19.0,6.0,1.0,1.0,143.0,0.0,4.0,1.0,144.1,2
5.0,12.6,1.0,9.0,9.0,9003.0,20.0,6.0,44.0,1.0,160.0,0.0,4.0,1.0,160.0,2
0.0,0.0,0.0,0.0,0.0,171.0,18.0,0.0,7.0,0.0,130.0,0.0,9.0,1.0,130.0,0
1.0,10.0,1.0,6.0,8.0,9070.0,19.0,6.0,17.0,0.0,127.0,0.0,3.0,1.0,130.2,1
4.0,13.75,1.0,8.0,12.0,9130.0,19.0,6.0,17.0,0.0,117.0,0.0,4.0,0.0,113.5,0
0.0,0.0,1.0,6.0,6.0,9003.0,25.0,6.0,39.0,0.0,130.0,0.0,9.0,0.0,120.0,0
5.0,13.0,1.0,6.0,8.0,9070.0,18.0,6.0,17.0,0.0,128.0,0.0,5.0,1.0,124.5,2
4.0,10.75,1.0,5.0,5.0,9670.0,20.0,5.0,17.0,1.0,128.0,0.0,5.0,1.0,121.7,2
6.0,13.016666666666666,1.0,7.0,7.0,9500.0,20.0,7.0,1.0,0.0,127.0,0.0,7.0,1.0,121.5,1
6.0,12.428571428571429,1.0,8.0,7.0,9003.0,23.0,6.0,44.0,0.0,130.0,0.0,9.0,1.0,130.0,2
0.0,0.0,1.0,0.0,0.0,171.0,38.0,0.0,39.0,0.0,116.0,0.0,0.0,1.0,127.0,0
0.0,0.0,1.0,0.0,0.0,171.0,18.0,0.0,17.0,0.0,133.0,0.0,6.0,0.0,134.8,1
5.0,14.4,1.0,13.0,12.0,9085.0,27.0,11.0,7.0,0.0,140.0,1.0,2.0,1.0,140.0,0
2.0,12.0,0.0,16.0,15.0,9003.0,20.0,6.0,44.0,0.0,130.0,1.0,9.0,1.0,130.0,0
4.0,13.25,1.0,17.0,8.0,9670.0,19.0,6.0,43.0,0.0,132.0,0.0,4.0,1.0,120.5,1
4.0,10.5,1.0,13.0,10.0,9991.0,31.0,5.0,39.0,1.0,160.0,0.0,9.0,0.0,160.0,1
2.0,12.5,1.0,7.0,12.0,9147.0,20.0,5.0,17.0,0.0,133.0,0.0,5.0,1.0,123.2,1
6.0,13.0,1.0,8.0,7.0,9773.0,18.0,6.0,1.0,1.0,132.0,0.0,9.0,0.0,131.0,2
0.0,0.0,0.0,0.0,0.0,171.0,19.0,0.0,1.0,0.0,127.0,0.0,9.0,0.0,124.2,0
6.0,12.166666666666666,1.0,7.0,6.0,9238.0,19.0,6.0,1.0,0.0,133.1,0.0,3.0,1.0,112.0,2
7.0,12.2,1.0,8.0,8.0,9500.0,19.0,8.0,1.0,0.0,134.0,0.0,9.0,1.0,122.0,2
4.0,12.0,1.0,13.0,9.0,9238.0,20.0,6.0,1.0,0.0,107.0,0.0,7.0,0.0,103.5,1
6.0,11.0,1.0,19.0,17.0,9003.0,28.0,10.0,39.0,0.0,130.0,0.0,9.0,1.0,120.0,1
3.0,10.666666666666666,0.0,12.0,15.0,9773.0,18.0,6.0,1.0,1.0,130.0,0.0,0.0,0.0,128.3,0
0.0,0.0,1.0,8.0,8.0,9556.0,18.0,8.0,1.0,0.0,170.0,0.0,1.0,0.0,167.224,0
4.0,14.0,1.0,7.0,6.0,9670.0,19.0,6.0,-1.0,0.0,135.0,0.0,4.0,0.0,140.3,1
0.0,0.0,0.0,5.0,5.0,9254.0,22.0,5.0,18.0,0.0,119.0,0.0,9.0,1.0,113.1,0
8.0,16.0,1.0,7.0,11.0,9500.0,18.0,8.0,17.0,0.0,130.0,0.0,9.0,0.0,128.6,2
2.0,10.0,1.0,9.0,7.0,9991.0,34.0,7.0,43.0,0.0,130.0,0.0,9.0,0.0,128.2,0
5.0,12.833333333333334,1.0,8.0,7.0,9130.0,19.0,5.0,17.0,0.0,131.0,0.0,5.0,0.0,118.4,2
0.0,0.0,1.0,7.0,8.0,9556.0,32.0,8.0,17.0,0.0,120.0,0.0,5.0,0.0,111.3,0
0.0,0.0,1.0,6.0,5.0,9238.0,20.0,5.0,17.0,0.0,103.0,0.0,7.0,0.0,104.1,0
6.0,12.2,1.0,14.0,14.0,9500.0,23.0,7.0,43.0,0.0,120.0,0.0,4.0,1.0,136.6,0
10.0,12.818181818181818,1.0,12.0,15.0,171.0,19.0,11.0,1.0,1.0,133.1,0.0,9.0,1.0,128.2,1
0.0,0.0,1.0,12.0,0.0,9773.0,18.0,6.0,-1.0,0.0,151.0,0.0,0.0,0.0,151.0,0
6.0,13.2,1.0,9.0,16.0,9085.0,20.0,7.0,1.0,0.0,140.0,0.0,4.0,0.0,131.6,1
7.0,14.24,1.0,8.0,8.0,9500.0,18.0,8.0,17.0,0.0,145.0,0.0,5.0,0.0,130.5,2
1.0,10.0,0.0,14.0,6.0,9991.0,28.0,6.0,43.0,0.0,120.0,1.0,9.0,1.0,115.8,0
6.0,12.666666666666666,1.0,6.0,6.0,9773.0,19.0,6.0,17.0,0.0,133.1,0.0,4.0,0.0,115.0,2
5.0,13.571428571428571,0.0,8.0,7.0,9119.0,18.0,5.0,17.0,0.0,115.0,0.0,3.0,1.0,116.1,0
0.0,0.0,0.0,13.0,12.0,9556.0,37.0,7.0,39.0,1.0,133.1,1.0,7.0,0.0,99.5,0
4.0,12.0,1.0,9.0,10.0,9147.0,19.0,5.0,1.0,0.0,118.0,0.0,-1.0,0.0,117.3,1
6.0,14.0,1.0,7.0,7.0,9238.0,18.0,6.0,1.0,0.0,135.0,0.0,4.0,0.0,122.8,2
2.0,13.5,1.0,11.0,12.0,9085.0,20.0,6.0,44.0,0.0,140.0,0.0,3.0,0.0,140.0,1
5.0,13.2,0.0,10.0,10.0,9238.0,21.0,6.0,17.0,0.0,134.0,1.0,9.0,0.0,126.0,0
8.0,14.5,1.0,7.0,8.0,9500.0,19.0,8.0,1.0,0.0,125.0,0.0,9.0,1.0,122.4,2
2.0,12.0,0.0,16.0,15.0,9003.0,20.0,6.0,44.0,0.0,130.0,1.0,9.0,1.0,130.0,0
0.0,0.0,0.0,5.0,5.0,9991.0,33.0,5.0,7.0,0.0,140.0,0.0,-1.0,1.0,140.0,0
6.0,15.142857142857142,1.0,6.0,7.0,9070.0,19.0,6.0,1.0,0.0,143.0,0.0,-1.0,0.0,134.3,2
1.0,10.0,0.0,9.0,15.0,9254.0,19.0,6.0,17.0,0.0,123.0,0.0,9.0,0.0,120.6,0
0.0,0.0,1.0,5.0,5.0,9119.0,18.0,5.0,18.0,0.0,146.0,0.0,7.0,1.0,132.4,0
0.0,0.0,1.0,5.0,5.0,9670.0,26.0,5.0,39.0,0.0,150.0,0.0,0.0,1.0,107.0,0
3.0,12.666666666666666,1.0,5.0,11.0,9147.0,19.0,5.0,1.0,1.0,127.0,0.0,5.0,0.0,123.5,1
0.0,0.0,1.0,0.0,0.0,171.0,21.0,0.0,44.0,0.0,150.0,0.0,9.0,1.0,154.8,2
6.0,11.666666666666666,1.0,9.0,8.0,9238.0,18.0,6.0,17.0,1.0,123.0,0.0,-1.0,0.0,116.0,2
3.0,11.333333333333334,1.0,14.0,11.0,9254.0,22.0,6.0,17.0,0.0,122.0,0.0,4.0,0.0,112.9,1
7.0,13.414285714285716,1.0,8.0,8.0,9500.0,18.0,8.0,1.0,0.0,138.0,0.0,9.0,0.0,124.8,0
5.0,11.6,1.0,7.0,7.0,9670.0,25.0,5.0,39.0,1.0,120.0,0.0,4.0,0.0,100.0,2
7.0,13.428571428571429,1.0,14.0,7.0,8014.0,29.0,7.0,1.0,0.0,125.0,0.0,9.0,0.0,114.9,2
0.0,0.0,1.0,0.0,0.0,9773.0,22.0,6.0,1.0,0.0,133.1,0.0,90.0,0.0,129.6,0
6.0,13.066666666666668,1.0,10.0,8.0,9500.0,19.0,7.0,1.0,0.0,138.0,0.0,3.0,0.0,123.0,1
6.0,11.857142857142858,1.0,10.0,7.0,9238.0,19.0,6.0,1.0,0.0,124.0,0.0,9.0,1.0,129.6,2
6.0,13.25,1.0,6.0,8.0,9070.0,18.0,6.0,1.0,0.0,170.0,0.0,5.0,0.0,156.8,2
8.0,11.8375,1.0,14.0,10.0,9556.0,22.0,8.0,43.0,0.0,128.0,0.0,7.0,0.0,123.5,1
3.0,13.333333333333334,1.0,15.0,13.0,9238.0,18.0,6.0,17.0,0.0,118.0,0.0,4.0,0.0,110.7,1
0.0,0.0,0.0,0.0,0.0,9991.0,28.0,5.0,39.0,0.0,133.1,0.0,7.0,1.0,111.0,0
3.0,11.666666666666666,0.0,13.0,12.0,9085.0,31.0,5.0,39.0,0.0,133.1,1.0,4.0,1.0,120.0,0
0.0,0.0,1.0,2.0,8.0,9991.0,26.0,5.0,39.0,0.0,140.0,0.0,9.0,0.0,154.5,0
6.0,12.5,1.0,6.0,6.0,9070.0,18.0,6.0,17.0,0.0,116.0,0.0,9.0,0.0,110.8,1
6.0,13.03125,1.0,10.0,14.0,9500.0,20.0,8.0,1.0,1.0,140.0,0.0,7.0,0.0,133.2,2
4.0,11.0,1.0,12.0,10.0,9991.0,25.0,5.0,39.0,0.0,133.1,0.0,4.0,0.0,127.7,1
0.0,0.0,1.0,9.0,5.0,9147.0,18.0,5.0,17.0,0.0,148.0,0.0,5.0,1.0,134.0,1
3.0,11.333333333333334,1.0,10.0,11.0,9670.0,24.0,5.0,39.0,0.0,120.0,0.0,0.0,0.0,104.0,0
1.0,10.0,1.0,13.0,11.0,9119.0,25.0,5.0,39.0,0.0,133.1,0.0,4.0,1.0,100.0,1
0.0,0.0,1.0,6.0,5.0,9147.0,19.0,5.0,1.0,0.0,148.0,0.0,7.0,1.0,138.3,0
0.0,0.0,0.0,4.0,0.0,9991.0,40.0,5.0,39.0,0.0,100.0,0.0,9.0,0.0,121.9,0
0.0,0.0,0.0,17.0,8.0,9003.0,35.0,6.0,39.0,0.0,130.0,0.0,9.0,1.0,113.0,0
5.0,10.84,1.0,11.0,9.0,9500.0,35.0,7.0,39.0,0.0,130.0,0.0,-1.0,0.0,163.7,1
7.0,12.365714285714288,1.0,8.0,8.0,9500.0,18.0,8.0,1.0,0.0,143.0,0.0,4.0,1.0,129.0,2
6.0,15.25,1.0,7.0,7.0,9500.0,18.0,7.0,1.0,0.0,155.0,0.0,4.0,0.0,140.5,2
6.0,13.625,1.0,9.0,12.0,9085.0,22.0,6.0,44.0,1.0,150.0,0.0,9.0,1.0,150.0,2
2.0,11.0,0.0,12.0,13.0,9003.0,22.0,6.0,51.0,0.0,130.0,1.0,4.0,1.0,120.0,0
5.0,14.4,1.0,13.0,12.0,9085.0,27.0,11.0,7.0,0.0,140.0,1.0,2.0,1.0,140.0,0
2.0,11.0,1.0,11.0,11.0,9119.0,19.0,5.0,-1.0,0.0,160.0,1.0,-1.0,0.0,160.0,1
6.0,12.428571428571429,1.0,6.0,8.0,9773.0,19.0,6.0,17.0,0.0,134.0,0.0,9.0,1.0,121.8,2
11.0,11.909090909090908,1.0,19.0,19.0,171.0,23.0,14.0,1.0,0.0,131.0,1.0,7.0,1.0,127.2,1
6.0,14.0,1.0,9.0,9.0,9130.0,18.0,6.0,1.0,0.0,127.0,0.0,4.0,0.0,120.4,2
3.0,10.666666666666666,0.0,8.0,6.0,9670.0,27.0,5.0,39.0,0.0,133.1,0.0,0.0,1.0,100.0,0
0.0,0.0,1.0,0.0,0.0,9254.0,18.0,6.0,18.0,0.0,121.0,0.0,9.0,1.0,125.9,0
2.0,14.8,0.0,8.0,14.0,9147.0,29.0,5.0,39.0,0.0,150.0,1.0,9.0,0.0,101.0,0
6.0,11.833333333333334,1.0,8.0,6.0,8014.0,50.0,6.0,39.0,0.0,140.0,0.0,9.0,0.0,121.0,2
0.0,0.0,1.0,0.0,0.0,9085.0,21.0,6.0,43.0,0.0,133.1,0.0,-1.0,0.0,125.2,0
4.0,11.0,1.0,9.0,7.0,9991.0,32.0,7.0,44.0,0.0,130.0,0.0,5.0,1.0,130.0,0
5.0,12.2,1.0,7.0,7.0,9853.0,18.0,6.0,1.0,0.0,134.0,0.0,5.0,0.0,127.4,1
6.0,11.333333333333334,1.0,8.0,11.0,9003.0,19.0,6.0,44.0,0.0,130.0,0.0,4.0,1.0,130.0,1
6.0,14.142857142857142,1.0,6.0,7.0,9238.0,18.0,6.0,17.0,1.0,138.0,0.0,9.0,0.0,134.2,2
0.0,0.0,1.0,0.0,0.0,9670.0,30.0,6.0,39.0,1.0,133.1,0.0,3.0,1.0,125.3,0
5.0,12.4,1.0,10.0,8.0,9853.0,22.0,6.0,17.0,0.0,134.0,0.0,4.0,0.0,122.5,1
6.0,14.2,1.0,7.0,7.0,9500.0,18.0,7.0,1.0,1.0,151.0,1.0,9.0,0.0,134.5,2
4.0,12.8,1.0,11.0,10.0,9991.0,30.0,5.0,39.0,0.0,150.0,0.0,9.0,0.0,146.2,1
6.0,12.0,1.0,8.0,7.0,9853.0,19.0,6.0,-1.0,1.0,124.0,0.0,3.0,0.0,113.9,2
1.0,13.0,0.0,13.0,15.0,8014.0,34.0,7.0,43.0,0.0,133.1,0.0,0.0,0.0,100.0,0
2.0,10.0,0.0,10.0,11.0,9773.0,19.0,6.0,43.0,0.0,127.0,1.0,9.0,1.0,110.0,0
0.0,0.0,1.0,12.0,8.0,9254.0,45.0,8.0,39.0,0.0,140.0,1.0,9.0,0.0,112.0,0
9.0,11.0,1.0,21.0,16.0,8014.0,44.0,11.0,39.0,0.0,140.0,0.0,9.0,1.0,167.224,1
2.0,11.333333333333334,1.0,8.0,8.0,9070.0,20.0,6.0,43.0,1.0,135.0,0.0,9.0,1.0,122.8,1
4.0,11.4,1.0,8.0,8.0,9147.0,22.0,5.0,-1.0,1.0,139.0,0.0,9.0,0.0,123.7,2
6.0,12.666666666666666,1.0,6.0,6.0,9254.0,18.0,6.0,17.0,0.0,123.0,0.0,7.0,0.0,113.9,2
6.0,12.571428571428571,1.0,9.0,9.0,9500.0,18.0,7.0,17.0,0.0,140.0,0.0,5.0,0.0,128.5,1
5.0,11.7,1.0,11.0,19.0,9556.0,25.0,8.0,39.0,0.0,130.0,0.0,9.0,0.0,159.0,1
8.0,15.055555555555555,1.0,7.0,9.0,9500.0,22.0,8.0,17.0,1.0,150.0,0.0,9.0,1.0,130.8,2
4.0,11.25,1.0,10.0,9.0,9853.0,22.0,6.0,-1.0,0.0,122.0,0.0,4.0,0.0,112.6,1
4.0,12.5,1.0,11.0,7.0,9147.0,18.0,5.0,1.0,1.0,143.0,0.0,5.0,0.0,133.2,2
7.0,11.571428571428571,1.0,15.0,12.0,8014.0,23.0,11.0,43.0,0.0,148.0,0.0,9.0,0.0,134.7,1
0.0,0.0,1.0,8.0,10.0,9003.0,31.0,6.0,39.0,0.0,133.1,0.0,9.0,1.0,110.0,0
8.0,15.599999999999998,1.0,7.0,8.0,9500.0,20.0,8.0,1.0,0.0,119.0,0.0,9.0,0.0,119.4,2
8.0,12.22222222222222,1.0,21.0,18.0,9991.0,34.0,9.0,43.0,0.0,140.0,1.0,9.0,0.0,140.0,0
3.0,11.333333333333334,1.0,11.0,9.0,9991.0,38.0,5.0,39.0,0.0,133.1,0.0,9.0,1.0,121.5,1
0.0,0.0,0.0,0.0,0.0,171.0,23.0,0.0,1.0,1.0,115.0,1.0,9.0,0.0,129.0,0
5.0,12.5,1.0,9.0,9.0,9853.0,19.0,6.0,1.0,0.0,145.0,0.0,5.0,0.0,142.2,1
6.0,14.166666666666666,1.0,6.0,6.0,9773.0,21.0,6.0,1.0,1.0,146.0,0.0,9.0,1.0,149.2,2
3.0,10.333333333333334,1.0,13.0,9.0,9147.0,27.0,5.0,39.0,0.0,120.0,0.0,4.0,1.0,110.0,0
0.0,0.0,1.0,5.0,5.0,9991.0,33.0,5.0,43.0,0.0,130.0,0.0,2.0,1.0,130.0,0
6.0,10.978571428571428,1.0,13.0,12.0,9500.0,26.0,8.0,39.0,1.0,133.1,0.0,5.0,0.0,140.0,0
6.0,14.5,1.0,14.0,9.0,9085.0,19.0,6.0,17.0,0.0,123.0,0.0,4.0,0.0,124.4,2
1.0,16.0,1.0,7.0,8.0,9119.0,18.0,5.0,1.0,0.0,146.0,0.0,9.0,1.0,148.5,1
0.0,0.0,1.0,0.0,0.0,171.0,22.0,0.0,17.0,0.0,125.0,0.0,5.0,1.0,120.5,2
4.0,11.25,1.0,12.0,10.0,9147.0,20.0,5.0,1.0,0.0,113.0,0.0,9.0,1.0,107.4,1
6.0,13.345,1.0,9.0,9.0,9500.0,18.0,8.0,1.0,0.0,154.0,0.0,1.0,0.0,129.0,1
3.0,13.333333333333334,1.0,8.0,11.0,9147.0,19.0,5.0,1.0,1.0,130.0,0.0,9.0,0.0,131.8,1
7.0,12.042857142857144,1.0,14.0,15.0,9556.0,25.0,8.0,39.0,0.0,160.0,0.0,9.0,0.0,130.0,1
5.0,11.2,1.0,10.0,6.0,9147.0,21.0,5.0,44.0,0.0,117.4,0.0,4.0,0.0,117.4,2
4.0,11.25,1.0,10.0,9.0,9991.0,26.0,5.0,39.0,0.0,150.0,0.0,9.0,0.0,138.5,1
6.0,13.5,1.0,6.0,6.0,9773.0,18.0,6.0,17.0,1.0,141.0,0.0,2.0,0.0,133.7,2
4.0,10.25,1.0,11.0,13.0,9773.0,20.0,6.0,17.0,0.0,124.0,0.0,4.0,1.0,127.9,1
6.0,11.933333333333332,1.0,10.0,11.0,9500.0,19.0,8.0,1.0,0.0,133.1,0.0,-1.0,0.0,98.6,1
6.0,15.875,1.0,7.0,8.0,9085.0,19.0,6.0,1.0,0.0,143.0,0.0,9.0,0.0,133.4,2
6.0,12.833333333333334,1.0,7.0,11.0,9085.0,24.0,6.0,39.0,1.0,133.1,0.0,4.0,0.0,139.9,2
8.0,14.2525,1.0,8.0,8.0,9500.0,19.0,8.0,42.0,1.0,136.0,0.0,4.0,0.0,148.8,2
2.0,10.0,1.0,10.0,14.0,9238.0,18.0,6.0,1.0,0.0,135.0,1.0,5.0,0.0,121.0,1
6.0,12.714285714285714,1.0,8.0,7.0,9773.0,19.0,6.0,1.0,0.0,129.0,0.0,5.0,0.0,142.0,2
5.0,12.8,1.0,9.0,5.0,9991.0,31.0,5.0,7.0,0.0,130.0,0.0,9.0,1.0,130.0,0
8.0,14.71875,1.0,8.0,8.0,9500.0,18.0,8.0,1.0,0.0,147.0,0.0,2.0,0.0,131.6,2
2.0,10.0,1.0,10.0,13.0,9147.0,18.0,5.0,1.0,0.0,135.0,0.0,5.0,0.0,130.1,0
0.0,0.0,1.0,9.0,6.0,9130.0,37.0,6.0,7.0,0.0,110.0,0.0,4.0,1.0,110.0,0
1.0,14.0,1.0,8.0,11.0,9254.0,19.0,6.0,17.0,0.0,158.0,0.0,5.0,0.0,138.1,0
4.0,13.0,1.0,8.0,10.0,9670.0,20.0,6.0,17.0,0.0,155.0,0.0,4.0,0.0,134.7,1
5.0,15.2,1.0,6.0,5.0,9119.0,19.0,5.0,17.0,0.0,138.0,0.0,1.0,1.0,127.5,0
0.0,0.0,1.0,8.0,10.0,9147.0,22.0,5.0,17.0,0.0,135.0,0.0,0.0,1.0,128.7,0
4.0,12.25,1.0,11.0,8.0,9773.0,23.0,6.0,43.0,0.0,133.1,1.0,90.0,0.0,130.0,0
5.0,10.5,1.0,14.0,9.0,9147.0,18.0,5.0,1.0,0.0,133.0,0.0,9.0,1.0,123.2,0
3.0,10.666666666666666,1.0,10.0,10.0,9991.0,27.0,5.0,39.0,0.0,120.0,0.0,5.0,0.0,146.2,2
0.0,0.0,0.0,5.0,5.0,9991.0,38.0,5.0,39.0,0.0,120.0,0.0,5.0,1.0,98.6,0
1.0,10.0,1.0,15.0,10.0,9500.0,28.0,7.0,39.0,0.0,133.1,0.0,9.0,0.0,114.8,0
6.0,11.5,1.0,18.0,7.0,8014.0,32.0,6.0,39.0,1.0,133.1,0.0,9.0,0.0,113.0,2
7.0,12.214285714285714,1.0,8.0,8.0,9500.0,18.0,8.0,1.0,1.0,139.0,0.0,9.0,0.0,135.0,2
0.0,0.0,1.0,5.0,5.0,9130.0,31.0,5.0,39.0,0.0,133.1,0.0,-1.0,1.0,98.6,0
5.0,15.6,0.0,9.0,8.0,9853.0,29.0,6.0,17.0,0.0,135.0,0.0,2.0,0.0,132.9,0
4.0,12.0,1.0,13.0,9.0,9238.0,20.0,6.0,1.0,0.0,107.0,0.0,7.0,0.0,103.5,1
6.0,14.125,1.0,6.0,8.0,9070.0,18.0,6.0,-1.0,0.0,157.0,0.0,9.0,0.0,138.1,2
5.0,10.2,1.0,9.0,5.0,9147.0,26.0,5.0,39.0,0.0,133.1,0.0,9.0,1.0,119.8,1
4.0,11.75,1.0,13.0,14.0,9670.0,31.0,6.0,39.0,0.0,120.0,0.0,5.0,0.0,140.4,0
5.0,11.8,1.0,6.0,7.0,9085.0,18.0,5.0,1.0,0.0,123.0,0.0,4.0,0.0,122.3,2
6.0,11.333333333333334,1.0,10.0,6.0,9773.0,39.0,6.0,39.0,0.0,133.1,0.0,9.0,0.0,117.5,2
6.0,13.166666666666666,1.0,6.0,6.0,9238.0,18.0,6.0,1.0,0.0,116.0,0.0,9.0,0.0,116.4,2
5.0,13.6,1.0,10.0,10.0,9991.0,38.0,10.0,7.0,0.0,130.0,0.0,9.0,1.0,130.0,0
3.0,11.0,1.0,10.0,6.0,9119.0,18.0,5.0,17.0,0.0,142.0,0.0,9.0,1.0,127.3,1
6.0,13.142857142857142,1.0,6.0,7.0,9773.0,20.0,6.0,1.0,1.0,134.0,0.0,9.0,0.0,136.1,0
5.0,11.25,1.0,9.0,13.0,9147.0,33.0,7.0,7.0,0.0,120.0,0.0,9.0,0.0,120.0,1
3.0,13.75,1.0,14.0,17.0,9085.0,18.0,6.0,1.0,0.0,120.0,0.0,2.0,0.0,113.4,1
3.0,11.666666666666666,1.0,7.0,12.0,9254.0,19.0,6.0,1.0,1.0,125.0,0.0,9.0,1.0,122.9,1
4.0,10.25,1.0,7.0,7.0,9085.0,19.0,5.0,1.0,0.0,146.0,0.0,9.0,0.0,126.0,1
8.0,14.9625,1.0,7.0,8.0,9500.0,30.0,8.0,1.0,0.0,129.0,0.0,9.0,0.0,117.1,2
6.0,12.833333333333334,1.0,6.0,6.0,9773.0,18.0,6.0,1.0,1.0,140.0,0.0,9.0,1.0,132.0,2
2.0,10.5,1.0,9.0,13.0,8014.0,29.0,6.0,43.0,0.0,133.1,1.0,0.0,0.0,100.0,0
4.0,11.25,1.0,7.0,9.0,9238.0,18.0,6.0,1.0,1.0,133.0,0.0,9.0,0.0,121.8,2
5.0,13.0,1.0,6.0,7.0,9773.0,19.0,6.0,1.0,0.0,115.0,0.0,9.0,1.0,116.1,2
3.0,12.285714285714286,0.0,7.0,10.0,9147.0,19.0,5.0,1.0,1.0,133.1,0.0,9.0,0.0,119.0,0
12.0,11.333333333333334,1.0,15.0,16.0,9991.0,28.0,14.0,43.0,0.0,130.0,0.0,9.0,0.0,103.8,0
4.0,11.0,1.0,10.0,10.0,9254.0,21.0,6.0,1.0,0.0,112.0,0.0,9.0,0.0,113.8,1
7.0,12.142857142857142,1.0,8.0,10.0,9070.0,23.0,9.0,44.0,0.0,120.0,0.0,9.0,1.0,120.0,0
0.0,0.0,1.0,0.0,0.0,9500.0,26.0,8.0,7.0,0.0,140.0,0.0,4.0,0.0,140.0,0
5.0,12.0,0.0,19.0,12.0,9254.0,31.0,7.0,43.0,0.0,110.0,0.0,9.0,1.0,125.0,0
0.0,0.0,0.0,9.0,12.0,8014.0,18.0,6.0,17.0,0.0,123.0,1.0,3.0,0.0,113.2,0
0.0,0.0,1.0,12.0,0.0,9773.0,19.0,6.0,17.0,0.0,117.0,0.0,0.0,1.0,120.5,0
6.0,12.571428571428571,1.0,10.0,11.0,9773.0,18.0,6.0,1.0,0.0,137.0,0.0,2.0,0.0,139.8,1
2.0,11.5,0.0,7.0,8.0,9670.0,28.0,5.0,39.0,0.0,120.0,0.0,0.0,1.0,106.0,0
5.0,12.428571428571429,1.0,16.0,9.0,9119.0,28.0,5.0,39.0,1.0,133.1,0.0,9.0,1.0,123.0,1
6.0,13.666666666666666,1.0,6.0,9.0,9670.0,18.0,6.0,1.0,1.0,140.0,0.0,5.0,0.0,131.3,2
0.0,0.0,1.0,10.0,13.0,9853.0,18.0,6.0,17.0,0.0,133.1,0.0,0.0,0.0,115.0,0
2.0,14.5,1.0,9.0,8.0,9119.0,24.0,5.0,39.0,0.0,160.0,0.0,7.0,1.0,129.0,0
0.0,0.0,0.0,12.0,10.0,9853.0,24.0,5.0,7.0,0.0,140.0,0.0,0.0,0.0,140.0,0
4.0,10.5,1.0,13.0,10.0,9991.0,31.0,5.0,39.0,1.0,160.0,0.0,9.0,0.0,160.0,1
10.0,12.9,1.0,21.0,18.0,9853.0,20.0,12.0,42.0,0.0,141.0,0.0,9.0,0.0,133.0,0
2.0,11.5,1.0,12.0,19.0,9085.0,22.0,6.0,44.0,0.0,130.0,0.0,6.0,0.0,130.0,1
5.0,12.428571428571429,1.0,16.0,9.0,9119.0,28.0,5.0,39.0,1.0,133.1,0.0,9.0,1.0,123.0,1
0.0,0.0,1.0,0.0,0.0,171.0,22.0,0.0,17.0,0.0,125.0,0.0,2.0,1.0,117.0,1
5.0,13.0,1.0,12.0,8.0,9119.0,35.0,8.0,42.0,0.0,120.0,0.0,0.0,1.0,128.2,0
5.0,11.0,1.0,9.0,8.0,9254.0,19.0,6.0,1.0,1.0,120.0,0.0,9.0,0.0,116.5,2
6.0,12.0,1.0,6.0,6.0,9238.0,18.0,6.0,1.0,0.0,130.0,0.0,9.0,0.0,121.6,2
0.0,0.0,1.0,0.0,0.0,9119.0,36.0,5.0,39.0,0.0,133.1,0.0,9.0,1.0,100.0,0
6.0,15.0,1.0,7.0,6.0,9238.0,19.0,6.0,17.0,1.0,133.0,0.0,9.0,0.0,123.6,2
7.0,12.728571428571428,1.0,9.0,9.0,9500.0,18.0,8.0,17.0,0.0,137.0,0.0,5.0,0.0,131.1,1
0.0,0.0,1.0,3.0,0.0,9119.0,29.0,5.0,39.0,0.0,130.0,0.0,90.0,1.0,143.4,0
4.0,10.25,1.0,11.0,10.0,9853.0,19.0,6.0,17.0,0.0,117.0,0.0,9.0,0.0,114.6,0
1.0,16.0,1.0,12.0,12.0,9773.0,20.0,6.0,1.0,0.0,129.0,0.0,9.0,0.0,117.1,1
0.0,0.0,1.0,0.0,0.0,171.0,19.0,0.0,17.0,0.0,145.0,0.0,9.0,0.0,150.3,0
5.0,12.6,1.0,11.0,6.0,9085.0,19.0,5.0,17.0,0.0,140.0,0.0,4.0,0.0,123.7,2
6.0,16.0,1.0,7.0,6.0,9085.0,25.0,6.0,39.0,0.0,150.0,0.0,4.0,0.0,167.224,2
0.0,0.0,0.0,12.0,12.0,9254.0,45.0,6.0,39.0,0.0,133.1,1.0,0.0,1.0,120.0,0
0.0,0.0,0.0,6.0,7.0,9003.0,28.0,6.0,39.0,0.0,135.0,1.0,9.0,0.0,138.1,0
3.0,10.0,1.0,12.0,10.0,9254.0,50.0,9.0,39.0,0.0,133.1,0.0,9.0,1.0,156.5,2
0.0,0.0,0.0,0.0,0.0,171.0,21.0,0.0,1.0,0.0,115.0,0.0,6.0,0.0,108.7,0
8.0,11.11111111111111,1.0,19.0,14.0,9147.0,20.0,9.0,-1.0,0.0,140.0,0.0,2.0,0.0,140.2,2
6.0,14.666666666666666,1.0,6.0,6.0,9773.0,18.0,6.0,1.0,1.0,154.0,0.0,9.0,0.0,150.2,2
1.0,11.0,1.0,11.0,11.0,8014.0,48.0,6.0,39.0,0.0,133.1,0.0,0.0,0.0,100.0,0
4.0,10.75,0.0,11.0,8.0,9853.0,20.0,6.0,18.0,0.0,123.0,1.0,9.0,0.0,123.7,0
3.0,11.6,1.0,9.0,10.0,9119.0,19.0,5.0,44.0,0.0,130.0,0.0,9.0,1.0,130.0,1
8.0,14.26875,1.0,8.0,8.0,9500.0,18.0,8.0,1.0,0.0,143.0,0.0,7.0,0.0,133.8,1
3.0,13.25,1.0,7.0,9.0,9119.0,18.0,5.0,18.0,0.0,136.0,0.0,5.0,1.0,122.7,0
6.0,14.428571428571429,1.0,9.0,7.0,9238.0,20.0,6.0,1.0,1.0,136.0,0.0,9.0,0.0,121.7,2
4.0,11.75,1.0,9.0,10.0,9853.0,18.0,6.0,1.0,0.0,163.0,1.0,5.0,0.0,146.6,1
4.0,13.0,1.0,8.0,10.0,9254.0,21.0,6.0,1.0,0.0,140.0,0.0,9.0,1.0,130.0,1
5.0,12.166666666666666,1.0,8.0,6.0,9147.0,18.0,5.0,18.0,1.0,143.0,0.0,9.0,0.0,132.2,2
6.0,13.666666666666666,1.0,6.0,6.0,9238.0,18.0,6.0,1.0,1.0,135.0,0.0,3.0,0.0,136.1,2
0.0,0.0,0.0,0.0,0.0,9254.0,26.0,6.0,39.0,0.0,137.0,0.0,5.0,1.0,124.5,0
7.0,12.142857142857142,1.0,10.0,7.0,8014.0,41.0,7.0,39.0,0.0,133.1,0.0,4.0,1.0,144.3,2
6.0,12.0,1.0,7.0,8.0,8014.0,24.0,6.0,17.0,0.0,141.0,0.0,0.0,0.0,136.1,2
0.0,0.0,0.0,11.0,7.0,9003.0,27.0,6.0,39.0,0.0,133.1,1.0,9.0,1.0,120.0,0
0.0,0.0,0.0,8.0,7.0,9147.0,22.0,5.0,51.0,0.0,100.0,1.0,3.0,0.0,99.7,1
0.0,0.0,1.0,0.0,0.0,171.0,18.0,0.0,43.0,0.0,133.0,0.0,5.0,0.0,133.0,1
6.0,11.166666666666666,1.0,10.0,7.0,8014.0,33.0,6.0,39.0,0.0,150.0,0.0,0.0,0.0,112.5,2
5.0,12.77777777777778,1.0,7.0,17.0,9085.0,18.0,6.0,1.0,1.0,127.0,0.0,9.0,0.0,123.2,2
4.0,11.0,1.0,8.0,6.0,9670.0,19.0,5.0,1.0,0.0,127.0,0.0,4.0,1.0,128.1,1
3.0,14.333333333333334,1.0,9.0,11.0,9991.0,24.0,5.0,17.0,0.0,154.0,0.0,4.0,0.0,134.1,1
4.0,15.0,1.0,8.0,8.0,9085.0,20.0,5.0,17.0,1.0,124.0,0.0,7.0,0.0,113.9,2
3.0,10.666666666666666,1.0,9.0,8.0,9147.0,19.0,5.0,1.0,0.0,138.0,0.0,-1.0,0.0,131.0,1
5.0,13.2,1.0,7.0,10.0,9773.0,19.0,6.0,1.0,0.0,133.0,0.0,9.0,1.0,119.7,2
4.0,10.8,1.0,5.0,10.0,9147.0,19.0,5.0,17.0,0.0,129.0,0.0,3.0,0.0,132.9,0
0.0,0.0,1.0,0.0,0.0,171.0,18.0,0.0,17.0,1.0,141.0,0.0,9.0,0.0,136.1,1
3.0,12.333333333333334,0.0,6.0,7.0,9670.0,18.0,6.0,-1.0,0.0,133.1,1.0,9.0,1.0,128.2,0
5.0,11.6,1.0,8.0,5.0,9991.0,39.0,5.0,39.0,0.0,120.0,0.0,9.0,0.0,113.9,2
5.0,13.82,1.0,11.0,9.0,9500.0,21.0,7.0,1.0,0.0,120.0,0.0,9.0,0.0,114.8,1
2.0,11.333333333333334,1.0,13.0,14.0,9085.0,25.0,6.0,39.0,1.0,130.0,0.0,6.0,0.0,110.0,1
3.0,13.25,1.0,7.0,9.0,9119.0,18.0,5.0,18.0,0.0,136.0,0.0,5.0,1.0,122.7,0
3.0,11.666666666666666,1.0,9.0,9.0,9853.0,21.0,6.0,-1.0,0.0,116.0,0.0,3.0,0.0,110.4,1
2.0,12.5,1.0,9.0,9.0,9119.0,18.0,5.0,1.0,0.0,149.0,0.0,5.0,1.0,141.0,1
6.0,15.3,1.0,8.0,10.0,9003.0,20.0,6.0,44.0,0.0,170.0,0.0,5.0,1.0,167.224,2
5.0,12.25,1.0,6.0,9.0,9670.0,21.0,6.0,1.0,0.0,133.1,0.0,9.0,1.0,139.0,1
6.0,11.783333333333331,1.0,9.0,9.0,9500.0,18.0,7.0,1.0,0.0,125.0,0.0,3.0,0.0,115.6,1
5.0,15.4,1.0,5.0,5.0,9147.0,18.0,5.0,1.0,0.0,160.0,0.0,9.0,0.0,159.3,2
0.0,0.0,1.0,14.0,15.0,9500.0,20.0,7.0,1.0,1.0,103.0,0.0,9.0,0.0,108.3,1
3.0,10.333333333333334,0.0,10.0,8.0,9119.0,18.0,5.0,17.0,0.0,120.0,1.0,9.0,1.0,116.9,1
5.0,10.833333333333334,1.0,14.0,8.0,9147.0,20.0,5.0,1.0,0.0,121.0,0.0,4.0,1.0,116.8,1
4.0,12.6,1.0,7.0,7.0,9070.0,21.0,6.0,51.0,0.0,117.0,0.0,2.0,0.0,120.0,1
0.0,0.0,0.0,8.0,6.0,9238.0,27.0,5.0,7.0,0.0,130.0,1.0,4.0,0.0,125.1,0
0.0,0.0,1.0,11.0,9.0,9130.0,19.0,5.0,17.0,0.0,125.0,0.0,3.0,1.0,131.0,0
0.0,0.0,0.0,8.0,7.0,9147.0,22.0,5.0,51.0,0.0,100.0,1.0,3.0,0.0,99.7,1
12.0,13.5,1.0,21.0,19.0,9500.0,28.0,14.0,43.0,1.0,130.0,0.0,4.0,1.0,126.8,2
5.0,14.0,1.0,12.0,6.0,9130.0,18.0,5.0,1.0,0.0,150.0,0.0,2.0,0.0,146.2,0
6.0,14.285714285714286,0.0,6.0,7.0,9670.0,19.0,6.0,1.0,1.0,123.0,0.0,9.0,0.0,125.5,2
0.0,0.0,0.0,7.0,0.0,9003.0,34.0,6.0,39.0,0.0,168.0,1.0,9.0,1.0,153.9,0
5.0,12.2,1.0,7.0,6.0,9147.0,19.0,5.0,17.0,0.0,125.0,0.0,5.0,0.0,118.0,2
4.0,13.0,1.0,9.0,7.0,9085.0,18.0,5.0,1.0,0.0,138.0,0.0,3.0,0.0,131.0,1
5.0,16.0,1.0,6.0,5.0,9085.0,19.0,5.0,1.0,1.0,144.0,0.0,6.0,0.0,137.6,2
5.0,11.0,1.0,7.0,9.0,9070.0,21.0,9.0,44.0,0.0,100.0,0.0,4.0,1.0,106.0,0
6.0,11.571428571428571,1.0,11.0,9.0,9238.0,20.0,6.0,1.0,1.0,133.0,0.0,9.0,1.0,132.0,2
11.0,14.333333333333334,1.0,12.0,14.0,171.0,20.0,11.0,1.0,0.0,145.0,0.0,3.0,0.0,140.1,2
5.0,11.8,1.0,8.0,8.0,9853.0,19.0,6.0,-1.0,0.0,134.0,0.0,9.0,0.0,121.1,1
4.0,11.25,1.0,5.0,8.0,9147.0,19.0,5.0,1.0,0.0,131.0,0.0,9.0,0.0,132.4,1
5.0,11.5,1.0,8.0,11.0,9238.0,19.0,6.0,18.0,1.0,121.0,0.0,4.0,0.0,121.4,2
0.0,0.0,1.0,15.0,19.0,9003.0,31.0,6.0,39.0,0.0,133.1,0.0,4.0,1.0,110.0,0
5.0,13.333333333333334,1.0,5.0,6.0,9147.0,18.0,5.0,1.0,0.0,146.0,0.0,1.0,1.0,144.6,2
0.0,0.0,1.0,6.0,7.0,9238.0,18.0,6.0,1.0,1.0,157.0,0.0,9.0,0.0,137.8,0
5.0,12.428571428571429,1.0,16.0,9.0,9119.0,28.0,5.0,39.0,1.0,133.1,0.0,9.0,1.0,123.0,1
7.0,14.014285714285714,1.0,8.0,8.0,9500.0,20.0,8.0,1.0,0.0,131.0,0.0,4.0,0.0,122.0,1
4.0,11.25,1.0,8.0,6.0,9070.0,25.0,6.0,17.0,1.0,127.0,0.0,9.0,1.0,119.3,0
4.0,11.225,1.0,13.0,11.0,9556.0,20.0,7.0,17.0,0.0,125.0,0.0,7.0,0.0,121.5,0
5.0,16.0,1.0,5.0,5.0,9147.0,18.0,5.0,1.0,0.0,153.0,0.0,4.0,0.0,146.7,2
6.0,11.833333333333334,1.0,7.0,6.0,9254.0,19.0,6.0,17.0,0.0,116.0,0.0,5.0,0.0,116.0,2
7.0,13.024285714285714,1.0,8.0,8.0,9500.0,20.0,8.0,1.0,1.0,133.1,0.0,7.0,1.0,115.5,2
6.0,10.5,1.0,7.0,7.0,8014.0,40.0,6.0,1.0,0.0,151.0,0.0,9.0,0.0,152.4,2
2.0,11.0,1.0,14.0,10.0,9119.0,34.0,5.0,39.0,1.0,120.0,1.0,9.0,1.0,116.0,1
5.0,14.2,0.0,6.0,6.0,9119.0,18.0,5.0,1.0,1.0,148.0,0.0,9.0,1.0,129.8,1
4.0,13.25,1.0,5.0,6.0,9130.0,18.0,5.0,1.0,0.0,141.0,0.0,4.0,1.0,138.9,2
5.0,12.6,1.0,11.0,9.0,8014.0,24.0,6.0,39.0,1.0,120.0,0.0,6.0,0.0,122.0,2
5.0,11.0,0.0,6.0,7.0,9254.0,28.0,6.0,39.0,1.0,133.1,1.0,4.0,0.0,123.0,0
4.0,11.25,1.0,7.0,5.0,9670.0,23.0,5.0,1.0,0.0,121.0,0.0,5.0,0.0,116.5,0
3.0,12.0,1.0,8.0,11.0,9147.0,20.0,5.0,17.0,0.0,130.0,0.0,7.0,1.0,117.8,1
0.0,0.0,0.0,0.0,0.0,9500.0,32.0,8.0,39.0,0.0,133.1,0.0,9.0,1.0,128.0,0
12.0,11.4375,1.0,21.0,19.0,9991.0,36.0,12.0,43.0,0.0,120.0,0.0,9.0,0.0,120.0,1
0.0,0.0,1.0,0.0,0.0,9500.0,26.0,8.0,7.0,0.0,140.0,0.0,4.0,0.0,140.0,0
0.0,0.0,1.0,9.0,9.0,9147.0,28.0,5.0,43.0,0.0,151.0,0.0,1.0,1.0,111.0,0
3.0,10.6,1.0,7.0,15.0,9085.0,21.0,5.0,1.0,0.0,118.0,0.0,3.0,1.0,112.4,1
5.0,13.0,1.0,8.0,7.0,8014.0,45.0,6.0,39.0,0.0,133.1,0.0,5.0,0.0,134.5,1
6.0,12.0,0.0,7.0,6.0,9773.0,21.0,6.0,43.0,0.0,129.0,0.0,4.0,0.0,129.0,0
6.0,11.783333333333331,1.0,9.0,9.0,9500.0,18.0,7.0,1.0,0.0,125.0,0.0,3.0,0.0,115.6,1
12.0,11.833333333333334,1.0,15.0,15.0,9147.0,25.0,14.0,17.0,0.0,130.0,0.0,9.0,1.0,110.4,0
2.0,11.0,1.0,11.0,13.0,9853.0,45.0,6.0,39.0,0.0,133.1,0.0,3.0,0.0,100.0,0
6.0,13.333333333333334,1.0,11.0,9.0,9853.0,18.0,7.0,17.0,0.0,114.0,0.0,4.0,0.0,108.8,1
5.0,13.82,1.0,11.0,9.0,9500.0,21.0,7.0,1.0,0.0,120.0,0.0,9.0,0.0,114.8,1
5.0,14.6,1.0,7.0,5.0,9147.0,19.0,5.0,1.0,0.0,126.0,0.0,4.0,0.0,120.1,2
0.0,0.0,1.0,8.0,8.0,9500.0,18.0,8.0,17.0,0.0,138.0,0.0,2.0,0.0,133.0,1
0.0,0.0,1.0,14.0,15.0,9500.0,20.0,7.0,1.0,1.0,119.0,0.0,4.0,1.0,115.0,0
4.0,12.75,1.0,6.0,7.0,9254.0,19.0,6.0,1.0,0.0,128.0,0.0,9.0,0.0,127.0,1
6.0,13.142857142857142,1.0,6.0,7.0,9773.0,20.0,6.0,1.0,1.0,134.0,0.0,9.0,0.0,136.1,0
0.0,0.0,1.0,10.0,13.0,9147.0,19.0,5.0,17.0,0.0,162.0,0.0,4.0,0.0,138.6,1
1.0,13.0,1.0,10.0,11.0,9238.0,19.0,6.0,17.0,0.0,152.0,0.0,7.0,0.0,132.1,0
6.0,13.857142857142858,1.0,6.0,7.0,9773.0,20.0,6.0,17.0,1.0,139.0,0.0,2.0,0.0,124.0,0
6.0,12.333333333333334,1.0,9.0,6.0,9238.0,20.0,6.0,17.0,1.0,158.0,0.0,5.0,0.0,140.5,2
7.0,13.151428571428571,1.0,8.0,8.0,9500.0,19.0,8.0,17.0,1.0,129.0,0.0,7.0,0.0,120.0,2
6.0,14.125,1.0,12.0,10.0,9119.0,20.0,6.0,44.0,1.0,170.0,0.0,9.0,1.0,167.224,1
3.0,10.666666666666666,0.0,10.0,15.0,9773.0,20.0,6.0,1.0,0.0,128.0,0.0,3.0,0.0,141.0,0
5.0,13.0,1.0,6.0,5.0,9991.0,23.0,5.0,17.0,0.0,116.0,0.0,9.0,1.0,118.5,2
0.0,0.0,0.0,10.0,5.0,9254.0,36.0,5.0,39.0,0.0,133.1,1.0,9.0,1.0,98.6,0
0.0,0.0,1.0,7.0,6.0,9670.0,29.0,6.0,39.0,0.0,140.0,0.0,7.0,1.0,105.2,0
2.0,10.5,1.0,9.0,11.0,9119.0,18.0,5.0,1.0,0.0,163.0,0.0,5.0,1.0,150.8,1
0.0,0.0,1.0,0.0,0.0,171.0,21.0,0.0,1.0,0.0,120.0,0.0,4.0,0.0,119.7,0
4.0,11.325,1.0,14.0,14.0,9500.0,29.0,8.0,7.0,0.0,140.0,0.0,7.0,0.0,140.0,0
3.0,11.0,1.0,11.0,12.0,9254.0,20.0,6.0,17.0,1.0,127.0,0.0,9.0,0.0,123.5,1
5.0,13.76,1.0,10.0,7.0,9500.0,19.0,7.0,1.0,0.0,138.0,0.0,9.0,0.0,127.5,1
5.0,12.8,1.0,6.0,8.0,9670.0,19.0,6.0,1.0,0.0,126.0,0.0,4.0,0.0,122.5,0
0.0,0.0,1.0,7.0,5.0,9119.0,20.0,5.0,1.0,0.0,140.0,1.0,9.0,1.0,166.0,1
6.0,13.166666666666666,1.0,6.0,8.0,9238.0,21.0,6.0,1.0,1.0,163.0,0.0,5.0,0.0,155.0,2
5.0,14.0,1.0,8.0,9.0,9670.0,18.0,6.0,17.0,0.0,125.0,0.0,4.0,0.0,117.3,2
0.0,0.0,0.0,7.0,6.0,9085.0,26.0,6.0,39.0,1.0,133.1,1.0,9.0,0.0,100.0,0
0.0,0.0,0.0,4.0,0.0,9147.0,26.0,5.0,39.0,0.0,133.1,0.0,9.0,1.0,102.5,0
7.0,14.857142857142858,1.0,7.0,7.0,9853.0,19.0,7.0,1.0,1.0,153.0,0.0,9.0,0.0,139.7,2
5.0,12.2,1.0,6.0,7.0,9070.0,19.0,6.0,43.0,1.0,125.0,0.0,7.0,1.0,133.4,1
6.0,13.142857142857142,1.0,7.0,8.0,9238.0,19.0,6.0,1.0,1.0,115.0,0.0,-1.0,0.0,112.9,2
4.0,11.0,1.0,11.0,11.0,9070.0,18.0,6.0,-1.0,0.0,133.0,0.0,4.0,0.0,122.5,1
0.0,0.0,1.0,0.0,0.0,9670.0,21.0,6.0,17.0,0.0,129.0,0.0,5.0,0.0,119.2,0
0.0,0.0,0.0,6.0,5.0,9147.0,25.0,5.0,44.0,0.0,130.0,1.0,2.0,1.0,130.0,0
0.0,0.0,1.0,0.0,0.0,9670.0,42.0,6.0,39.0,0.0,110.0,0.0,90.0,1.0,107.2,0
0.0,0.0,0.0,10.0,7.0,9500.0,19.0,7.0,1.0,0.0,115.0,1.0,2.0,0.0,111.5,0
2.0,10.0,1.0,13.0,14.0,9500.0,38.0,7.0,39.0,0.0,133.1,1.0,9.0,0.0,130.0,0
5.0,13.76,1.0,10.0,7.0,9500.0,19.0,7.0,1.0,0.0,138.0,0.0,9.0,0.0,127.5,1
8.0,15.9,1.0,8.0,8.0,9500.0,21.0,8.0,43.0,0.0,157.0,0.0,5.0,0.0,141.4,2
7.0,12.428571428571429,1.0,13.0,13.0,8014.0,32.0,11.0,7.0,0.0,120.0,0.0,5.0,0.0,121.3,2
2.0,10.333333333333334,1.0,6.0,12.0,9147.0,18.0,5.0,1.0,0.0,120.0,0.0,5.0,1.0,122.8,1
5.0,13.4,1.0,7.0,5.0,9085.0,20.0,5.0,1.0,0.0,128.0,0.0,5.0,0.0,135.7,2
0.0,0.0,0.0,12.0,7.0,9500.0,32.0,7.0,39.0,0.0,110.0,1.0,9.0,0.0,130.0,0
5.0,11.25,1.0,9.0,13.0,9147.0,33.0,7.0,7.0,0.0,120.0,0.0,9.0,0.0,120.0,1
6.0,14.033333333333331,1.0,7.0,7.0,9500.0,21.0,7.0,1.0,1.0,136.0,0.0,4.0,0.0,125.5,2
6.0,14.166666666666666,1.0,6.0,6.0,9238.0,20.0,6.0,44.0,1.0,150.0,0.0,4.0,0.0,145.6,2
6.0,13.016666666666666,1.0,7.0,7.0,9500.0,20.0,7.0,1.0,0.0,127.0,0.0,7.0,1.0,121.5,1
7.0,12.857142857142858,1.0,7.0,8.0,9853.0,19.0,7.0,18.0,0.0,111.0,0.0,-1.0,0.0,105.8,2
3.0,13.0,1.0,12.0,10.0,9853.0,20.0,7.0,17.0,0.0,133.1,0.0,9.0,0.0,107.0,1
4.0,13.5,1.0,6.0,6.0,9670.0,18.0,5.0,1.0,1.0,131.0,0.0,9.0,0.0,123.0,1
7.0,12.357142857142858,1.0,8.0,8.0,9500.0,19.0,8.0,1.0,1.0,130.0,0.0,9.0,0.0,117.8,2
3.0,11.666666666666666,1.0,10.0,14.0,8014.0,26.0,6.0,39.0,1.0,100.0,0.0,5.0,0.0,111.0,1
7.0,14.428571428571429,1.0,7.0,7.0,9853.0,19.0,7.0,1.0,1.0,136.0,0.0,9.0,0.0,126.9,2
0.0,0.0,0.0,10.0,5.0,9991.0,27.0,5.0,39.0,0.0,133.1,0.0,9.0,1.0,102.5,0
9.0,11.333333333333334,1.0,17.0,13.0,9991.0,28.0,13.0,51.0,0.0,120.0,0.0,4.0,1.0,118.1,0
5.0,12.2,1.0,8.0,10.0,9254.0,23.0,6.0,1.0,0.0,160.0,0.0,9.0,1.0,140.8,1
3.0,13.25,1.0,9.0,11.0,9119.0,19.0,5.0,-1.0,0.0,130.0,0.0,9.0,1.0,137.0,1
8.0,15.06875,1.0,8.0,9.0,9500.0,18.0,8.0,17.0,1.0,143.0,0.0,9.0,0.0,130.6,2
2.0,11.0,1.0,12.0,12.0,9254.0,21.0,6.0,17.0,0.0,133.1,0.0,4.0,0.0,131.0,0
6.0,12.5,1.0,7.0,8.0,9773.0,18.0,6.0,1.0,0.0,140.0,0.0,7.0,0.0,135.1,2
0.0,0.0,1.0,5.0,5.0,9991.0,41.0,5.0,39.0,0.0,133.1,0.0,5.0,1.0,111.9,0
6.0,12.5,1.0,9.0,12.0,9500.0,22.0,8.0,1.0,0.0,133.1,0.0,9.0,1.0,99.0,1
6.0,11.833333333333334,1.0,7.0,7.0,9238.0,20.0,6.0,1.0,0.0,121.0,1.0,-1.0,0.0,119.3,2
6.0,15.166666666666666,1.0,7.0,6.0,9003.0,21.0,6.0,44.0,0.0,170.0,1.0,9.0,1.0,167.224,2
5.0,10.6,1.0,9.0,10.0,9853.0,18.0,6.0,1.0,0.0,124.0,0.0,2.0,0.0,121.6,1
6.0,14.5,1.0,18.0,7.0,9147.0,23.0,6.0,43.0,0.0,133.1,0.0,2.0,0.0,128.2,0
2.0,11.333333333333334,1.0,13.0,14.0,9085.0,25.0,6.0,39.0,1.0,130.0,0.0,6.0,0.0,110.0,1
4.0,10.833333333333334,1.0,10.0,10.0,9991.0,34.0,5.0,39.0,0.0,130.0,0.0,9.0,1.0,145.6,1
5.0,11.1,1.0,11.0,9.0,9500.0,19.0,7.0,1.0,1.0,122.0,0.0,4.0,0.0,114.8,1
9.0,12.307692307692308,1.0,21.0,19.0,9238.0,36.0,13.0,43.0,0.0,110.0,0.0,9.0,0.0,110.0,1
3.0,11.0,1.0,10.0,6.0,9119.0,18.0,5.0,17.0,0.0,142.0,0.0,9.0,1.0,127.3,1
0.0,0.0,1.0,7.0,7.0,9085.0,23.0,6.0,44.0,0.0,130.0,0.0,9.0,0.0,130.0,0
6.0,15.75,1.0,13.0,10.0,9085.0,21.0,6.0,1.0,1.0,133.1,0.0,7.0,0.0,106.0,2
6.0,12.0,1.0,6.0,8.0,9773.0,18.0,6.0,1.0,0.0,111.0,0.0,9.0,0.0,110.0,2
6.0,14.0,1.0,6.0,7.0,9070.0,18.0,6.0,1.0,1.0,125.0,0.0,9.0,0.0,118.0,1
5.0,11.6,1.0,11.0,7.0,9085.0,18.0,5.0,1.0,0.0,135.0,0.0,9.0,0.0,136.8,1
6.0,11.166666666666666,1.0,6.0,6.0,9070.0,21.0,6.0,1.0,1.0,133.1,0.0,3.0,1.0,112.0,2
12.0,15.428571428571429,1.0,19.0,19.0,9085.0,22.0,12.0,51.0,0.0,127.0,0.0,2.0,0.0,138.8,2
2.0,12.0,1.0,16.0,11.0,9147.0,18.0,5.0,17.0,0.0,125.0,0.0,2.0,0.0,118.7,1
0.0,0.0,1.0,12.0,12.0,9853.0,18.0,6.0,17.0,0.0,133.1,0.0,4.0,0.0,134.8,0
6.0,13.666666666666666,1.0,8.0,9.0,9853.0,18.0,7.0,17.0,1.0,112.0,0.0,5.0,0.0,107.1,2
5.0,12.8,1.0,9.0,6.0,9147.0,20.0,5.0,1.0,0.0,118.0,0.0,9.0,1.0,114.2,2
12.0,12.0,1.0,19.0,14.0,9991.0,31.0,14.0,43.0,0.0,164.0,0.0,6.0,0.0,131.8,2
2.0,11.0,1.0,21.0,15.0,9085.0,26.0,6.0,39.0,0.0,133.1,0.0,9.0,0.0,101.0,0
10.0,12.818181818181818,1.0,12.0,15.0,171.0,19.0,11.0,1.0,1.0,133.1,0.0,9.0,1.0,128.2,1
6.0,15.433333333333332,1.0,7.0,7.0,9500.0,19.0,7.0,1.0,1.0,135.0,0.0,9.0,0.0,126.3,2
6.0,14.428571428571429,1.0,8.0,7.0,9670.0,21.0,6.0,1.0,1.0,140.0,0.0,2.0,1.0,137.6,2
11.0,12.090909090909092,1.0,16.0,13.0,9238.0,28.0,13.0,43.0,0.0,130.0,1.0,9.0,0.0,118.4,2
3.0,11.0,1.0,9.0,7.0,9991.0,50.0,5.0,39.0,0.0,120.0,0.0,9.0,0.0,119.9,1
0.0,0.0,0.0,16.0,6.0,9147.0,19.0,5.0,1.0,0.0,132.0,0.0,9.0,1.0,119.1,0
2.0,10.666666666666666,1.0,11.0,9.0,9147.0,19.0,5.0,43.0,0.0,142.0,0.0,-1.0,0.0,115.0,1
6.0,13.083333333333334,1.0,11.0,12.0,9500.0,20.0,8.0,17.0,0.0,160.0,0.0,7.0,0.0,147.8,1
3.0,11.0,1.0,10.0,6.0,9070.0,19.0,6.0,1.0,0.0,124.0,0.0,7.0,0.0,132.1,1
5.0,12.88,0.0,10.0,9.0,9500.0,37.0,7.0,39.0,0.0,133.1,0.0,9.0,1.0,130.1,0
4.0,12.4,1.0,7.0,8.0,9147.0,19.0,5.0,1.0,0.0,131.0,0.0,3.0,1.0,123.3,1
11.0,14.090909090909092,1.0,14.0,18.0,9003.0,36.0,12.0,39.0,0.0,130.0,0.0,4.0,0.0,152.4,2
3.0,12.0,1.0,10.0,11.0,9254.0,26.0,6.0,18.0,0.0,118.0,0.0,5.0,1.0,123.3,1
0.0,0.0,1.0,11.0,13.0,9147.0,21.0,5.0,43.0,0.0,122.0,0.0,1.0,1.0,118.9,0
1.0,10.0,1.0,6.0,8.0,9070.0,19.0,6.0,17.0,0.0,127.0,0.0,3.0,1.0,130.2,1
3.0,11.333333333333334,1.0,14.0,11.0,9254.0,22.0,6.0,17.0,0.0,122.0,0.0,4.0,0.0,112.9,1
6.0,13.333333333333334,0.0,7.0,8.0,9853.0,18.0,7.0,17.0,1.0,125.0,0.0,3.0,0.0,116.6,1
5.0,12.8,1.0,8.0,5.0,9085.0,19.0,5.0,-1.0,1.0,136.0,0.0,9.0,0.0,123.4,2
0.0,0.0,1.0,0.0,0.0,171.0,18.0,0.0,17.0,0.0,129.0,0.0,9.0,1.0,124.8,0
0.0,0.0,1.0,6.0,6.0,9254.0,25.0,6.0,39.0,0.0,133.1,1.0,4.0,0.0,101.0,0
5.0,13.2,1.0,7.0,7.0,9085.0,19.0,5.0,17.0,0.0,120.0,0.0,90.0,0.0,127.0,2
0.0,0.0,1.0,8.0,8.0,9556.0,18.0,8.0,1.0,0.0,170.0,0.0,1.0,0.0,167.224,0
5.0,13.666666666666666,0.0,11.0,11.0,9085.0,19.0,6.0,17.0,0.0,120.0,0.0,4.0,1.0,122.5,1
6.0,12.285714285714286,1.0,8.0,8.0,9238.0,19.0,6.0,1.0,1.0,128.0,0.0,9.0,0.0,127.3,2
8.0,14.22222222222222,1.0,7.0,9.0,9500.0,19.0,8.0,1.0,0.0,144.0,0.0,9.0,0.0,137.4,2
3.0,11.666666666666666,0.0,12.0,9.0,9130.0,31.0,5.0,39.0,0.0,150.0,0.0,4.0,1.0,130.0,0
4.0,13.4,1.0,8.0,7.0,9254.0,19.0,6.0,17.0,1.0,126.0,0.0,9.0,0.0,124.3,2
5.0,13.2,0.0,15.0,17.0,9085.0,21.0,9.0,-1.0,0.0,140.0,1.0,9.0,0.0,138.2,0
2.0,12.5,0.0,9.0,6.0,9238.0,20.0,6.0,17.0,0.0,140.0,1.0,4.0,1.0,124.6,0
0.0,0.0,1.0,0.0,0.0,171.0,19.0,0.0,1.0,0.0,137.0,0.0,5.0,1.0,133.9,2
3.0,11.333333333333334,1.0,7.0,7.0,9991.0,37.0,5.0,39.0,0.0,130.0,0.0,9.0,1.0,127.8,1
6.0,13.857142857142858,1.0,9.0,7.0,9670.0,20.0,6.0,17.0,0.0,117.0,0.0,4.0,1.0,117.7,2
6.0,15.5,1.0,7.0,7.0,8014.0,33.0,6.0,44.0,0.0,160.0,0.0,9.0,0.0,155.9,2
3.0,11.666666666666666,1.0,12.0,10.0,9147.0,19.0,5.0,17.0,1.0,126.0,0.0,4.0,1.0,116.9,1
5.0,11.0,0.0,9.0,6.0,9670.0,21.0,6.0,1.0,0.0,100.0,0.0,5.0,1.0,98.6,0
3.0,12.666666666666666,1.0,8.0,9.0,9147.0,21.0,5.0,18.0,0.0,115.0,0.0,5.0,0.0,108.7,1
5.0,11.6,1.0,14.0,10.0,8014.0,50.0,6.0,39.0,0.0,130.0,0.0,9.0,0.0,120.0,2
8.0,12.625,1.0,9.0,8.0,9556.0,20.0,8.0,43.0,0.0,149.0,0.0,4.0,0.0,140.2,1
0.0,0.0,1.0,0.0,0.0,171.0,18.0,0.0,1.0,0.0,125.0,0.0,4.0,0.0,115.2,1
4.0,12.5,0.0,7.0,9.0,9670.0,19.0,6.0,1.0,1.0,117.0,1.0,3.0,0.0,109.3,0
5.0,14.2,1.0,8.0,9.0,9670.0,50.0,6.0,39.0,1.0,130.0,0.0,4.0,0.0,159.0,2
6.0,13.8,1.0,7.0,7.0,9500.0,19.0,7.0,17.0,1.0,141.0,0.0,9.0,0.0,127.3,2
5.0,11.166666666666666,1.0,11.0,9.0,9238.0,20.0,6.0,1.0,1.0,108.0,0.0,5.0,0.0,105.9,1
2.0,11.5,1.0,6.0,7.0,9119.0,19.0,5.0,42.0,0.0,136.0,0.0,5.0,1.0,117.5,1
0.0,0.0,0.0,7.0,5.0,9130.0,18.0,5.0,7.0,0.0,140.0,0.0,2.0,1.0,140.0,0
8.0,15.11111111111111,1.0,7.0,9.0,9500.0,18.0,8.0,17.0,1.0,133.0,0.0,9.0,0.0,128.5,2
5.0,13.4,1.0,8.0,5.0,9147.0,20.0,5.0,44.0,1.0,130.0,0.0,9.0,0.0,130.0,2
8.0,12.95,1.0,8.0,8.0,9500.0,18.0,8.0,18.0,0.0,145.0,0.0,4.0,0.0,133.6,2
6.0,11.333333333333334,1.0,6.0,8.0,9238.0,18.0,6.0,1.0,1.0,126.0,0.0,5.0,0.0,125.7,2
5.0,14.4,1.0,10.0,7.0,9147.0,21.0,5.0,1.0,1.0,102.0,0.0,9.0,0.0,99.6,2
11.0,11.25,1.0,19.0,19.0,171.0,22.0,14.0,17.0,0.0,146.0,1.0,9.0,0.0,135.5,1
6.0,15.0,1.0,7.0,8.0,9670.0,19.0,6.0,1.0,0.0,125.0,0.0,2.0,0.0,118.0,2
7.0,13.071428571428571,1.0,7.0,9.0,9500.0,34.0,8.0,39.0,1.0,133.1,0.0,5.0,0.0,148.8,2
5.0,11.2,1.0,13.0,8.0,9670.0,18.0,6.0,43.0,0.0,141.0,0.0,2.0,1.0,133.3,1
5.0,11.0,1.0,8.0,8.0,9853.0,19.0,6.0,17.0,0.0,112.0,0.0,3.0,0.0,106.1,1
6.0,13.5,1.0,7.0,6.0,9238.0,21.0,6.0,44.0,0.0,140.0,0.0,5.0,0.0,141.8,2
0.0,0.0,0.0,5.0,10.0,9254.0,37.0,5.0,7.0,0.0,100.0,0.0,9.0,0.0,100.0,0
6.0,13.333333333333334,1.0,7.0,6.0,9773.0,18.0,6.0,17.0,0.0,121.0,0.0,9.0,0.0,122.4,2
6.0,12.833333333333334,1.0,6.0,6.0,9070.0,18.0,6.0,1.0,1.0,143.0,0.0,9.0,0.0,134.6,0
3.0,11.5,1.0,10.0,12.0,9119.0,19.0,5.0,1.0,1.0,117.0,0.0,3.0,1.0,111.1,1
7.0,13.925714285714283,1.0,8.0,8.0,9500.0,19.0,8.0,17.0,0.0,150.0,0.0,1.0,0.0,131.5,2
6.0,14.833333333333334,1.0,7.0,6.0,9085.0,18.0,6.0,1.0,0.0,151.0,0.0,2.0,0.0,144.5,2
4.0,11.0,1.0,7.0,7.0,9670.0,19.0,5.0,1.0,0.0,120.0,0.0,7.0,1.0,111.3,1
1.0,11.0,1.0,12.0,11.0,9670.0,21.0,6.0,-1.0,0.0,140.0,1.0,3.0,0.0,140.0,1
0.0,0.0,1.0,7.0,7.0,9500.0,43.0,7.0,7.0,0.0,130.0,0.0,2.0,0.0,130.0,0
3.0,10.333333333333334,1.0,13.0,12.0,9254.0,20.0,6.0,17.0,0.0,136.0,0.0,7.0,0.0,121.7,1
0.0,0.0,0.0,4.0,5.0,9773.0,20.0,5.0,1.0,0.0,133.1,1.0,3.0,0.0,100.0,0
7.0,12.571428571428571,1.0,7.0,8.0,9853.0,20.0,7.0,1.0,1.0,112.0,1.0,-1.0,0.0,106.1,2
0.0,0.0,1.0,5.0,5.0,9147.0,20.0,5.0,1.0,0.0,136.0,0.0,9.0,1.0,137.1,0
4.0,13.25,1.0,5.0,9.0,9147.0,18.0,5.0,43.0,0.0,131.0,0.0,2.0,0.0,126.1,1
5.0,14.5,1.0,6.0,10.0,9670.0,26.0,6.0,39.0,1.0,120.0,0.0,4.0,0.0,142.3,2
2.0,10.0,1.0,13.0,8.0,9147.0,19.0,5.0,1.0,0.0,126.0,1.0,9.0,0.0,115.2,1
6.0,11.966666666666669,1.0,7.0,7.0,9500.0,19.0,7.0,17.0,0.0,140.0,0.0,4.0,0.0,133.3,2
3.0,10.8,1.0,10.0,11.0,9119.0,19.0,5.0,17.0,0.0,111.0,0.0,5.0,1.0,106.5,0
2.0,10.0,0.0,9.0,14.0,9254.0,18.0,6.0,17.0,0.0,140.0,0.0,2.0,1.0,124.3,0
3.0,11.333333333333334,0.0,13.0,7.0,9147.0,19.0,5.0,17.0,0.0,137.0,0.0,1.0,1.0,131.4,0
2.0,13.5,1.0,10.0,9.0,9085.0,21.0,5.0,17.0,0.0,121.0,0.0,1.0,0.0,131.5,0
5.0,15.0,1.0,6.0,7.0,9254.0,20.0,6.0,1.0,1.0,128.0,0.0,7.0,0.0,120.0,1
3.0,10.666666666666666,1.0,11.0,10.0,9147.0,20.0,5.0,17.0,0.0,120.0,0.0,3.0,0.0,113.4,1
0.0,0.0,1.0,11.0,7.0,9085.0,35.0,6.0,39.0,0.0,133.1,0.0,4.0,0.0,140.0,0
5.0,13.6,1.0,7.0,5.0,9085.0,19.0,5.0,1.0,1.0,145.0,0.0,9.0,0.0,145.0,2
6.0,13.55,1.0,10.0,8.0,9500.0,20.0,7.0,1.0,1.0,113.0,0.0,-1.0,0.0,107.8,1
4.0,10.25,1.0,12.0,12.0,9254.0,19.0,6.0,17.0,0.0,118.0,0.0,5.0,1.0,120.5,0
5.0,11.6,1.0,8.0,8.0,9853.0,23.0,6.0,1.0,0.0,122.0,0.0,2.0,0.0,112.6,1
6.0,12.0,1.0,8.0,6.0,9238.0,21.0,6.0,1.0,0.0,100.0,0.0,7.0,0.0,99.3,2
4.0,11.5,1.0,10.0,8.0,9853.0,20.0,6.0,43.0,0.0,118.0,0.0,5.0,0.0,110.0,1
5.0,14.833333333333334,1.0,5.0,6.0,9991.0,26.0,5.0,39.0,0.0,140.0,0.0,9.0,0.0,152.4,2
0.0,0.0,0.0,9.0,12.0,8014.0,18.0,6.0,17.0,0.0,123.0,1.0,3.0,0.0,113.2,0
6.0,11.5,1.0,8.0,8.0,9773.0,20.0,6.0,1.0,1.0,125.0,0.0,9.0,1.0,133.4,2
4.0,13.5,1.0,6.0,6.0,9670.0,18.0,5.0,1.0,1.0,131.0,0.0,9.0,0.0,123.0,1
5.0,12.125,1.0,9.0,8.0,9991.0,24.0,5.0,39.0,0.0,130.0,0.0,9.0,0.0,151.6,1
0.0,0.0,1.0,10.0,5.0,9670.0,19.0,5.0,17.0,0.0,109.0,0.0,4.0,1.0,108.0,1
0.0,0.0,0.0,11.0,6.0,8014.0,50.0,5.0,39.0,0.0,133.1,1.0,9.0,0.0,98.6,0
7.0,13.381428571428572,1.0,8.0,8.0,9500.0,18.0,8.0,1.0,1.0,135.0,0.0,9.0,0.0,123.0,2
4.0,13.25,0.0,12.0,14.0,9238.0,23.0,9.0,-1.0,0.0,130.0,1.0,5.0,0.0,128.3,0
3.0,11.0,1.0,9.0,9.0,9991.0,26.0,5.0,39.0,0.0,133.1,0.0,7.0,0.0,125.7,0
6.0,14.571428571428571,1.0,6.0,7.0,9773.0,20.0,6.0,1.0,1.0,135.0,0.0,5.0,0.0,126.3,2
6.0,10.5,1.0,9.0,10.0,9238.0,21.0,6.0,18.0,0.0,122.0,0.0,9.0,1.0,112.6,2
4.0,11.0,1.0,12.0,10.0,9991.0,25.0,5.0,39.0,0.0,133.1,0.0,4.0,0.0,127.7,1
6.0,12.166666666666666,1.0,6.0,6.0,9773.0,20.0,6.0,17.0,0.0,132.0,0.0,9.0,1.0,141.8,2
6.0,13.166666666666666,1.0,7.0,6.0,9238.0,19.0,6.0,1.0,0.0,145.0,0.0,6.0,0.0,127.9,2
4.0,10.75,1.0,13.0,12.0,9238.0,20.0,6.0,17.0,1.0,154.0,0.0,9.0,0.0,140.4,1
0.0,0.0,1.0,10.0,13.0,9147.0,19.0,5.0,17.0,0.0,162.0,0.0,4.0,0.0,138.6,1
5.0,11.1,1.0,11.0,9.0,9500.0,19.0,7.0,1.0,1.0,122.0,0.0,4.0,0.0,114.8,1
6.0,12.666666666666666,1.0,6.0,6.0,9238.0,19.0,6.0,1.0,1.0,134.0,1.0,4.0,0.0,124.2,2
1.0,16.0,1.0,12.0,12.0,9773.0,20.0,6.0,1.0,0.0,129.0,0.0,9.0,0.0,117.1,1
2.0,13.5,1.0,6.0,5.0,9119.0,25.0,5.0,39.0,0.0,120.0,0.0,5.0,1.0,146.8,1
4.0,12.0,1.0,14.0,8.0,9085.0,21.0,5.0,17.0,0.0,130.0,0.0,5.0,0.0,121.3,1
6.0,12.833333333333334,1.0,6.0,6.0,9070.0,20.0,6.0,1.0,0.0,150.0,0.0,4.0,0.0,131.5,2
3.0,11.333333333333334,0.0,7.0,8.0,9556.0,23.0,8.0,7.0,0.0,130.0,0.0,4.0,1.0,130.0,0
6.0,13.333333333333334,1.0,6.0,6.0,9773.0,18.0,6.0,17.0,0.0,135.0,0.0,5.0,0.0,135.0,1
0.0,0.0,1.0,0.0,0.0,9773.0,18.0,6.0,17.0,0.0,123.0,0.0,3.0,0.0,120.9,0
6.0,12.0,1.0,10.0,9.0,9254.0,23.0,6.0,1.0,0.0,115.0,0.0,3.0,1.0,113.6,1
4.0,12.75,1.0,6.0,7.0,9254.0,19.0,6.0,1.0,0.0,128.0,0.0,9.0,0.0,127.0,1
2.0,11.666666666666666,1.0,14.0,12.0,9556.0,20.0,7.0,-1.0,0.0,114.0,0.0,-1.0,0.0,114.0,1
0.0,0.0,1.0,6.0,0.0,9853.0,19.0,6.0,1.0,0.0,133.0,0.0,4.0,0.0,130.2,0
7.0,12.15,1.0,15.0,14.0,9556.0,24.0,8.0,39.0,0.0,130.0,0.0,9.0,0.0,113.3,1
5.0,12.8,1.0,7.0,8.0,9773.0,19.0,6.0,1.0,1.0,154.0,0.0,9.0,0.0,133.4,2
0.0,0.0,0.0,10.0,10.0,9254.0,28.0,5.0,39.0,0.0,133.1,0.0,0.0,0.0,110.0,0
5.0,13.0,1.0,6.0,5.0,9085.0,24.0,5.0,39.0,0.0,150.0,0.0,9.0,0.0,132.0,2
6.0,13.875,1.0,6.0,8.0,9070.0,19.0,6.0,1.0,0.0,136.0,1.0,4.0,0.0,132.2,2
1.0,10.0,1.0,8.0,7.0,9147.0,22.0,5.0,17.0,0.0,137.0,0.0,5.0,1.0,131.4,0
0.0,0.0,1.0,0.0,0.0,8014.0,30.0,6.0,7.0,0.0,140.0,0.0,4.0,0.0,140.0,0
5.0,15.2,1.0,5.0,5.0,9147.0,18.0,5.0,1.0,1.0,143.0,0.0,3.0,0.0,133.9,2
2.0,13.5,1.0,16.0,15.0,9085.0,21.0,6.0,44.0,0.0,140.0,0.0,5.0,0.0,140.0,1
4.0,11.25,1.0,6.0,8.0,9254.0,27.0,6.0,1.0,0.0,133.1,0.0,1.0,1.0,98.6,1
1.0,10.0,1.0,7.0,16.0,9130.0,30.0,6.0,39.0,1.0,133.1,0.0,5.0,0.0,110.0,0
5.0,11.8,1.0,8.0,8.0,9853.0,19.0,6.0,-1.0,0.0,134.0,0.0,9.0,0.0,121.1,1
4.0,13.0,1.0,9.0,6.0,9085.0,18.0,5.0,-1.0,0.0,150.0,0.0,4.0,0.0,139.4,1
5.0,14.0,1.0,7.0,9.0,9670.0,18.0,6.0,1.0,1.0,135.0,0.0,9.0,0.0,132.6,2
6.0,13.0,1.0,6.0,8.0,9238.0,31.0,6.0,39.0,0.0,133.1,0.0,4.0,0.0,130.0,1
4.0,11.5,1.0,7.0,5.0,9670.0,20.0,5.0,17.0,0.0,120.0,0.0,5.0,0.0,113.0,2
5.0,12.0,1.0,9.0,8.0,9853.0,22.0,6.0,43.0,0.0,140.0,0.0,9.0,0.0,122.3,0
6.0,12.516666666666666,1.0,7.0,7.0,9500.0,18.0,7.0,17.0,0.0,122.0,0.0,9.0,0.0,131.0,0
0.0,0.0,1.0,12.0,7.0,9238.0,19.0,6.0,17.0,1.0,133.1,0.0,9.0,0.0,98.6,0
8.0,14.625,0.0,12.0,11.0,8014.0,23.0,10.0,7.0,0.0,130.0,1.0,5.0,0.0,130.0,0
6.0,14.0,1.0,9.0,6.0,9670.0,19.0,6.0,17.0,1.0,118.0,0.0,7.0,0.0,113.5,2
0.0,0.0,1.0,0.0,0.0,171.0,19.0,0.0,1.0,1.0,151.0,0.0,2.0,0.0,161.9,2
4.0,11.6,0.0,6.0,8.0,9070.0,21.0,6.0,17.0,0.0,122.0,1.0,5.0,0.0,119.6,0
4.0,12.25,0.0,16.0,12.0,9773.0,43.0,6.0,39.0,0.0,110.0,1.0,9.0,1.0,140.0,0
4.0,11.75,1.0,10.0,9.0,9147.0,19.0,5.0,17.0,0.0,129.0,0.0,2.0,0.0,128.3,1
0.0,0.0,1.0,7.0,6.0,9670.0,18.0,6.0,17.0,1.0,127.0,1.0,4.0,0.0,125.6,0
8.0,13.25,1.0,10.0,8.0,9853.0,32.0,8.0,39.0,1.0,133.1,0.0,9.0,0.0,131.0,2
0.0,0.0,1.0,6.0,5.0,9238.0,20.0,5.0,17.0,0.0,103.0,0.0,7.0,0.0,104.1,0
2.0,11.5,1.0,13.0,14.0,9003.0,20.0,6.0,44.0,0.0,130.0,0.0,2.0,1.0,130.0,1
6.0,13.166666666666666,1.0,7.0,6.0,9773.0,19.0,6.0,1.0,1.0,127.0,0.0,9.0,0.0,116.5,2
8.0,14.575,1.0,8.0,8.0,9500.0,18.0,8.0,43.0,0.0,136.0,0.0,2.0,0.0,100.0,2
3.0,11.333333333333334,1.0,7.0,7.0,9991.0,37.0,5.0,39.0,0.0,130.0,0.0,9.0,1.0,127.8,1
3.0,10.8,0.0,13.0,12.0,9991.0,43.0,5.0,39.0,0.0,133.1,0.0,5.0,1.0,133.2,0
4.0,13.0,1.0,9.0,9.0,9147.0,20.0,5.0,1.0,0.0,123.0,0.0,4.0,1.0,117.8,1
5.0,11.8,1.0,8.0,7.0,9238.0,21.0,6.0,17.0,1.0,128.0,0.0,-1.0,0.0,118.6,1
0.0,0.0,0.0,0.0,0.0,171.0,19.0,0.0,1.0,0.0,135.0,1.0,5.0,1.0,137.5,2
4.0,10.75,0.0,8.0,6.0,9670.0,18.0,5.0,17.0,0.0,123.0,1.0,0.0,0.0,114.6,0
5.0,11.5,1.0,11.0,13.0,9238.0,20.0,6.0,17.0,1.0,123.0,0.0,9.0,0.0,113.2,1
4.0,13.5,1.0,7.0,9.0,9254.0,18.0,6.0,17.0,1.0,141.0,0.0,4.0,0.0,127.7,2
2.0,12.0,1.0,7.0,12.0,9254.0,19.0,6.0,17.0,0.0,122.0,0.0,4.0,1.0,116.1,1
0.0,0.0,0.0,10.0,0.0,9773.0,21.0,6.0,17.0,0.0,145.0,0.0,90.0,1.0,132.8,0
2.0,11.5,1.0,13.0,17.0,9085.0,21.0,6.0,1.0,0.0,105.0,0.0,-1.0,0.0,102.6,1
4.0,11.25,1.0,12.0,10.0,9147.0,20.0,5.0,1.0,0.0,113.0,0.0,9.0,1.0,107.4,1
1.0,11.0,0.0,6.0,5.0,9130.0,27.0,5.0,7.0,0.0,130.0,1.0,90.0,0.0,130.0,0
0.0,0.0,1.0,0.0,0.0,9500.0,19.0,8.0,1.0,0.0,142.0,0.0,7.0,0.0,123.5,0
5.0,14.0,1.0,5.0,5.0,9085.0,18.0,5.0,-1.0,1.0,143.0,1.0,0.0,0.0,159.1,0
5.0,12.6,0.0,5.0,5.0,9670.0,25.0,5.0,39.0,0.0,133.1,1.0,4.0,0.0,100.0,0
7.0,14.0,1.0,8.0,8.0,9500.0,18.0,8.0,1.0,1.0,149.0,0.0,4.0,0.0,133.0,2
4.0,14.0,0.0,10.0,11.0,9147.0,22.0,5.0,17.0,0.0,116.0,0.0,3.0,1.0,115.7,1
6.0,14.35,1.0,7.0,7.0,9500.0,19.0,7.0,1.0,0.0,130.0,0.0,4.0,0.0,122.3,2
4.0,11.8,1.0,7.0,11.0,9254.0,25.0,6.0,39.0,0.0,133.1,0.0,5.0,1.0,119.3,1
4.0,11.0,1.0,14.0,9.0,9254.0,19.0,6.0,43.0,0.0,135.0,0.0,2.0,1.0,122.1,1
8.0,15.011111111111113,1.0,7.0,9.0,9500.0,19.0,8.0,17.0,0.0,132.0,0.0,-1.0,0.0,128.0,2
5.0,15.6,0.0,9.0,8.0,9853.0,29.0,6.0,17.0,0.0,135.0,0.0,2.0,0.0,132.9,0
2.0,11.0,0.0,9.0,10.0,9853.0,20.0,6.0,1.0,0.0,128.0,1.0,9.0,0.0,120.3,0
2.0,11.5,1.0,6.0,8.0,9147.0,22.0,5.0,43.0,0.0,123.0,0.0,4.0,1.0,114.4,0
0.0,0.0,1.0,7.0,6.0,9254.0,35.0,6.0,7.0,0.0,110.0,0.0,3.0,1.0,110.0,0
6.0,11.875,1.0,8.0,8.0,9070.0,23.0,6.0,1.0,0.0,115.0,0.0,3.0,0.0,123.4,2
6.0,12.333333333333334,1.0,12.0,10.0,9003.0,28.0,6.0,39.0,0.0,140.0,0.0,9.0,1.0,150.0,1
5.0,11.166666666666666,1.0,11.0,9.0,9238.0,20.0,6.0,1.0,1.0,108.0,0.0,5.0,0.0,105.9,1
3.0,12.333333333333334,0.0,6.0,7.0,9670.0,18.0,6.0,-1.0,0.0,133.1,1.0,9.0,1.0,128.2,0
6.0,14.857142857142858,1.0,7.0,9.0,9130.0,18.0,6.0,1.0,0.0,140.0,0.0,3.0,1.0,127.8,2
3.0,12.333333333333334,1.0,10.0,10.0,9119.0,18.0,5.0,17.0,0.0,141.0,0.0,9.0,1.0,133.0,1
3.0,10.666666666666666,1.0,12.0,12.0,9254.0,23.0,6.0,44.0,0.0,130.0,1.0,-1.0,1.0,130.0,1
5.0,12.8,1.0,6.0,10.0,9773.0,20.0,6.0,1.0,0.0,121.0,0.0,9.0,0.0,118.9,2
7.0,11.242857142857142,1.0,9.0,9.0,9500.0,19.0,7.0,1.0,1.0,126.0,0.0,5.0,0.0,120.2,1
4.0,12.5,1.0,6.0,7.0,9147.0,18.0,5.0,17.0,0.0,136.0,0.0,9.0,1.0,122.7,1
6.0,11.333333333333334,0.0,7.0,8.0,9254.0,21.0,6.0,1.0,1.0,129.0,1.0,4.0,0.0,126.2,0
4.0,13.375,1.0,8.0,12.0,9147.0,36.0,5.0,39.0,0.0,120.0,0.0,5.0,0.0,124.6,1
2.0,10.5,1.0,8.0,11.0,9853.0,20.0,6.0,17.0,0.0,120.0,0.0,9.0,0.0,122.6,0
7.0,11.857142857142858,1.0,13.0,7.0,9556.0,24.0,7.0,39.0,1.0,130.0,0.0,9.0,1.0,110.0,1
0.0,0.0,1.0,9.0,11.0,9500.0,36.0,8.0,39.0,0.0,133.1,0.0,7.0,1.0,167.224,0
0.0,0.0,0.0,8.0,8.0,9500.0,37.0,8.0,39.0,0.0,110.0,0.0,9.0,0.0,110.0,0
7.0,13.12857142857143,1.0,9.0,9.0,9500.0,19.0,8.0,1.0,0.0,100.0,0.0,5.0,1.0,100.0,2
2.0,10.0,1.0,10.0,14.0,9238.0,18.0,6.0,1.0,0.0,135.0,1.0,5.0,0.0,121.0,1
0.0,0.0,0.0,12.0,8.0,9085.0,29.0,5.0,39.0,0.0,133.1,0.0,4.0,1.0,120.0,0
7.0,13.55714285714286,1.0,8.0,8.0,9500.0,18.0,8.0,17.0,0.0,157.0,0.0,4.0,1.0,138.8,2
6.0,12.714285714285714,1.0,10.0,9.0,9670.0,19.0,6.0,1.0,1.0,122.0,0.0,4.0,1.0,116.1,1
0.0,0.0,0.0,7.0,9.0,9147.0,28.0,5.0,39.0,0.0,100.0,1.0,7.0,1.0,132.0,0
6.0,11.833333333333334,1.0,6.0,7.0,9254.0,20.0,6.0,1.0,1.0,132.0,0.0,9.0,0.0,120.1,2
6.0,12.166666666666666,1.0,6.0,6.0,9773.0,18.0,6.0,1.0,1.0,121.0,0.0,3.0,0.0,116.1,2
6.0,14.5,1.0,8.0,6.0,9670.0,18.0,6.0,1.0,1.0,123.0,0.0,9.0,0.0,119.2,2
0.0,0.0,1.0,10.0,5.0,9670.0,19.0,5.0,17.0,0.0,109.0,0.0,4.0,1.0,108.0,1
0.0,0.0,0.0,5.0,5.0,9085.0,29.0,5.0,39.0,0.0,110.0,0.0,90.0,1.0,110.0,0
3.0,13.666666666666666,1.0,11.0,12.0,9085.0,21.0,6.0,43.0,0.0,127.0,0.0,2.0,0.0,100.0,1
5.0,14.8,1.0,12.0,16.0,9119.0,18.0,5.0,1.0,0.0,148.0,0.0,9.0,1.0,133.0,0
1.0,12.0,0.0,9.0,10.0,9130.0,23.0,5.0,1.0,0.0,144.0,0.0,1.0,0.0,137.7,0
3.0,10.333333333333334,1.0,13.0,12.0,9254.0,20.0,6.0,17.0,0.0,136.0,0.0,7.0,0.0,121.7,1
11.0,12.545454545454543,1.0,12.0,12.0,9070.0,21.0,12.0,43.0,1.0,130.0,0.0,5.0,0.0,124.0,2
4.0,12.0,1.0,13.0,19.0,9085.0,20.0,6.0,44.0,0.0,130.0,0.0,4.0,0.0,130.0,1
5.0,12.0,0.0,8.0,9.0,9238.0,27.0,6.0,44.0,0.0,130.0,1.0,4.0,1.0,127.4,0
6.0,13.983333333333334,1.0,7.0,7.0,9500.0,18.0,7.0,17.0,0.0,146.0,0.0,5.0,0.0,135.8,2
3.0,11.0,1.0,9.0,6.0,9147.0,20.0,5.0,1.0,0.0,133.0,0.0,5.0,1.0,121.8,1
5.0,11.4,1.0,6.0,7.0,9254.0,21.0,6.0,43.0,0.0,112.0,0.0,9.0,1.0,108.5,2
5.0,12.0,1.0,8.0,7.0,9853.0,18.0,6.0,17.0,0.0,118.0,0.0,7.0,0.0,121.2,1
5.0,11.2,0.0,16.0,7.0,9003.0,49.0,7.0,39.0,0.0,111.0,1.0,4.0,1.0,162.4,0
0.0,0.0,0.0,5.0,5.0,9119.0,34.0,5.0,39.0,0.0,140.0,0.0,9.0,1.0,140.0,0
6.0,13.5,1.0,6.0,6.0,9070.0,50.0,6.0,39.0,0.0,110.0,0.0,7.0,1.0,110.2,2
8.0,14.1875,1.0,8.0,8.0,9500.0,18.0,8.0,42.0,0.0,157.0,0.0,3.0,0.0,100.0,2
6.0,11.666666666666666,1.0,6.0,6.0,9238.0,18.0,6.0,1.0,1.0,134.0,0.0,7.0,0.0,128.4,2
7.0,13.142857142857142,1.0,10.0,7.0,9853.0,18.0,7.0,17.0,0.0,125.0,0.0,5.0,0.0,119.4,2
0.0,0.0,1.0,14.0,15.0,9500.0,20.0,7.0,1.0,1.0,103.0,0.0,9.0,0.0,108.3,1
0.0,0.0,1.0,7.0,1.0,9773.0,18.0,1.0,1.0,0.0,127.0,0.0,4.0,0.0,120.4,0
1.0,10.0,1.0,7.0,11.0,9773.0,21.0,6.0,17.0,0.0,129.0,0.0,2.0,1.0,132.5,1
8.0,12.375,1.0,7.0,10.0,9070.0,22.0,9.0,44.0,1.0,130.0,0.0,9.0,1.0,131.8,2
5.0,12.0,1.0,9.0,6.0,9991.0,40.0,5.0,39.0,0.0,120.0,0.0,6.0,0.0,147.8,1
2.0,11.0,1.0,5.0,11.0,9147.0,24.0,5.0,18.0,0.0,100.0,0.0,5.0,0.0,101.8,1
6.0,12.2,1.0,14.0,14.0,9500.0,23.0,7.0,43.0,0.0,120.0,0.0,4.0,1.0,136.6,0
6.0,13.333333333333334,1.0,7.0,6.0,9670.0,19.0,6.0,1.0,0.0,125.0,0.0,5.0,0.0,124.0,2
5.0,12.0,0.0,13.0,11.0,9085.0,20.0,6.0,44.0,0.0,140.0,1.0,4.0,0.0,140.0,0
2.0,10.0,1.0,13.0,14.0,9991.0,39.0,5.0,39.0,1.0,140.0,0.0,9.0,0.0,130.2,2
0.0,0.0,1.0,7.0,10.0,9556.0,26.0,5.0,39.0,0.0,133.1,0.0,2.0,1.0,136.1,0
4.0,11.325,1.0,14.0,14.0,9500.0,29.0,8.0,7.0,0.0,140.0,0.0,7.0,0.0,140.0,0
8.0,15.3875,1.0,7.0,8.0,9500.0,18.0,8.0,17.0,0.0,145.0,0.0,4.0,0.0,139.8,2
0.0,0.0,0.0,5.0,5.0,9119.0,34.0,5.0,39.0,0.0,140.0,0.0,9.0,1.0,140.0,0
5.0,13.8,1.0,9.0,6.0,9070.0,20.0,6.0,1.0,1.0,129.0,0.0,4.0,1.0,132.9,1
1.0,11.0,1.0,2.0,1.0,9991.0,34.0,1.0,43.0,0.0,133.1,0.0,9.0,0.0,114.7,0
2.0,11.0,1.0,8.0,8.0,9003.0,39.0,6.0,43.0,0.0,120.0,0.0,5.0,1.0,120.0,0
11.0,11.909090909090908,1.0,21.0,19.0,9853.0,28.0,14.0,7.0,0.0,130.0,0.0,9.0,0.0,130.0,0
5.0,12.858,1.0,10.0,10.0,9500.0,19.0,8.0,1.0,0.0,124.0,0.0,3.0,1.0,117.5,1
3.0,11.725,1.0,11.0,14.0,9500.0,48.0,7.0,39.0,0.0,133.1,0.0,-1.0,0.0,115.2,1
1.0,13.0,0.0,10.0,12.0,9147.0,20.0,5.0,1.0,0.0,121.0,0.0,9.0,0.0,113.7,0
0.0,0.0,1.0,0.0,0.0,9853.0,19.0,6.0,44.0,0.0,150.0,0.0,2.0,0.0,150.0,0
6.0,12.333333333333334,1.0,11.0,7.0,8014.0,44.0,6.0,39.0,0.0,133.1,0.0,9.0,0.0,114.0,2
4.0,11.25,1.0,15.0,8.0,9773.0,23.0,6.0,43.0,0.0,121.0,0.0,4.0,1.0,121.0,1
6.0,12.666666666666666,1.0,7.0,6.0,9003.0,20.0,6.0,44.0,0.0,140.0,0.0,4.0,1.0,140.0,2
6.0,13.2,1.0,7.0,7.0,9500.0,19.0,7.0,1.0,0.0,144.0,0.0,9.0,1.0,128.8,2
8.0,16.0,1.0,9.0,8.0,9556.0,18.0,8.0,1.0,0.0,136.0,0.0,9.0,0.0,129.5,2
1.0,13.0,1.0,8.0,9.0,9003.0,50.0,6.0,7.0,0.0,140.0,0.0,9.0,1.0,140.0,0
4.0,11.875,1.0,12.0,11.0,9003.0,21.0,6.0,44.0,0.0,150.0,0.0,6.0,1.0,150.0,0
6.0,13.666666666666666,0.0,7.0,7.0,9853.0,25.0,6.0,7.0,0.0,150.0,1.0,4.0,0.0,150.0,2
0.0,0.0,0.0,0.0,0.0,171.0,18.0,0.0,1.0,0.0,130.0,1.0,5.0,1.0,118.1,1
7.0,14.2,1.0,8.0,8.0,9500.0,18.0,8.0,1.0,0.0,147.0,0.0,4.0,0.0,134.3,2
6.0,10.714285714285714,1.0,9.0,8.0,9238.0,19.0,6.0,1.0,1.0,115.0,0.0,7.0,0.0,108.7,2
8.0,13.333333333333334,1.0,12.0,9.0,9670.0,21.0,8.0,51.0,0.0,126.0,1.0,1.0,1.0,111.0,2
0.0,0.0,1.0,0.0,0.0,171.0,19.0,0.0,-1.0,0.0,155.0,0.0,5.0,1.0,167.224,2
0.0,0.0,1.0,5.0,5.0,9991.0,45.0,5.0,39.0,0.0,133.1,0.0,90.0,1.0,121.7,0
5.0,10.2,1.0,7.0,6.0,9991.0,28.0,5.0,39.0,1.0,170.0,0.0,9.0,0.0,150.0,1
0.0,0.0,0.0,0.0,0.0,9991.0,28.0,5.0,39.0,0.0,133.1,0.0,7.0,1.0,111.0,0
3.0,14.75,1.0,11.0,10.0,9254.0,27.0,6.0,39.0,0.0,133.1,0.0,9.0,1.0,100.0,0
6.0,12.571428571428571,1.0,10.0,11.0,9773.0,18.0,6.0,1.0,0.0,137.0,0.0,2.0,0.0,139.8,1
4.0,11.5,1.0,10.0,8.0,9853.0,20.0,6.0,43.0,0.0,118.0,0.0,5.0,0.0,110.0,1
6.0,13.625,1.0,8.0,10.0,9119.0,18.0,6.0,17.0,1.0,120.0,0.0,9.0,1.0,117.2,1
10.0,11.9,1.0,15.0,17.0,9070.0,29.0,11.0,42.0,0.0,100.0,0.0,2.0,0.0,115.9,1
6.0,12.333333333333334,1.0,15.0,10.0,9773.0,32.0,7.0,43.0,0.0,140.0,0.0,3.0,1.0,116.9,1
0.0,0.0,0.0,12.0,6.0,9254.0,29.0,6.0,17.0,0.0,126.0,0.0,5.0,1.0,126.0,0
4.0,12.2,1.0,13.0,18.0,9085.0,19.0,6.0,1.0,0.0,126.0,0.0,2.0,0.0,123.9,1
0.0,0.0,1.0,5.0,5.0,9991.0,30.0,5.0,39.0,0.0,120.0,0.0,0.0,1.0,120.5,0
4.0,10.25,1.0,11.0,10.0,9991.0,29.0,5.0,1.0,0.0,140.0,0.0,9.0,0.0,124.6,1
5.0,16.0,1.0,5.0,5.0,9147.0,43.0,5.0,39.0,0.0,140.0,0.0,9.0,0.0,142.8,2
6.0,12.616666666666667,1.0,11.0,7.0,9500.0,23.0,7.0,43.0,0.0,133.1,0.0,9.0,0.0,114.5,1
2.0,16.0,1.0,6.0,6.0,9070.0,24.0,6.0,39.0,1.0,130.0,0.0,5.0,1.0,112.0,2
8.0,14.07125,1.0,8.0,8.0,9500.0,19.0,8.0,1.0,1.0,133.0,0.0,1.0,0.0,128.5,2
6.0,11.571428571428571,1.0,9.0,9.0,9238.0,18.0,6.0,17.0,1.0,133.0,0.0,3.0,0.0,119.7,2
0.0,0.0,0.0,0.0,0.0,171.0,18.0,0.0,1.0,0.0,130.0,1.0,5.0,1.0,118.1,1
4.0,14.75,1.0,7.0,7.0,9147.0,25.0,5.0,39.0,1.0,150.0,0.0,7.0,1.0,148.8,2
5.0,13.0,1.0,8.0,6.0,9085.0,19.0,6.0,44.0,0.0,140.0,0.0,4.0,0.0,140.0,2
5.0,12.6,1.0,7.0,8.0,9853.0,18.0,6.0,17.0,0.0,141.0,0.0,2.0,0.0,130.9,2
0.0,0.0,0.0,0.0,0.0,9500.0,39.0,8.0,7.0,0.0,140.0,0.0,4.0,0.0,140.0,0
2.0,13.0,1.0,8.0,8.0,9147.0,22.0,5.0,43.0,0.0,127.0,0.0,3.0,0.0,117.9,0
0.0,0.0,1.0,8.0,8.0,9500.0,20.0,8.0,18.0,1.0,128.0,0.0,9.0,0.0,125.8,1
0.0,0.0,1.0,17.0,6.0,9085.0,28.0,6.0,39.0,0.0,140.0,1.0,-1.0,0.0,129.3,1
5.0,12.419999999999998,1.0,15.0,10.0,9500.0,18.0,7.0,-1.0,0.0,170.0,0.0,-1.0,0.0,167.224,1
0.0,0.0,0.0,7.0,8.0,9147.0,29.0,5.0,43.0,0.0,160.0,0.0,9.0,0.0,98.6,0
5.0,11.6,1.0,5.0,6.0,9670.0,20.0,5.0,1.0,0.0,124.0,1.0,9.0,1.0,117.7,0
4.0,11.0,1.0,14.0,9.0,9254.0,19.0,6.0,43.0,0.0,135.0,0.0,2.0,1.0,122.1,1
0.0,0.0,0.0,9.0,6.0,9670.0,44.0,6.0,39.0,0.0,133.1,1.0,90.0,1.0,98.6,0
6.0,13.345,1.0,9.0,9.0,9500.0,18.0,8.0,1.0,0.0,154.0,0.0,1.0,0.0,129.0,1
4.0,14.75,1.0,5.0,7.0,9085.0,19.0,5.0,43.0,0.0,170.0,0.0,5.0,0.0,167.224,1
4.0,11.75,0.0,17.0,11.0,9003.0,28.0,6.0,39.0,0.0,133.1,1.0,9.0,0.0,110.0,0
6.0,13.625,1.0,6.0,8.0,9070.0,18.0,6.0,1.0,1.0,136.0,0.0,9.0,0.0,125.2,2
6.0,11.5,1.0,8.0,7.0,9238.0,19.0,6.0,17.0,1.0,132.0,0.0,7.0,0.0,133.1,2
3.0,12.333333333333334,1.0,11.0,11.0,9147.0,18.0,5.0,1.0,0.0,135.0,0.0,9.0,1.0,126.3,1
0.0,0.0,0.0,10.0,5.0,9991.0,40.0,5.0,43.0,0.0,133.1,0.0,9.0,0.0,153.0,0
5.0,11.6,1.0,8.0,8.0,9853.0,23.0,6.0,1.0,0.0,122.0,0.0,2.0,0.0,112.6,1
4.0,12.75,0.0,12.0,5.0,9085.0,22.0,5.0,1.0,0.0,135.0,0.0,1.0,0.0,133.6,0
5.0,11.0,1.0,8.0,8.0,9853.0,19.0,6.0,18.0,0.0,123.0,0.0,4.0,0.0,123.7,1
2.0,11.0,0.0,11.0,11.0,9130.0,20.0,6.0,44.0,0.0,140.0,1.0,5.0,0.0,140.0,1
4.0,11.75,1.0,15.0,10.0,9085.0,19.0,5.0,17.0,0.0,138.0,0.0,9.0,0.0,123.3,1
0.0,0.0,1.0,0.0,0.0,171.0,18.0,0.0,1.0,0.0,127.0,1.0,9.0,1.0,120.7,0
0.0,0.0,1.0,8.0,8.0,9500.0,20.0,8.0,18.0,1.0,128.0,0.0,9.0,0.0,125.8,1
5.0,12.8,1.0,8.0,10.0,8014.0,18.0,6.0,17.0,0.0,132.0,0.0,5.0,0.0,121.2,2
10.0,11.6,1.0,11.0,11.0,9991.0,37.0,10.0,-1.0,0.0,133.1,0.0,4.0,0.0,100.0,2
6.0,14.166666666666666,1.0,7.0,8.0,9670.0,19.0,6.0,1.0,1.0,110.0,0.0,4.0,1.0,109.0,2
7.0,12.464285714285714,1.0,8.0,8.0,9500.0,20.0,8.0,17.0,1.0,127.0,0.0,9.0,0.0,121.3,2
4.0,10.25,1.0,10.0,8.0,9853.0,18.0,6.0,1.0,0.0,121.0,0.0,7.0,0.0,120.0,1
0.0,0.0,0.0,12.0,10.0,9853.0,24.0,5.0,7.0,0.0,140.0,0.0,0.0,0.0,140.0,0
7.0,11.857142857142858,1.0,12.0,12.0,9070.0,34.0,12.0,43.0,0.0,100.0,0.0,9.0,1.0,108.0,1
0.0,0.0,1.0,0.0,0.0,9085.0,18.0,6.0,1.0,0.0,125.0,0.0,90.0,1.0,137.3,0
5.0,14.333333333333334,1.0,9.0,13.0,9254.0,50.0,6.0,39.0,0.0,133.1,0.0,9.0,1.0,121.5,0
0.0,0.0,0.0,4.0,0.0,9147.0,29.0,5.0,39.0,0.0,130.0,0.0,9.0,0.0,109.9,0
0.0,0.0,1.0,0.0,0.0,171.0,18.0,0.0,1.0,0.0,138.0,0.0,5.0,0.0,130.7,0
6.0,13.383333333333333,1.0,7.0,7.0,9500.0,20.0,7.0,17.0,0.0,132.0,0.0,4.0,0.0,127.3,2
0.0,0.0,1.0,0.0,0.0,171.0,18.0,0.0,1.0,0.0,135.0,0.0,3.0,0.0,137.1,2
6.0,13.5,1.0,7.0,8.0,9853.0,18.0,7.0,1.0,0.0,140.0,0.0,7.0,0.0,124.6,1
5.0,12.857142857142858,1.0,8.0,9.0,9070.0,30.0,6.0,39.0,1.0,160.0,0.0,2.0,0.0,126.5,2
6.0,13.333333333333334,1.0,6.0,6.0,9773.0,18.0,6.0,1.0,0.0,140.0,0.0,5.0,0.0,141.1,2
6.0,13.0,1.0,7.0,6.0,9254.0,18.0,6.0,1.0,1.0,126.0,0.0,5.0,0.0,123.9,2
5.0,12.2,1.0,7.0,9.0,8014.0,22.0,6.0,1.0,0.0,107.0,0.0,0.0,0.0,103.5,2
8.0,13.0625,1.0,8.0,8.0,9500.0,19.0,8.0,17.0,0.0,136.0,0.0,2.0,0.0,132.5,2
8.0,13.27625,1.0,8.0,8.0,9500.0,18.0,8.0,1.0,0.0,143.0,0.0,4.0,0.0,135.3,2
7.0,12.412857142857144,1.0,8.0,8.0,9500.0,24.0,8.0,39.0,0.0,100.0,0.0,4.0,0.0,122.0,2
3.0,10.571428571428571,1.0,7.0,9.0,9147.0,22.0,5.0,17.0,1.0,133.1,0.0,4.0,1.0,109.0,1
6.0,12.428571428571429,1.0,6.0,8.0,9085.0,23.0,6.0,17.0,1.0,133.1,0.0,9.0,0.0,99.0,2
2.0,10.5,1.0,14.0,12.0,9238.0,19.0,6.0,17.0,0.0,133.0,0.0,3.0,0.0,136.2,1
2.0,11.333333333333334,1.0,13.0,14.0,9085.0,25.0,6.0,39.0,1.0,130.0,0.0,6.0,0.0,110.0,1
0.0,0.0,1.0,0.0,0.0,8014.0,36.0,6.0,39.0,0.0,130.0,0.0,6.0,0.0,113.5,0
4.0,12.25,1.0,11.0,8.0,9991.0,19.0,5.0,1.0,0.0,143.0,0.0,4.0,1.0,131.5,0
4.0,12.2,1.0,13.0,18.0,9085.0,19.0,6.0,1.0,0.0,126.0,0.0,2.0,0.0,123.9,1
4.0,11.5,0.0,11.0,11.0,9130.0,24.0,6.0,43.0,0.0,156.0,1.0,9.0,1.0,156.0,0
0.0,0.0,1.0,7.0,7.0,9991.0,27.0,5.0,39.0,0.0,133.1,0.0,9.0,1.0,111.4,0
0.0,0.0,1.0,8.0,9.0,9130.0,35.0,6.0,7.0,0.0,133.1,0.0,4.0,1.0,100.0,0
2.0,13.5,1.0,9.0,16.0,9254.0,19.0,6.0,1.0,0.0,143.0,0.0,1.0,0.0,133.2,1
5.0,12.833333333333334,1.0,10.0,12.0,9853.0,20.0,6.0,17.0,1.0,128.0,0.0,9.0,0.0,128.4,1
7.0,12.285714285714286,1.0,11.0,7.0,8014.0,26.0,7.0,1.0,0.0,133.1,0.0,1.0,0.0,100.0,2
7.0,14.54,1.0,8.0,8.0,9500.0,21.0,8.0,17.0,0.0,152.0,0.0,4.0,1.0,132.5,2
0.0,0.0,1.0,10.0,13.0,9147.0,19.0,5.0,17.0,0.0,162.0,0.0,4.0,0.0,138.6,1
5.0,12.833333333333334,1.0,10.0,12.0,9853.0,20.0,6.0,17.0,1.0,128.0,0.0,9.0,0.0,128.4,1
4.0,12.75,1.0,7.0,6.0,9085.0,18.0,5.0,1.0,0.0,157.0,0.0,4.0,0.0,142.3,2
4.0,12.8,1.0,10.0,9.0,9147.0,18.0,5.0,1.0,0.0,148.0,0.0,9.0,0.0,133.0,2
0.0,0.0,1.0,10.0,13.0,9853.0,18.0,6.0,17.0,0.0,133.1,0.0,0.0,0.0,115.0,0
0.0,0.0,0.0,0.0,0.0,9003.0,24.0,6.0,39.0,0.0,133.1,0.0,1.0,1.0,120.0,0
5.0,11.6,1.0,8.0,10.0,9147.0,18.0,5.0,17.0,1.0,134.0,0.0,9.0,0.0,126.3,2
4.0,11.0,1.0,8.0,9.0,9670.0,19.0,6.0,1.0,0.0,119.0,0.0,4.0,0.0,115.5,1
3.0,10.666666666666666,0.0,10.0,15.0,9773.0,20.0,6.0,1.0,0.0,128.0,0.0,3.0,0.0,141.0,0
0.0,0.0,0.0,0.0,0.0,9500.0,19.0,8.0,1.0,0.0,135.0,0.0,2.0,0.0,123.0,0
11.0,11.454545454545457,1.0,16.0,13.0,8014.0,22.0,13.0,51.0,0.0,121.0,0.0,5.0,0.0,112.3,2
5.0,12.4,1.0,7.0,6.0,9070.0,19.0,6.0,1.0,0.0,125.0,0.0,9.0,0.0,125.4,1
0.0,0.0,1.0,0.0,0.0,171.0,20.0,0.0,1.0,0.0,140.0,0.0,1.0,1.0,129.5,0
8.0,15.0625,1.0,7.0,8.0,9556.0,20.0,8.0,1.0,1.0,122.0,0.0,3.0,0.0,113.3,2
5.0,12.833333333333334,1.0,7.0,11.0,9147.0,19.0,5.0,1.0,0.0,156.0,1.0,3.0,1.0,151.1,2
0.0,0.0,0.0,6.0,0.0,9670.0,18.0,6.0,17.0,1.0,110.0,1.0,9.0,0.0,106.1,0
5.0,14.714285714285714,1.0,9.0,9.0,9119.0,19.0,5.0,18.0,0.0,136.0,0.0,2.0,1.0,125.2,1
6.0,12.285714285714286,1.0,8.0,8.0,9773.0,19.0,6.0,1.0,1.0,133.1,0.0,4.0,1.0,98.6,1
5.0,13.6,1.0,7.0,7.0,9773.0,22.0,6.0,1.0,1.0,136.0,0.0,9.0,0.0,121.7,2
6.0,11.833333333333334,1.0,16.0,19.0,9991.0,24.0,10.0,43.0,0.0,160.0,0.0,9.0,0.0,160.0,0
9.0,13.555555555555555,1.0,19.0,15.0,171.0,24.0,13.0,-1.0,0.0,145.0,0.0,3.0,0.0,155.0,1
0.0,0.0,0.0,7.0,7.0,9991.0,31.0,5.0,39.0,0.0,133.1,1.0,5.0,0.0,121.7,0
5.0,12.0,0.0,14.0,15.0,9556.0,24.0,8.0,39.0,1.0,140.0,1.0,9.0,0.0,106.0,0
0.0,0.0,1.0,8.0,9.0,9670.0,28.0,6.0,39.0,0.0,140.0,0.0,6.0,0.0,120.0,0
0.0,0.0,1.0,5.0,6.0,9991.0,27.0,5.0,39.0,0.0,150.0,0.0,3.0,0.0,154.0,0
0.0,0.0,1.0,0.0,0.0,9254.0,19.0,6.0,1.0,0.0,123.0,0.0,4.0,0.0,114.3,0
0.0,0.0,1.0,12.0,10.0,9238.0,47.0,5.0,39.0,0.0,133.1,0.0,0.0,0.0,118.0,0
11.0,12.818181818181818,1.0,14.0,12.0,8014.0,50.0,11.0,43.0,0.0,130.0,0.0,-1.0,1.0,100.0,1
0.0,0.0,1.0,18.0,7.0,9500.0,24.0,7.0,39.0,0.0,133.1,0.0,4.0,1.0,100.8,0
0.0,0.0,1.0,0.0,0.0,171.0,20.0,0.0,17.0,0.0,131.0,0.0,3.0,0.0,148.9,2
5.0,12.166666666666666,1.0,9.0,9.0,9238.0,20.0,6.0,1.0,0.0,106.0,0.0,3.0,1.0,105.0,2
6.0,13.333333333333334,1.0,6.0,6.0,9238.0,19.0,6.0,-1.0,0.0,123.0,0.0,2.0,0.0,118.1,2
2.0,13.5,0.0,9.0,8.0,9147.0,18.0,5.0,1.0,0.0,143.0,0.0,4.0,1.0,138.8,1
1.0,12.0,1.0,7.0,9.0,9147.0,23.0,5.0,17.0,0.0,115.0,0.0,7.0,0.0,115.0,1
9.0,11.444444444444445,1.0,20.0,15.0,9003.0,21.0,12.0,-1.0,0.0,130.0,1.0,9.0,1.0,130.0,1
5.0,11.2,1.0,8.0,7.0,9147.0,20.0,5.0,1.0,0.0,120.0,0.0,5.0,1.0,111.3,1
0.0,0.0,1.0,5.0,5.0,9147.0,19.0,5.0,1.0,0.0,108.0,0.0,3.0,1.0,109.1,0
12.0,12.857142857142858,1.0,21.0,19.0,9130.0,20.0,12.0,43.0,0.0,140.0,0.0,2.0,0.0,140.0,2
4.0,10.5,1.0,13.0,15.0,9003.0,21.0,6.0,44.0,0.0,140.0,0.0,9.0,1.0,140.0,1
4.0,10.0,1.0,10.0,13.0,9254.0,18.0,6.0,1.0,0.0,130.0,0.0,4.0,0.0,122.7,0
5.0,14.4,1.0,6.0,8.0,9773.0,18.0,6.0,1.0,0.0,132.0,0.0,90.0,0.0,129.9,2
5.0,13.8,1.0,9.0,12.0,-1.0,26.0,7.0,39.0,0.0,140.0,0.0,2.0,0.0,152.8,1
6.0,13.666666666666666,1.0,6.0,6.0,9070.0,18.0,6.0,17.0,0.0,157.0,0.0,3.0,1.0,146.2,2
8.0,15.1,1.0,8.0,8.0,9500.0,19.0,8.0,17.0,0.0,134.0,0.0,4.0,0.0,133.5,2
0.0,0.0,1.0,10.0,7.0,9773.0,43.0,6.0,39.0,0.0,133.1,0.0,7.0,1.0,132.0,0
6.0,15.0,1.0,6.0,7.0,9773.0,20.0,6.0,1.0,0.0,133.1,0.0,2.0,1.0,127.0,2
6.0,11.428571428571429,0.0,8.0,14.0,9003.0,32.0,10.0,39.0,0.0,133.1,1.0,4.0,1.0,130.0,0
3.0,13.333333333333334,1.0,6.0,6.0,9070.0,20.0,6.0,1.0,0.0,128.0,0.0,3.0,0.0,129.8,1
5.0,13.2,0.0,16.0,12.0,9130.0,29.0,7.0,7.0,0.0,140.0,1.0,2.0,0.0,140.0,0
5.0,14.6,1.0,5.0,5.0,9130.0,20.0,5.0,1.0,0.0,160.0,0.0,3.0,0.0,155.1,2
12.0,12.307692307692308,1.0,21.0,15.0,9003.0,28.0,12.0,43.0,0.0,130.0,0.0,4.0,1.0,130.0,2
4.0,11.333333333333334,1.0,11.0,11.0,9991.0,32.0,5.0,39.0,0.0,120.0,0.0,3.0,1.0,132.9,0
12.0,14.575,1.0,21.0,19.0,9500.0,22.0,14.0,43.0,1.0,148.0,0.0,90.0,0.0,131.0,2
4.0,11.5,1.0,18.0,14.0,9003.0,19.0,6.0,44.0,0.0,140.0,0.0,6.0,0.0,140.0,1
2.0,11.333333333333334,1.0,13.0,14.0,9085.0,25.0,6.0,39.0,1.0,130.0,0.0,6.0,0.0,110.0,1
0.0,0.0,1.0,7.0,7.0,9556.0,25.0,7.0,39.0,1.0,130.0,0.0,4.0,1.0,100.0,0
0.0,0.0,1.0,0.0,0.0,171.0,18.0,0.0,1.0,0.0,170.0,0.0,2.0,0.0,167.224,0
6.0,12.116666666666667,1.0,12.0,8.0,9500.0,19.0,7.0,1.0,0.0,126.0,0.0,-1.0,0.0,120.1,1
2.0,13.0,0.0,12.0,8.0,9003.0,23.0,6.0,44.0,0.0,130.0,1.0,9.0,1.0,130.0,0
6.0,12.333333333333334,1.0,12.0,10.0,9003.0,28.0,6.0,39.0,0.0,140.0,0.0,9.0,1.0,150.0,1
5.0,14.0,1.0,6.0,7.0,8014.0,20.0,6.0,43.0,0.0,120.0,0.0,5.0,0.0,118.3,1
1.0,16.0,1.0,3.0,3.0,9070.0,32.0,3.0,7.0,0.0,133.1,0.0,2.0,0.0,120.0,0
6.0,16.0,1.0,6.0,6.0,9238.0,18.0,6.0,1.0,1.0,140.0,0.0,9.0,0.0,140.7,2
5.0,12.666666666666666,1.0,8.0,9.0,9238.0,19.0,6.0,1.0,1.0,121.0,0.0,9.0,0.0,118.9,2
6.0,10.833333333333334,1.0,13.0,10.0,8014.0,45.0,7.0,43.0,0.0,120.0,0.0,9.0,0.0,100.0,1
0.0,0.0,0.0,0.0,0.0,171.0,18.0,0.0,1.0,0.0,114.0,0.0,3.0,1.0,111.9,0
5.0,12.8,1.0,11.0,5.0,9147.0,20.0,5.0,17.0,1.0,127.0,0.0,4.0,1.0,121.1,2
2.0,11.5,0.0,9.0,8.0,9119.0,21.0,5.0,17.0,0.0,126.0,1.0,9.0,1.0,116.2,0
7.0,13.164285714285716,0.0,7.0,10.0,9500.0,20.0,8.0,17.0,1.0,132.0,0.0,3.0,0.0,125.4,1
3.0,10.666666666666666,1.0,11.0,10.0,9147.0,20.0,5.0,17.0,0.0,120.0,0.0,3.0,0.0,113.4,1
3.0,10.333333333333334,1.0,13.0,12.0,9254.0,20.0,6.0,17.0,0.0,136.0,0.0,7.0,0.0,121.7,1
12.0,13.291666666666666,1.0,14.0,14.0,9500.0,25.0,14.0,42.0,0.0,100.0,0.0,2.0,0.0,130.0,2
6.0,13.166666666666666,1.0,8.0,7.0,9853.0,18.0,6.0,1.0,1.0,148.0,0.0,5.0,0.0,141.7,2
0.0,0.0,1.0,7.0,8.0,9991.0,26.0,5.0,39.0,1.0,133.1,0.0,9.0,0.0,126.3,0
2.0,12.0,1.0,11.0,13.0,9853.0,18.0,6.0,1.0,0.0,128.0,0.0,9.0,0.0,120.0,0
0.0,0.0,0.0,0.0,0.0,171.0,21.0,0.0,1.0,0.0,115.0,0.0,6.0,0.0,108.7,0
0.0,0.0,1.0,0.0,0.0,9070.0,19.0,6.0,1.0,0.0,148.0,0.0,4.0,1.0,141.4,0
4.0,12.75,1.0,13.0,16.0,9085.0,18.0,6.0,1.0,0.0,125.0,0.0,3.0,0.0,126.8,1
5.0,11.0,0.0,8.0,8.0,9238.0,19.0,6.0,1.0,1.0,125.0,1.0,9.0,0.0,125.0,2
0.0,0.0,1.0,5.0,5.0,9991.0,28.0,5.0,39.0,0.0,130.0,0.0,3.0,1.0,120.5,0
4.0,12.6,0.0,6.0,10.0,9773.0,19.0,6.0,17.0,0.0,112.0,1.0,5.0,1.0,111.7,0
5.0,15.0,1.0,7.0,7.0,9773.0,19.0,6.0,1.0,0.0,150.0,0.0,4.0,0.0,138.1,1
2.0,11.0,0.0,9.0,10.0,9853.0,20.0,6.0,1.0,0.0,128.0,1.0,9.0,0.0,120.3,0
9.0,10.444444444444445,1.0,17.0,18.0,9853.0,24.0,13.0,42.0,0.0,120.0,0.0,4.0,0.0,111.3,0
3.0,11.0,1.0,10.0,6.0,9119.0,18.0,5.0,17.0,0.0,142.0,0.0,9.0,1.0,127.3,1
4.0,12.0,1.0,8.0,9.0,9853.0,18.0,6.0,17.0,1.0,134.0,0.0,4.0,0.0,122.1,0
7.0,11.857142857142858,1.0,8.0,8.0,9500.0,18.0,8.0,43.0,1.0,131.0,0.0,5.0,0.0,118.8,2
6.0,13.166666666666666,1.0,8.0,9.0,9853.0,18.0,7.0,17.0,0.0,127.0,0.0,5.0,0.0,121.4,0
6.0,13.333333333333334,1.0,7.0,7.0,9670.0,18.0,6.0,17.0,1.0,125.0,0.0,7.0,1.0,126.4,2
3.0,13.666666666666666,1.0,11.0,12.0,9085.0,21.0,6.0,43.0,0.0,127.0,0.0,2.0,0.0,100.0,1
7.0,12.242857142857144,1.0,7.0,9.0,9500.0,19.0,8.0,1.0,1.0,131.0,0.0,4.0,0.0,126.1,0
7.0,13.771428571428572,1.0,7.0,8.0,9500.0,19.0,8.0,17.0,0.0,145.0,0.0,4.0,0.0,131.4,0
5.0,14.0,1.0,5.0,6.0,9991.0,27.0,5.0,7.0,0.0,120.0,0.0,3.0,0.0,120.0,1
0.0,0.0,1.0,0.0,0.0,9070.0,18.0,6.0,1.0,0.0,124.0,0.0,9.0,1.0,113.9,0
6.0,12.157142857142857,1.0,11.0,9.0,9556.0,25.0,7.0,39.0,1.0,133.1,0.0,9.0,0.0,100.0,2
5.0,12.4,1.0,5.0,5.0,9991.0,44.0,5.0,39.0,0.0,110.0,0.0,9.0,0.0,160.0,2
5.0,10.833333333333334,1.0,14.0,8.0,9147.0,20.0,5.0,1.0,0.0,121.0,0.0,4.0,1.0,116.8,1
6.0,14.0,1.0,6.0,6.0,9773.0,18.0,6.0,1.0,1.0,143.0,0.0,-1.0,0.0,136.7,0
5.0,13.7,1.0,11.0,8.0,9500.0,19.0,7.0,1.0,0.0,125.0,0.0,4.0,0.0,120.3,1
0.0,0.0,0.0,6.0,7.0,9003.0,28.0,6.0,39.0,0.0,135.0,1.0,9.0,0.0,138.1,0
4.0,12.0,1.0,14.0,11.0,9003.0,25.0,6.0,42.0,0.0,140.0,0.0,4.0,1.0,140.0,1
6.0,12.625,1.0,8.0,8.0,9070.0,18.0,6.0,1.0,1.0,124.0,0.0,9.0,0.0,123.7,2
6.0,13.333333333333334,1.0,6.0,6.0,9773.0,18.0,6.0,1.0,1.0,139.0,0.0,9.0,0.0,145.0,2
6.0,11.933333333333332,1.0,10.0,11.0,9500.0,19.0,8.0,1.0,0.0,133.1,0.0,-1.0,0.0,98.6,1
12.0,12.055555555555555,1.0,19.0,19.0,171.0,25.0,14.0,1.0,0.0,115.0,0.0,9.0,1.0,134.3,2
3.0,13.666666666666666,1.0,12.0,11.0,9070.0,21.0,8.0,43.0,0.0,115.0,1.0,1.0,1.0,115.0,0
6.0,12.666666666666666,1.0,6.0,7.0,9773.0,18.0,6.0,1.0,1.0,146.0,0.0,9.0,1.0,134.1,0
8.0,13.333333333333334,0.0,18.0,15.0,9085.0,23.0,9.0,-1.0,0.0,140.0,1.0,-1.0,0.0,144.9,1
5.0,12.5,1.0,9.0,9.0,9853.0,19.0,6.0,1.0,0.0,145.0,0.0,5.0,0.0,142.2,1
3.0,13.0,1.0,9.0,8.0,9085.0,19.0,5.0,-1.0,0.0,141.0,0.0,7.0,0.0,128.8,1
4.0,11.75,1.0,10.0,9.0,9147.0,19.0,5.0,17.0,0.0,129.0,0.0,2.0,0.0,128.3,1
6.0,14.571428571428571,1.0,6.0,7.0,8014.0,20.0,6.0,44.0,0.0,140.0,1.0,4.0,0.0,139.2,2
0.0,0.0,0.0,6.0,6.0,8014.0,50.0,5.0,39.0,0.0,133.1,1.0,9.0,1.0,98.6,0
0.0,0.0,1.0,2.0,0.0,9556.0,21.0,7.0,1.0,0.0,133.1,0.0,9.0,0.0,104.5,0
1.0,12.0,1.0,10.0,11.0,9119.0,18.0,5.0,1.0,0.0,136.0,0.0,9.0,1.0,121.7,0
7.0,13.164285714285716,0.0,7.0,10.0,9500.0,20.0,8.0,17.0,1.0,132.0,0.0,3.0,0.0,125.4,1
2.0,13.5,1.0,16.0,15.0,9085.0,21.0,6.0,44.0,0.0,140.0,0.0,5.0,0.0,140.0,1
5.0,11.6,1.0,9.0,8.0,9773.0,20.0,6.0,17.0,0.0,144.0,0.0,4.0,0.0,130.7,1
0.0,0.0,0.0,6.0,8.0,9070.0,38.0,6.0,39.0,0.0,133.1,0.0,9.0,1.0,126.3,0
5.0,11.0,1.0,8.0,8.0,9853.0,19.0,6.0,18.0,0.0,123.0,0.0,4.0,0.0,123.7,1
8.0,13.01125,1.0,8.0,8.0,9500.0,18.0,8.0,1.0,1.0,150.0,0.0,5.0,0.0,132.8,2
8.0,14.75,1.0,7.0,9.0,9500.0,18.0,8.0,17.0,0.0,140.0,0.0,3.0,0.0,126.4,0
5.0,11.285714285714286,1.0,12.0,12.0,9085.0,20.0,5.0,17.0,0.0,128.0,0.0,4.0,0.0,117.9,2
11.0,12.636363636363637,1.0,13.0,13.0,9003.0,24.0,11.0,-1.0,1.0,130.0,1.0,9.0,0.0,133.8,2
2.0,11.666666666666666,1.0,14.0,12.0,9556.0,20.0,7.0,-1.0,0.0,114.0,0.0,-1.0,0.0,114.0,1
6.0,12.166666666666666,1.0,12.0,11.0,9853.0,18.0,7.0,18.0,0.0,120.0,0.0,9.0,0.0,115.8,1
8.0,12.0,0.0,11.0,8.0,9853.0,28.0,8.0,-1.0,0.0,120.0,0.0,9.0,0.0,122.5,0
6.0,13.666666666666666,1.0,6.0,6.0,9773.0,18.0,6.0,1.0,0.0,138.0,0.0,9.0,0.0,133.5,2
0.0,0.0,1.0,9.0,6.0,9003.0,26.0,6.0,42.0,0.0,120.0,0.0,2.0,1.0,113.3,0
6.0,13.0,1.0,14.0,8.0,9085.0,20.0,6.0,17.0,0.0,141.0,0.0,2.0,0.0,130.2,2
3.0,12.0,1.0,7.0,9.0,9773.0,20.0,6.0,1.0,0.0,127.0,0.0,4.0,1.0,122.8,1
6.0,11.5,1.0,6.0,6.0,9773.0,21.0,6.0,18.0,1.0,114.0,0.0,9.0,0.0,111.6,2
2.0,11.0,1.0,13.0,12.0,9130.0,19.0,6.0,44.0,0.0,150.0,0.0,2.0,1.0,150.0,1
5.0,13.428571428571429,1.0,6.0,9.0,9991.0,34.0,5.0,1.0,0.0,130.0,0.0,3.0,1.0,131.4,2
2.0,13.5,1.0,15.0,6.0,9147.0,18.0,5.0,1.0,0.0,143.0,1.0,5.0,1.0,152.1,0
0.0,0.0,1.0,9.0,8.0,9500.0,19.0,7.0,1.0,0.0,135.0,0.0,4.0,1.0,126.8,0
6.0,14.166666666666666,1.0,7.0,7.0,9254.0,18.0,6.0,17.0,0.0,160.0,0.0,5.0,0.0,152.0,2
0.0,0.0,1.0,0.0,0.0,171.0,19.0,0.0,17.0,0.0,123.0,1.0,2.0,1.0,116.4,0
0.0,0.0,1.0,16.0,7.0,9085.0,22.0,6.0,17.0,0.0,137.0,0.0,4.0,1.0,134.6,0
8.0,12.805555555555555,1.0,7.0,11.0,9500.0,18.0,8.0,17.0,1.0,140.0,0.0,4.0,1.0,130.7,0
6.0,12.733333333333334,1.0,7.0,7.0,9500.0,22.0,7.0,43.0,0.0,119.1,0.0,4.0,1.0,119.1,2
4.0,11.333333333333334,1.0,11.0,11.0,9991.0,32.0,5.0,39.0,0.0,120.0,0.0,3.0,1.0,132.9,0
6.0,14.166666666666666,1.0,6.0,6.0,9070.0,18.0,6.0,1.0,0.0,167.0,0.0,7.0,0.0,158.3,2
4.0,12.0,1.0,10.0,9.0,9991.0,25.0,5.0,39.0,0.0,140.0,1.0,9.0,0.0,130.0,1
6.0,11.0,1.0,8.0,7.0,9773.0,18.0,6.0,1.0,0.0,143.0,0.0,3.0,0.0,149.0,0
5.0,12.75,1.0,7.0,9.0,9991.0,24.0,5.0,39.0,1.0,150.0,0.0,9.0,0.0,130.2,2
6.0,12.428571428571429,1.0,7.0,7.0,9238.0,19.0,6.0,17.0,1.0,145.0,0.0,9.0,0.0,129.6,2
12.0,11.642857142857142,1.0,21.0,18.0,-1.0,26.0,14.0,51.0,0.0,121.0,0.0,5.0,0.0,118.6,2
4.0,11.75,1.0,9.0,9.0,9147.0,21.0,5.0,1.0,0.0,118.0,0.0,2.0,0.0,113.8,2
7.0,14.652857142857142,1.0,8.0,8.0,9500.0,18.0,8.0,17.0,0.0,139.0,0.0,9.0,0.0,131.8,2
5.0,12.0,1.0,6.0,6.0,9991.0,25.0,5.0,39.0,0.0,150.0,0.0,4.0,1.0,120.0,2
0.0,0.0,1.0,0.0,0.0,171.0,18.0,0.0,1.0,0.0,125.0,0.0,4.0,0.0,115.2,1
8.0,14.75625,1.0,7.0,8.0,9500.0,19.0,8.0,1.0,0.0,118.0,0.0,9.0,0.0,113.1,2
0.0,0.0,1.0,0.0,0.0,9085.0,34.0,6.0,7.0,0.0,130.0,0.0,9.0,0.0,130.0,0
7.0,13.075714285714286,1.0,8.0,8.0,9500.0,26.0,8.0,39.0,0.0,140.0,0.0,9.0,1.0,127.3,2
3.0,10.0,0.0,10.0,14.0,9853.0,20.0,6.0,17.0,1.0,133.1,0.0,7.0,0.0,111.5,0
2.0,11.0,1.0,9.0,15.0,8014.0,44.0,6.0,39.0,0.0,130.0,0.0,-1.0,0.0,114.8,2
6.0,12.285714285714286,1.0,6.0,8.0,9070.0,19.0,6.0,1.0,0.0,116.0,0.0,5.0,1.0,110.4,2
12.0,12.666666666666666,1.0,20.0,18.0,171.0,21.0,14.0,1.0,0.0,147.0,0.0,3.0,0.0,151.9,2
0.0,0.0,0.0,0.0,0.0,171.0,19.0,0.0,1.0,0.0,138.0,0.0,7.0,0.0,124.0,0
7.0,13.814285714285717,1.0,8.0,8.0,9500.0,18.0,8.0,1.0,1.0,144.0,0.0,5.0,0.0,130.3,2
6.0,11.5,1.0,6.0,8.0,9070.0,20.0,6.0,17.0,0.0,136.0,0.0,4.0,0.0,130.8,1
4.0,11.5,1.0,12.0,11.0,9085.0,20.0,5.0,17.0,0.0,120.0,0.0,2.0,0.0,116.1,2
0.0,0.0,1.0,5.0,5.0,9991.0,32.0,5.0,43.0,0.0,120.0,0.0,9.0,1.0,128.2,0
6.0,11.808333333333332,1.0,7.0,10.0,9500.0,20.0,8.0,1.0,0.0,106.0,1.0,-1.0,1.0,102.2,1
8.0,12.6875,1.0,8.0,8.0,9500.0,37.0,8.0,39.0,0.0,133.1,0.0,9.0,1.0,146.6,2
6.0,13.0,1.0,6.0,6.0,9773.0,20.0,6.0,-1.0,1.0,138.0,0.0,4.0,0.0,134.2,2
12.0,12.846153846153848,1.0,17.0,15.0,9147.0,24.0,14.0,1.0,0.0,133.1,0.0,0.0,0.0,131.8,0
8.0,13.927272727272726,1.0,9.0,11.0,9500.0,19.0,8.0,43.0,1.0,134.0,0.0,5.0,0.0,120.7,2
6.0,12.8,1.0,10.0,8.0,9500.0,18.0,7.0,17.0,1.0,126.0,0.0,7.0,0.0,126.2,1
4.0,11.5,1.0,5.0,9.0,9991.0,23.0,5.0,1.0,0.0,160.0,0.0,4.0,0.0,137.3,2
8.0,13.75,1.0,8.0,8.0,9500.0,20.0,8.0,43.0,0.0,170.0,0.0,-1.0,0.0,100.0,1
0.0,0.0,1.0,0.0,0.0,171.0,23.0,0.0,17.0,0.0,145.0,0.0,5.0,0.0,130.0,0
3.0,11.0,1.0,9.0,9.0,9991.0,26.0,5.0,39.0,0.0,133.1,0.0,7.0,0.0,125.7,0
3.0,10.333333333333334,1.0,13.0,12.0,9254.0,20.0,6.0,17.0,0.0,136.0,0.0,7.0,0.0,121.7,1
6.0,15.333333333333334,1.0,6.0,6.0,9070.0,18.0,6.0,1.0,1.0,132.0,0.0,9.0,0.0,126.1,2
0.0,0.0,0.0,5.0,5.0,9991.0,33.0,5.0,7.0,0.0,140.0,0.0,-1.0,1.0,140.0,0
5.0,11.142857142857142,1.0,9.0,8.0,9991.0,44.0,5.0,39.0,0.0,133.1,0.0,5.0,1.0,138.3,0
6.0,12.333333333333334,1.0,12.0,8.0,9500.0,21.0,7.0,43.0,0.0,136.0,0.0,-1.0,0.0,118.4,1
4.0,11.0,1.0,5.0,5.0,9147.0,18.0,5.0,17.0,0.0,137.0,0.0,4.0,0.0,124.4,1
2.0,13.5,0.0,9.0,8.0,9147.0,18.0,5.0,1.0,0.0,143.0,0.0,4.0,1.0,138.8,1
3.0,12.0,1.0,18.0,11.0,-1.0,35.0,9.0,43.0,0.0,133.1,1.0,4.0,1.0,140.0,0
2.0,13.0,0.0,16.0,8.0,9238.0,22.0,7.0,43.0,0.0,124.0,1.0,3.0,0.0,118.8,0
4.0,13.75,1.0,5.0,5.0,9670.0,20.0,5.0,1.0,0.0,128.0,0.0,2.0,0.0,130.8,0
6.0,13.45,1.0,7.0,7.0,9500.0,18.0,7.0,1.0,0.0,148.0,0.0,4.0,0.0,132.0,2
11.0,16.0,1.0,14.0,11.0,8014.0,37.0,11.0,7.0,0.0,170.0,0.0,9.0,0.0,167.224,2
5.0,11.2,1.0,15.0,16.0,9238.0,22.0,7.0,43.0,0.0,122.0,0.0,5.0,0.0,114.3,1
5.0,10.4,1.0,8.0,12.0,9853.0,18.0,6.0,1.0,0.0,141.0,0.0,9.0,0.0,133.0,0
10.0,11.181818181818182,1.0,19.0,16.0,9147.0,23.0,10.0,43.0,0.0,130.0,0.0,9.0,1.0,118.5,2
11.0,12.818181818181818,1.0,14.0,12.0,8014.0,50.0,11.0,43.0,0.0,130.0,0.0,-1.0,1.0,100.0,1
4.0,12.6,1.0,15.0,16.0,9500.0,34.0,7.0,39.0,0.0,120.0,0.0,9.0,1.0,100.0,1
0.0,0.0,1.0,0.0,0.0,9238.0,19.0,6.0,1.0,0.0,122.0,0.0,-1.0,0.0,112.6,0
0.0,0.0,1.0,5.0,5.0,9991.0,35.0,5.0,39.0,0.0,133.1,0.0,9.0,1.0,143.2,0
0.0,0.0,1.0,6.0,8.0,9003.0,23.0,6.0,44.0,0.0,120.0,0.0,3.0,1.0,120.0,1
6.0,12.428571428571429,1.0,6.0,8.0,9670.0,18.0,6.0,1.0,1.0,131.0,0.0,4.0,0.0,135.9,2
5.0,15.2,1.0,6.0,5.0,9119.0,19.0,5.0,17.0,0.0,138.0,0.0,1.0,1.0,127.5,0
3.0,10.666666666666666,1.0,12.0,12.0,9254.0,23.0,6.0,44.0,0.0,130.0,1.0,-1.0,1.0,130.0,1
0.0,0.0,1.0,10.0,11.0,9119.0,20.0,5.0,17.0,0.0,127.0,0.0,4.0,1.0,115.8,1
0.0,0.0,1.0,6.0,9.0,9670.0,20.0,6.0,17.0,0.0,127.0,0.0,2.0,1.0,122.8,0
5.0,14.714285714285714,1.0,9.0,9.0,9119.0,19.0,5.0,18.0,0.0,136.0,0.0,2.0,1.0,125.2,1
0.0,0.0,1.0,0.0,0.0,171.0,36.0,0.0,39.0,0.0,100.0,0.0,9.0,1.0,139.0,0
0.0,0.0,1.0,11.0,9.0,9130.0,19.0,5.0,17.0,0.0,125.0,0.0,3.0,1.0,131.0,0
5.0,10.8,1.0,12.0,9.0,9254.0,20.0,6.0,1.0,0.0,154.0,0.0,2.0,1.0,137.2,1
5.0,14.0,1.0,6.0,8.0,9670.0,19.0,6.0,1.0,0.0,123.0,0.0,7.0,1.0,120.6,2
3.0,12.0,0.0,10.0,19.0,9085.0,20.0,6.0,44.0,0.0,130.0,0.0,6.0,1.0,130.0,1
8.0,13.8875,1.0,7.0,9.0,9500.0,18.0,8.0,17.0,0.0,143.0,0.0,3.0,0.0,133.2,2
0.0,0.0,0.0,12.0,10.0,9853.0,24.0,5.0,7.0,0.0,140.0,0.0,0.0,0.0,140.0,0
0.0,0.0,1.0,0.0,0.0,171.0,19.0,0.0,1.0,0.0,138.0,0.0,4.0,1.0,141.5,2
6.0,12.0,0.0,7.0,6.0,9773.0,21.0,6.0,43.0,0.0,129.0,0.0,4.0,0.0,129.0,0
0.0,0.0,0.0,9.0,12.0,8014.0,18.0,6.0,17.0,0.0,123.0,1.0,3.0,0.0,113.2,0
7.0,12.757142857142856,1.0,8.0,10.0,9500.0,18.0,8.0,17.0,0.0,130.0,0.0,9.0,0.0,128.8,1
0.0,0.0,0.0,6.0,6.0,9773.0,19.0,6.0,17.0,0.0,116.0,1.0,9.0,0.0,115.7,0
0.0,0.0,1.0,9.0,7.0,9556.0,36.0,7.0,7.0,1.0,130.0,0.0,9.0,0.0,130.0,0
6.0,15.0,1.0,6.0,6.0,9070.0,18.0,6.0,17.0,0.0,160.0,0.0,5.0,0.0,155.5,2
7.0,12.6375,1.0,16.0,8.0,9500.0,32.0,7.0,7.0,0.0,130.0,0.0,3.0,0.0,130.0,1
6.0,12.166666666666666,1.0,6.0,6.0,9254.0,19.0,6.0,17.0,1.0,113.0,0.0,7.0,0.0,107.4,2
5.0,13.2,1.0,6.0,8.0,9238.0,18.0,6.0,17.0,0.0,130.0,0.0,9.0,0.0,127.6,2
5.0,13.82,1.0,11.0,9.0,9500.0,21.0,7.0,1.0,0.0,120.0,0.0,9.0,0.0,114.8,1
4.0,11.0,1.0,12.0,10.0,9991.0,25.0,5.0,39.0,0.0,133.1,0.0,4.0,0.0,127.7,1
3.0,13.333333333333334,1.0,10.0,12.0,9991.0,37.0,5.0,39.0,0.0,133.1,1.0,6.0,1.0,140.0,0
0.0,0.0,1.0,0.0,0.0,9119.0,19.0,5.0,17.0,0.0,135.0,0.0,5.0,1.0,121.0,0
5.0,13.8,1.0,5.0,5.0,9991.0,31.0,5.0,51.0,0.0,127.0,0.0,-1.0,0.0,100.1,2
0.0,0.0,0.0,5.0,4.0,8014.0,39.0,4.0,18.0,0.0,140.0,1.0,9.0,0.0,120.4,0
4.0,11.5,1.0,9.0,10.0,9085.0,20.0,6.0,44.0,0.0,140.0,0.0,3.0,0.0,140.0,1
2.0,10.5,0.0,14.0,11.0,9085.0,35.0,5.0,39.0,0.0,110.0,0.0,90.0,0.0,110.0,0
2.0,13.5,0.0,10.0,19.0,9085.0,19.0,6.0,17.0,0.0,133.1,1.0,9.0,1.0,100.0,0
6.0,13.833333333333334,1.0,6.0,6.0,9238.0,22.0,6.0,1.0,0.0,127.0,0.0,4.0,1.0,141.7,0
0.0,0.0,1.0,0.0,0.0,171.0,20.0,0.0,1.0,0.0,131.0,1.0,9.0,0.0,134.9,0
1.0,12.0,1.0,7.0,9.0,9147.0,23.0,5.0,17.0,0.0,115.0,0.0,7.0,0.0,115.0,1
4.0,11.0,1.0,8.0,7.0,9147.0,23.0,5.0,1.0,0.0,133.1,0.0,7.0,1.0,98.6,2
6.0,13.125,1.0,6.0,8.0,9070.0,19.0,6.0,17.0,0.0,144.0,0.0,9.0,1.0,137.4,2
6.0,12.25,1.0,8.0,8.0,9500.0,29.0,8.0,7.0,0.0,120.0,0.0,4.0,0.0,120.0,0
5.0,10.8,1.0,6.0,7.0,9773.0,19.0,6.0,1.0,0.0,132.0,0.0,9.0,0.0,124.3,1
0.0,0.0,0.0,0.0,0.0,9254.0,20.0,6.0,17.0,0.0,122.0,0.0,5.0,0.0,114.3,0
5.0,10.5,1.0,14.0,9.0,9147.0,18.0,5.0,1.0,0.0,133.0,0.0,9.0,1.0,123.2,0
8.0,14.6625,1.0,8.0,8.0,9500.0,32.0,8.0,42.0,1.0,130.0,0.0,9.0,0.0,130.0,2
4.0,14.0,1.0,9.0,8.0,9085.0,20.0,6.0,17.0,0.0,106.0,0.0,3.0,0.0,106.0,1
4.0,15.6,1.0,8.0,12.0,9085.0,28.0,6.0,51.0,0.0,120.0,0.0,4.0,0.0,125.0,1
7.0,12.825714285714286,1.0,7.0,11.0,9500.0,19.0,8.0,1.0,1.0,133.1,0.0,9.0,0.0,119.6,2
5.0,13.76,1.0,10.0,7.0,9500.0,19.0,7.0,1.0,0.0,138.0,0.0,9.0,0.0,127.5,1
8.0,14.25,1.0,8.0,8.0,9500.0,18.0,8.0,1.0,0.0,148.0,0.0,4.0,0.0,137.0,2
5.0,12.0,1.0,12.0,11.0,9991.0,34.0,5.0,39.0,0.0,160.0,0.0,-1.0,0.0,128.4,2
7.0,13.085714285714284,1.0,8.0,9.0,9500.0,19.0,8.0,17.0,1.0,131.0,0.0,7.0,0.0,126.5,2
0.0,0.0,1.0,0.0,0.0,171.0,25.0,0.0,44.0,0.0,150.0,0.0,2.0,1.0,150.0,2
5.0,11.0,1.0,8.0,8.0,9853.0,19.0,6.0,18.0,0.0,123.0,0.0,4.0,0.0,123.7,1
0.0,0.0,1.0,5.0,5.0,9119.0,18.0,5.0,18.0,1.0,148.0,0.0,3.0,1.0,147.7,0
4.0,11.75,1.0,11.0,9.0,9130.0,18.0,6.0,1.0,0.0,154.0,1.0,2.0,1.0,137.2,0
0.0,0.0,1.0,6.0,6.0,9130.0,25.0,6.0,39.0,0.0,120.0,0.0,9.0,1.0,150.0,0
7.0,13.242857142857144,1.0,8.0,8.0,9500.0,18.0,8.0,1.0,1.0,131.0,0.0,9.0,0.0,118.0,1
7.0,11.857142857142858,1.0,9.0,7.0,9853.0,18.0,7.0,1.0,0.0,122.0,0.0,2.0,0.0,112.9,2
3.0,11.666666666666666,0.0,13.0,12.0,9085.0,31.0,5.0,39.0,0.0,133.1,1.0,4.0,1.0,120.0,0
7.0,13.0,1.0,10.0,9.0,9500.0,20.0,8.0,1.0,1.0,108.0,0.0,9.0,0.0,107.8,2
7.0,14.714285714285714,1.0,19.0,7.0,8014.0,30.0,7.0,42.0,0.0,120.0,0.0,90.0,0.0,120.0,0
6.0,14.166666666666666,1.0,9.0,7.0,8014.0,47.0,6.0,1.0,1.0,133.1,0.0,4.0,0.0,143.0,2
7.0,13.285714285714286,1.0,7.0,7.0,9853.0,20.0,7.0,1.0,0.0,132.0,0.0,3.0,0.0,122.9,2
12.0,11.615384615384617,1.0,20.0,13.0,9003.0,35.0,13.0,39.0,0.0,133.1,0.0,9.0,1.0,100.0,2
8.0,11.375,1.0,10.0,11.0,9853.0,29.0,8.0,17.0,0.0,150.0,0.0,3.0,0.0,135.0,2
5.0,12.666666666666666,1.0,10.0,11.0,9085.0,20.0,6.0,1.0,0.0,132.0,0.0,4.0,0.0,124.3,1
7.0,11.2625,1.0,11.0,12.0,9500.0,19.0,8.0,17.0,1.0,137.0,0.0,4.0,1.0,124.8,2
5.0,13.375,1.0,7.0,16.0,9085.0,20.0,6.0,44.0,0.0,150.0,0.0,1.0,0.0,150.0,2
2.0,11.0,1.0,8.0,11.0,9147.0,22.0,5.0,1.0,1.0,130.0,1.0,9.0,1.0,118.8,1
0.0,0.0,0.0,5.0,5.0,9991.0,27.0,5.0,43.0,0.0,140.0,0.0,5.0,1.0,124.3,0
0.0,0.0,1.0,0.0,0.0,171.0,18.0,0.0,1.0,0.0,149.0,0.0,9.0,0.0,156.0,2
5.0,11.8,0.0,6.0,8.0,9070.0,19.0,6.0,17.0,0.0,128.0,1.0,9.0,1.0,136.1,0
11.0,14.166666666666666,1.0,12.0,12.0,171.0,19.0,11.0,1.0,1.0,138.0,0.0,4.0,0.0,147.5,2
4.0,12.0,1.0,14.0,11.0,9003.0,25.0,6.0,42.0,0.0,140.0,0.0,4.0,1.0,140.0,1
8.0,12.625,1.0,9.0,8.0,9853.0,20.0,8.0,1.0,0.0,133.0,0.0,5.0,0.0,131.3,1
9.0,10.333333333333334,1.0,16.0,19.0,9991.0,29.0,12.0,43.0,0.0,120.0,0.0,9.0,0.0,122.5,1
4.0,11.75,1.0,10.0,19.0,9085.0,19.0,6.0,44.0,0.0,140.0,0.0,2.0,0.0,140.0,1
3.0,11.0,0.0,9.0,12.0,171.0,26.0,10.0,44.0,0.0,110.0,0.0,5.0,0.0,108.3,0
5.0,12.6,1.0,8.0,12.0,8014.0,50.0,6.0,39.0,0.0,120.0,0.0,0.0,0.0,104.0,0
4.0,11.75,1.0,10.0,5.0,9147.0,19.0,5.0,17.0,0.0,118.0,0.0,9.0,1.0,118.4,1
8.0,14.788888888888888,1.0,7.0,9.0,9500.0,18.0,8.0,17.0,1.0,142.0,0.0,5.0,0.0,136.6,2
6.0,12.333333333333334,1.0,6.0,6.0,9773.0,18.0,6.0,17.0,0.0,122.0,1.0,4.0,0.0,116.8,2
3.0,10.0,1.0,10.0,8.0,9147.0,20.0,5.0,17.0,0.0,118.0,1.0,9.0,0.0,113.5,1
3.0,11.0,1.0,11.0,14.0,9254.0,19.0,6.0,43.0,1.0,130.0,0.0,5.0,0.0,130.0,0
3.0,13.666666666666666,1.0,10.0,8.0,9119.0,21.0,5.0,17.0,0.0,116.0,0.0,90.0,1.0,116.7,0
0.0,0.0,1.0,8.0,10.0,9773.0,27.0,5.0,42.0,0.0,133.1,0.0,4.0,1.0,120.0,0
4.0,11.75,1.0,10.0,10.0,9147.0,18.0,5.0,1.0,1.0,120.0,0.0,7.0,1.0,111.3,1
5.0,11.4,1.0,8.0,9.0,9254.0,20.0,6.0,1.0,0.0,105.0,0.0,9.0,0.0,106.1,2
7.0,12.94285714285714,1.0,8.0,9.0,9500.0,20.0,8.0,1.0,1.0,133.0,0.0,9.0,0.0,121.5,2
4.0,12.75,1.0,8.0,7.0,9670.0,19.0,5.0,1.0,0.0,130.0,1.0,0.0,0.0,128.6,2
6.0,13.333333333333334,1.0,6.0,6.0,9254.0,20.0,6.0,1.0,1.0,170.0,0.0,5.0,0.0,153.8,2
3.0,12.5,1.0,9.0,14.0,9119.0,22.0,6.0,1.0,1.0,111.0,0.0,9.0,1.0,107.5,0
0.0,0.0,1.0,0.0,0.0,9085.0,21.0,6.0,17.0,0.0,126.0,0.0,5.0,1.0,123.9,0
6.0,10.166666666666666,1.0,7.0,9.0,9238.0,19.0,6.0,17.0,0.0,122.0,0.0,7.0,0.0,117.5,2
5.0,11.333333333333334,1.0,11.0,12.0,9238.0,19.0,6.0,17.0,0.0,138.0,0.0,1.0,0.0,123.0,2
4.0,13.25,1.0,7.0,7.0,9147.0,30.0,5.0,51.0,0.0,148.0,0.0,9.0,1.0,118.4,0
5.0,12.0,1.0,10.0,8.0,9670.0,21.0,6.0,17.0,0.0,110.0,0.0,4.0,1.0,115.6,2
9.0,11.7,1.0,12.0,18.0,171.0,21.0,11.0,1.0,0.0,125.0,1.0,5.0,1.0,136.2,1
2.0,11.5,1.0,13.0,13.0,9003.0,22.0,6.0,44.0,0.0,140.0,0.0,4.0,1.0,120.0,1
0.0,0.0,1.0,6.0,6.0,9254.0,25.0,6.0,39.0,0.0,133.1,1.0,4.0,0.0,101.0,0
3.0,12.0,1.0,7.0,8.0,9119.0,19.0,5.0,1.0,0.0,126.0,0.0,5.0,1.0,130.2,1
0.0,0.0,1.0,0.0,0.0,171.0,19.0,0.0,1.0,0.0,118.0,0.0,3.0,1.0,110.0,0
6.0,13.5,0.0,6.0,11.0,9085.0,19.0,6.0,44.0,0.0,160.0,0.0,5.0,1.0,160.0,0
2.0,10.5,0.0,12.0,9.0,9130.0,28.0,6.0,39.0,0.0,133.1,1.0,-1.0,1.0,120.0,0
2.0,11.0,1.0,11.0,15.0,9853.0,23.0,6.0,17.0,0.0,147.0,0.0,9.0,0.0,142.8,0
4.0,12.8,1.0,11.0,10.0,9991.0,30.0,5.0,39.0,0.0,150.0,0.0,9.0,0.0,146.2,1
6.0,12.8,1.0,11.0,8.0,9556.0,19.0,7.0,17.0,1.0,118.0,0.0,5.0,0.0,117.8,2
6.0,12.5,1.0,10.0,8.0,9238.0,18.0,6.0,1.0,1.0,128.0,0.0,5.0,0.0,124.5,2
2.0,14.0,0.0,7.0,5.0,9119.0,40.0,5.0,7.0,0.0,120.0,0.0,1.0,1.0,120.0,0
0.0,0.0,1.0,8.0,12.0,9773.0,26.0,6.0,39.0,0.0,140.0,0.0,0.0,0.0,102.5,0
1.0,11.0,1.0,12.0,9.0,9119.0,31.0,5.0,43.0,0.0,133.1,0.0,9.0,1.0,136.0,0
6.0,12.166666666666666,1.0,7.0,6.0,8014.0,22.0,6.0,17.0,0.0,134.0,0.0,4.0,1.0,126.0,2
0.0,0.0,0.0,5.0,5.0,9991.0,36.0,5.0,39.0,0.0,110.0,0.0,9.0,1.0,121.8,0
6.0,11.5,1.0,7.0,8.0,8014.0,43.0,6.0,39.0,1.0,140.0,0.0,9.0,0.0,128.0,2
2.0,10.0,1.0,10.0,14.0,9238.0,18.0,6.0,1.0,0.0,135.0,1.0,5.0,0.0,121.0,1
8.0,13.9125,1.0,9.0,8.0,9556.0,18.0,8.0,17.0,1.0,131.0,0.0,9.0,0.0,128.5,2
8.0,13.333333333333334,0.0,18.0,15.0,9085.0,23.0,9.0,-1.0,0.0,140.0,1.0,-1.0,0.0,144.9,1
0.0,0.0,1.0,6.0,6.0,9003.0,30.0,6.0,39.0,1.0,133.1,1.0,3.0,0.0,130.0,1
3.0,11.0,1.0,7.0,8.0,9070.0,33.0,6.0,7.0,0.0,140.0,0.0,9.0,0.0,140.0,2
6.0,13.0,1.0,11.0,7.0,8014.0,24.0,6.0,17.0,1.0,120.0,0.0,6.0,0.0,113.0,2
6.0,12.666666666666666,1.0,6.0,6.0,9773.0,18.0,6.0,1.0,0.0,148.0,0.0,9.0,0.0,141.7,2
0.0,0.0,1.0,0.0,0.0,171.0,18.0,0.0,-1.0,1.0,158.0,0.0,9.0,1.0,164.3,1
0.0,0.0,0.0,6.0,7.0,9003.0,27.0,6.0,39.0,0.0,170.0,1.0,4.0,0.0,167.224,0
1.0,12.0,1.0,13.0,11.0,9254.0,19.0,6.0,17.0,0.0,119.0,0.0,5.0,1.0,118.0,0
3.0,10.0,1.0,10.0,12.0,9853.0,21.0,6.0,43.0,0.0,115.0,0.0,2.0,0.0,108.7,0
4.0,10.75,1.0,12.0,11.0,9238.0,19.0,6.0,1.0,1.0,108.0,0.0,9.0,0.0,107.3,1
0.0,0.0,0.0,10.0,7.0,9119.0,28.0,5.0,39.0,0.0,120.0,1.0,9.0,1.0,98.6,0
11.0,10.727272727272728,1.0,21.0,14.0,9003.0,21.0,11.0,-1.0,0.0,130.0,1.0,-1.0,0.0,125.8,2
4.0,13.0,1.0,8.0,10.0,9670.0,20.0,6.0,17.0,0.0,155.0,0.0,4.0,0.0,134.7,1
7.0,13.512857142857142,1.0,8.0,8.0,9500.0,19.0,8.0,1.0,1.0,134.0,0.0,7.0,0.0,132.8,2
0.0,0.0,0.0,0.0,0.0,171.0,19.0,0.0,1.0,0.0,127.0,0.0,9.0,0.0,124.2,0
4.0,10.25,1.0,11.0,10.0,9991.0,29.0,5.0,1.0,0.0,140.0,0.0,9.0,0.0,124.6,1
0.0,0.0,1.0,7.0,8.0,9991.0,26.0,5.0,39.0,1.0,133.1,0.0,9.0,0.0,126.3,0
0.0,0.0,1.0,1.0,0.0,9238.0,18.0,6.0,18.0,0.0,147.0,0.0,4.0,0.0,130.2,0
6.0,12.0,1.0,10.0,6.0,9773.0,18.0,6.0,17.0,0.0,147.0,0.0,4.0,1.0,139.7,0
0.0,0.0,0.0,0.0,0.0,171.0,22.0,0.0,1.0,0.0,129.0,0.0,9.0,1.0,122.0,0
8.0,15.68333333333333,1.0,7.0,9.0,9500.0,18.0,8.0,1.0,1.0,132.0,0.0,9.0,0.0,123.4,2
5.0,12.2,1.0,8.0,7.0,9254.0,19.0,6.0,1.0,1.0,131.0,0.0,9.0,0.0,123.7,2
0.0,0.0,1.0,9.0,11.0,9130.0,44.0,6.0,39.0,0.0,133.1,1.0,9.0,1.0,156.4,0
0.0,0.0,0.0,0.0,0.0,9238.0,44.0,6.0,39.0,0.0,133.1,0.0,9.0,0.0,103.5,0
0.0,0.0,1.0,5.0,5.0,9991.0,28.0,5.0,39.0,0.0,130.0,0.0,3.0,1.0,120.5,0
0.0,0.0,1.0,10.0,10.0,9119.0,19.0,6.0,17.0,0.0,117.0,0.0,3.0,1.0,119.8,0
4.0,12.0,1.0,11.0,9.0,9991.0,38.0,5.0,39.0,0.0,110.0,0.0,5.0,0.0,120.0,0
6.0,11.808333333333332,1.0,7.0,10.0,9500.0,20.0,8.0,1.0,0.0,106.0,1.0,-1.0,1.0,102.2,1
8.0,11.55,1.0,14.0,8.0,9556.0,20.0,8.0,1.0,1.0,135.0,0.0,7.0,0.0,125.8,2
0.0,0.0,1.0,6.0,7.0,9003.0,26.0,6.0,44.0,0.0,140.0,1.0,-1.0,1.0,140.0,1
0.0,0.0,1.0,6.0,0.0,9773.0,18.0,6.0,18.0,1.0,167.0,0.0,6.0,1.0,153.0,0
7.0,12.142857142857142,1.0,8.0,11.0,9070.0,26.0,8.0,43.0,0.0,150.0,0.0,3.0,1.0,126.4,1
11.0,14.818181818181818,1.0,12.0,12.0,9070.0,20.0,12.0,1.0,0.0,147.0,0.0,2.0,1.0,149.8,2
0.0,0.0,1.0,0.0,0.0,9500.0,39.0,8.0,43.0,0.0,140.0,0.0,6.0,0.0,128.2,0
10.0,14.3,1.0,21.0,15.0,9130.0,22.0,12.0,44.0,0.0,150.0,0.0,3.0,1.0,150.0,2
4.0,12.25,1.0,8.0,8.0,9147.0,18.0,5.0,1.0,0.0,132.0,0.0,7.0,0.0,131.3,1
3.0,12.833333333333334,1.0,5.0,9.0,9147.0,21.0,5.0,1.0,1.0,120.0,1.0,-1.0,1.0,111.6,1
6.0,12.833333333333334,1.0,7.0,6.0,9773.0,18.0,6.0,1.0,0.0,146.0,0.0,4.0,1.0,135.2,2
2.0,13.5,1.0,8.0,8.0,9130.0,24.0,6.0,44.0,0.0,130.0,0.0,9.0,1.0,150.0,0
0.0,0.0,1.0,0.0,0.0,9147.0,20.0,5.0,18.0,0.0,147.0,0.0,9.0,1.0,139.3,0
1.0,10.0,1.0,10.0,10.0,9147.0,40.0,5.0,-1.0,0.0,133.1,1.0,-1.0,1.0,100.0,1
1.0,10.0,1.0,10.0,12.0,9670.0,19.0,6.0,1.0,0.0,136.0,0.0,-1.0,1.0,129.7,1
0.0,0.0,0.0,5.0,9.0,9147.0,50.0,5.0,39.0,0.0,133.1,1.0,9.0,1.0,116.4,0
6.0,12.142857142857142,1.0,7.0,8.0,9070.0,19.0,6.0,1.0,0.0,140.0,0.0,2.0,1.0,125.0,1
3.0,12.0,0.0,10.0,19.0,9085.0,20.0,6.0,44.0,0.0,130.0,0.0,6.0,1.0,130.0,1
12.0,11.833333333333334,1.0,16.0,16.0,9991.0,38.0,14.0,43.0,0.0,110.0,0.0,9.0,0.0,112.9,0
7.0,14.06,1.0,8.0,8.0,9500.0,19.0,8.0,1.0,1.0,145.0,0.0,9.0,0.0,132.3,1
3.0,10.0,1.0,7.0,7.0,9147.0,20.0,5.0,51.0,0.0,130.0,0.0,9.0,1.0,115.7,1
0.0,0.0,1.0,4.0,8.0,9003.0,29.0,4.0,39.0,0.0,133.1,0.0,9.0,1.0,130.0,0
6.0,11.5,1.0,6.0,8.0,9070.0,20.0,6.0,17.0,0.0,136.0,0.0,4.0,0.0,130.8,1
7.0,14.571428571428571,1.0,8.0,7.0,9853.0,40.0,7.0,7.0,0.0,110.0,1.0,2.0,0.0,110.0,2
3.0,14.333333333333334,1.0,9.0,11.0,9991.0,24.0,5.0,17.0,0.0,154.0,0.0,4.0,0.0,134.1,1
6.0,13.5,1.0,12.0,9.0,9500.0,30.0,7.0,39.0,0.0,120.0,1.0,-1.0,1.0,125.3,1
0.0,0.0,1.0,7.0,6.0,9670.0,20.0,6.0,1.0,0.0,127.0,0.0,7.0,0.0,116.5,0
6.0,11.666666666666666,1.0,6.0,7.0,8014.0,19.0,6.0,17.0,0.0,125.0,1.0,5.0,0.0,122.2,2
5.0,12.2,1.0,8.0,7.0,9254.0,24.0,6.0,39.0,0.0,160.0,0.0,6.0,0.0,116.3,2
7.0,14.671428571428574,1.0,7.0,9.0,9500.0,19.0,8.0,1.0,1.0,118.0,0.0,5.0,0.0,117.8,2
10.0,13.4,1.0,13.0,12.0,9991.0,26.0,10.0,7.0,0.0,130.0,0.0,7.0,0.0,130.0,2
5.0,11.2,1.0,8.0,8.0,9147.0,20.0,5.0,1.0,0.0,112.0,0.0,9.0,0.0,117.3,2
7.0,11.571428571428571,1.0,15.0,12.0,8014.0,23.0,11.0,43.0,0.0,148.0,0.0,9.0,0.0,134.7,1
2.0,13.5,1.0,10.0,8.0,9085.0,23.0,6.0,44.0,0.0,160.0,0.0,4.0,1.0,160.0,0
6.0,12.428571428571429,1.0,8.0,10.0,9773.0,18.0,6.0,17.0,0.0,121.0,0.0,9.0,0.0,113.7,1
0.0,0.0,1.0,5.0,5.0,9119.0,18.0,5.0,18.0,0.0,146.0,0.0,7.0,1.0,132.4,0
0.0,0.0,1.0,9.0,6.0,9003.0,26.0,6.0,39.0,0.0,160.0,0.0,5.0,1.0,167.224,0
3.0,13.0,1.0,12.0,10.0,9853.0,45.0,7.0,39.0,0.0,133.1,0.0,9.0,0.0,138.3,0
0.0,0.0,1.0,5.0,5.0,9119.0,18.0,5.0,1.0,0.0,140.0,0.0,9.0,1.0,125.7,1
0.0,0.0,1.0,12.0,5.0,9085.0,21.0,5.0,18.0,0.0,121.0,0.0,2.0,0.0,111.9,0
1.0,16.0,1.0,7.0,8.0,9119.0,18.0,5.0,1.0,0.0,146.0,0.0,9.0,1.0,148.5,1
5.0,13.2,1.0,11.0,7.0,9147.0,20.0,5.0,17.0,0.0,118.0,0.0,5.0,0.0,118.0,1
0.0,0.0,0.0,6.0,5.0,9085.0,24.0,5.0,1.0,0.0,150.0,1.0,4.0,0.0,144.6,0
6.0,12.116666666666667,1.0,12.0,8.0,9500.0,19.0,7.0,1.0,0.0,126.0,0.0,-1.0,0.0,120.1,1
3.0,11.0,1.0,8.0,13.0,9238.0,19.0,6.0,1.0,1.0,126.0,0.0,9.0,0.0,125.7,2
8.0,13.11625,1.0,8.0,8.0,9500.0,19.0,8.0,18.0,0.0,124.0,0.0,9.0,0.0,119.3,2
6.0,16.0,1.0,7.0,6.0,9238.0,20.0,6.0,1.0,1.0,142.0,0.0,5.0,0.0,127.7,2
2.0,11.666666666666666,1.0,9.0,6.0,9119.0,22.0,5.0,44.0,0.0,140.0,0.0,4.0,1.0,140.0,1
0.0,0.0,1.0,9.0,5.0,9130.0,22.0,5.0,1.0,0.0,120.0,0.0,1.0,1.0,116.1,0
6.0,13.666666666666666,1.0,6.0,7.0,9238.0,21.0,6.0,17.0,0.0,129.0,0.0,9.0,1.0,117.1,2
6.0,12.166666666666666,1.0,6.0,6.0,9238.0,18.0,6.0,-1.0,0.0,133.0,0.0,4.0,0.0,133.7,2
3.0,10.666666666666666,1.0,11.0,11.0,9853.0,18.0,6.0,1.0,0.0,121.0,0.0,6.0,0.0,116.8,0
6.0,11.833333333333334,1.0,8.0,8.0,9500.0,18.0,7.0,1.0,0.0,136.0,0.0,3.0,1.0,120.0,1
0.0,0.0,0.0,5.0,10.0,9254.0,37.0,5.0,7.0,0.0,100.0,0.0,9.0,0.0,100.0,0
2.0,10.5,1.0,8.0,12.0,9119.0,19.0,5.0,43.0,0.0,128.0,0.0,4.0,1.0,100.0,1
8.0,14.75,1.0,11.0,8.0,8014.0,37.0,8.0,39.0,0.0,140.0,0.0,5.0,0.0,148.0,2
7.0,12.94375,1.0,8.0,11.0,9500.0,18.0,8.0,17.0,1.0,138.0,0.0,7.0,0.0,129.3,2
6.0,14.142857142857142,1.0,6.0,7.0,9238.0,18.0,6.0,1.0,1.0,167.0,0.0,9.0,0.0,156.2,2
6.0,13.333333333333334,1.0,8.0,9.0,9085.0,18.0,6.0,1.0,0.0,138.0,0.0,4.0,0.0,126.3,2
3.0,11.25,1.0,8.0,8.0,9991.0,25.0,5.0,39.0,0.0,130.0,0.0,9.0,0.0,130.1,1
5.0,11.2,1.0,8.0,7.0,9147.0,20.0,5.0,1.0,0.0,120.0,0.0,5.0,1.0,111.3,1
4.0,11.0,1.0,14.0,9.0,9238.0,18.0,6.0,1.0,1.0,135.0,0.0,4.0,0.0,121.7,1
4.0,10.428571428571429,1.0,6.0,9.0,9670.0,24.0,6.0,17.0,0.0,140.0,0.0,4.0,1.0,133.4,1
0.0,0.0,1.0,5.0,5.0,9991.0,29.0,5.0,39.0,0.0,130.0,0.0,9.0,1.0,127.6,1
0.0,0.0,1.0,6.0,5.0,8014.0,34.0,5.0,39.0,0.0,133.1,0.0,9.0,1.0,148.5,0
0.0,0.0,0.0,8.0,5.0,9119.0,24.0,5.0,18.0,0.0,122.0,1.0,90.0,1.0,116.1,0
5.0,10.8,1.0,8.0,9.0,9853.0,21.0,6.0,1.0,0.0,133.1,0.0,9.0,0.0,132.0,0
0.0,0.0,1.0,7.0,5.0,9119.0,23.0,5.0,-1.0,0.0,115.0,0.0,4.0,1.0,113.3,0
0.0,0.0,1.0,0.0,0.0,9085.0,20.0,6.0,17.0,0.0,120.0,0.0,9.0,0.0,111.3,0
4.0,14.0,0.0,10.0,11.0,9147.0,22.0,5.0,17.0,0.0,116.0,0.0,3.0,1.0,115.7,1
0.0,0.0,1.0,6.0,6.0,9130.0,25.0,6.0,39.0,0.0,120.0,0.0,9.0,1.0,150.0,0
0.0,0.0,0.0,0.0,0.0,171.0,19.0,0.0,1.0,0.0,145.0,0.0,4.0,0.0,149.9,2
6.0,13.333333333333334,1.0,7.0,7.0,9500.0,19.0,7.0,43.0,0.0,134.0,0.0,9.0,0.0,120.4,2
5.0,12.2,1.0,6.0,5.0,9670.0,18.0,5.0,1.0,1.0,122.0,0.0,9.0,1.0,116.1,0
1.0,11.0,1.0,11.0,19.0,9085.0,21.0,6.0,44.0,0.0,140.0,0.0,4.0,0.0,140.0,1
4.0,11.75,1.0,10.0,10.0,9147.0,18.0,5.0,1.0,1.0,120.0,0.0,7.0,1.0,111.3,1
2.0,13.5,1.0,11.0,12.0,9085.0,20.0,6.0,44.0,0.0,140.0,0.0,3.0,0.0,140.0,1
5.0,12.8,1.0,7.0,7.0,9254.0,20.0,6.0,18.0,0.0,137.0,0.0,4.0,1.0,126.9,2
4.0,13.0,1.0,5.0,5.0,9670.0,21.0,5.0,1.0,1.0,144.0,0.0,9.0,0.0,126.9,2
6.0,11.333333333333334,1.0,11.0,7.0,9238.0,19.0,6.0,1.0,0.0,126.0,0.0,7.0,0.0,126.7,2
7.0,14.142857142857142,1.0,7.0,7.0,9853.0,19.0,7.0,17.0,1.0,141.0,0.0,9.0,0.0,142.8,2
2.0,10.5,0.0,7.0,8.0,9991.0,22.0,5.0,1.0,0.0,123.0,0.0,4.0,1.0,113.2,0
0.0,0.0,1.0,7.0,5.0,9238.0,19.0,5.0,1.0,0.0,124.0,1.0,7.0,0.0,116.0,0
0.0,0.0,0.0,5.0,5.0,9119.0,34.0,5.0,39.0,0.0,140.0,0.0,9.0,1.0,140.0,0
6.0,11.77777777777778,1.0,7.0,10.0,9670.0,19.0,6.0,1.0,0.0,113.0,0.0,1.0,0.0,116.5,2
4.0,12.0,1.0,10.0,8.0,9147.0,33.0,5.0,7.0,0.0,110.0,0.0,9.0,0.0,110.0,1
5.0,12.858,1.0,10.0,10.0,9500.0,19.0,8.0,1.0,0.0,124.0,0.0,3.0,1.0,117.5,1
4.0,11.5,1.0,9.0,12.0,8014.0,49.0,6.0,39.0,0.0,120.0,0.0,9.0,0.0,106.8,1
7.0,13.285714285714286,1.0,10.0,7.0,9853.0,19.0,7.0,1.0,1.0,115.0,0.0,9.0,0.0,108.0,2
5.0,14.0,1.0,6.0,5.0,9147.0,18.0,5.0,1.0,0.0,138.0,0.0,9.0,0.0,145.0,2
6.0,12.0,1.0,11.0,8.0,8014.0,41.0,7.0,43.0,0.0,100.0,0.0,9.0,1.0,120.0,2
5.0,11.142857142857142,1.0,9.0,8.0,9991.0,44.0,5.0,39.0,0.0,133.1,0.0,5.0,1.0,138.3,0
0.0,0.0,1.0,0.0,0.0,9119.0,24.0,5.0,7.0,0.0,140.8,0.0,0.0,1.0,134.0,0
0.0,0.0,1.0,0.0,0.0,171.0,18.0,0.0,1.0,0.0,127.0,0.0,1.0,1.0,133.5,1
4.0,11.2,1.0,9.0,8.0,9070.0,18.0,6.0,17.0,1.0,125.0,0.0,3.0,0.0,128.9,1
6.0,12.5,1.0,6.0,6.0,9773.0,19.0,6.0,1.0,0.0,143.0,0.0,2.0,0.0,144.8,1
4.0,11.5,1.0,8.0,12.0,9070.0,20.0,6.0,1.0,0.0,140.0,0.0,4.0,1.0,138.3,1
6.0,15.166666666666666,1.0,7.0,6.0,9773.0,19.0,6.0,1.0,1.0,142.0,0.0,4.0,0.0,141.3,2
9.0,13.7,1.0,13.0,11.0,9085.0,20.0,9.0,-1.0,0.0,150.0,0.0,4.0,0.0,145.2,2
6.0,13.428571428571429,1.0,6.0,7.0,9070.0,19.0,6.0,17.0,0.0,120.0,0.0,4.0,0.0,116.9,2
8.0,14.26875,1.0,8.0,8.0,9500.0,18.0,8.0,1.0,0.0,143.0,0.0,7.0,0.0,133.8,1
1.0,10.0,1.0,9.0,5.0,9991.0,39.0,5.0,39.0,0.0,133.1,0.0,7.0,1.0,120.0,0
5.0,11.8,1.0,8.0,6.0,9670.0,21.0,6.0,17.0,1.0,125.0,0.0,9.0,1.0,121.5,2
4.0,11.75,1.0,13.0,8.0,9085.0,19.0,5.0,17.0,0.0,123.0,0.0,4.0,0.0,113.6,1
4.0,11.25,1.0,11.0,9.0,9238.0,19.0,6.0,1.0,1.0,145.0,1.0,9.0,0.0,129.3,2
6.0,14.666666666666666,1.0,9.0,12.0,9070.0,22.0,6.0,1.0,0.0,130.0,0.0,9.0,1.0,120.2,2
0.0,0.0,1.0,6.0,5.0,9130.0,34.0,5.0,39.0,0.0,150.0,0.0,90.0,0.0,150.0,0
0.0,0.0,1.0,7.0,7.0,9991.0,50.0,5.0,39.0,0.0,100.0,0.0,1.0,1.0,161.9,0
5.0,11.8,1.0,8.0,7.0,9238.0,21.0,6.0,17.0,1.0,128.0,0.0,-1.0,0.0,118.6,1
3.0,11.333333333333334,1.0,11.0,9.0,9991.0,38.0,5.0,39.0,0.0,133.1,0.0,9.0,1.0,121.5,1
5.0,10.84,1.0,11.0,9.0,9500.0,35.0,7.0,39.0,0.0,130.0,0.0,-1.0,0.0,163.7,1
5.0,13.6,1.0,6.0,7.0,9773.0,18.0,6.0,17.0,0.0,128.0,0.0,9.0,1.0,125.2,1
7.0,12.62142857142857,1.0,12.0,7.0,9500.0,19.0,7.0,1.0,0.0,118.0,0.0,3.0,0.0,110.0,1
0.0,0.0,1.0,0.0,0.0,171.0,18.0,0.0,1.0,0.0,146.0,0.0,4.0,0.0,150.2,2
6.0,13.0,0.0,9.0,13.0,9085.0,24.0,9.0,-1.0,0.0,130.0,1.0,9.0,0.0,130.0,1
6.0,10.833333333333334,1.0,13.0,10.0,8014.0,45.0,7.0,43.0,0.0,120.0,0.0,9.0,0.0,100.0,1
2.0,12.333333333333334,0.0,8.0,8.0,9085.0,20.0,5.0,17.0,0.0,120.0,0.0,9.0,0.0,115.0,0
4.0,10.5,1.0,13.0,15.0,9003.0,21.0,6.0,44.0,0.0,140.0,0.0,9.0,1.0,140.0,1
2.0,12.0,1.0,11.0,8.0,9130.0,33.0,5.0,7.0,0.0,120.0,0.0,1.0,0.0,128.2,0
7.0,13.771428571428572,1.0,8.0,10.0,9500.0,19.0,8.0,1.0,0.0,126.0,0.0,5.0,0.0,121.8,0
6.0,13.333333333333334,0.0,7.0,8.0,9853.0,18.0,7.0,17.0,1.0,125.0,0.0,3.0,0.0,116.6,1
5.0,13.4,1.0,14.0,7.0,9070.0,47.0,7.0,42.0,0.0,170.0,0.0,0.0,1.0,148.5,0
1.0,13.67,1.0,10.0,10.0,9500.0,19.0,8.0,1.0,0.0,136.0,0.0,4.0,0.0,127.0,1
0.0,0.0,1.0,0.0,0.0,9130.0,48.0,6.0,39.0,0.0,133.1,0.0,9.0,1.0,100.9,0
3.0,12.0,1.0,13.0,8.0,9085.0,19.0,5.0,1.0,0.0,129.0,0.0,3.0,0.0,125.9,1
0.0,0.0,1.0,8.0,6.0,8014.0,23.0,6.0,18.0,0.0,134.0,0.0,2.0,0.0,120.7,0
6.0,11.5,1.0,6.0,6.0,9254.0,18.0,6.0,1.0,0.0,129.0,0.0,6.0,0.0,118.5,2
4.0,11.5,1.0,8.0,8.0,9147.0,39.0,5.0,39.0,0.0,130.0,0.0,9.0,0.0,142.5,1
0.0,0.0,1.0,0.0,0.0,171.0,20.0,0.0,1.0,0.0,150.0,0.0,7.0,0.0,134.6,0
1.0,16.0,1.0,12.0,12.0,9773.0,20.0,6.0,1.0,0.0,129.0,0.0,9.0,0.0,117.1,1
4.0,12.0,1.0,7.0,9.0,9070.0,20.0,6.0,17.0,0.0,152.0,0.0,3.0,1.0,134.2,1
6.0,12.5,1.0,9.0,12.0,9500.0,22.0,8.0,1.0,0.0,133.1,0.0,9.0,1.0,99.0,1
6.0,15.0,1.0,7.0,6.0,9773.0,19.0,6.0,1.0,1.0,137.0,0.0,7.0,0.0,133.2,2
4.0,11.5,1.0,8.0,8.0,9147.0,39.0,5.0,39.0,0.0,130.0,0.0,9.0,0.0,142.5,1
5.0,15.8,1.0,7.0,5.0,9130.0,19.0,5.0,1.0,0.0,167.0,0.0,90.0,0.0,159.3,2
0.0,0.0,1.0,10.0,13.0,9147.0,19.0,5.0,17.0,0.0,162.0,0.0,4.0,0.0,138.6,1
10.0,11.8,1.0,14.0,13.0,9238.0,21.0,10.0,43.0,0.0,120.0,0.0,1.0,1.0,118.6,2
8.0,14.077777777777778,1.0,7.0,9.0,9500.0,27.0,8.0,39.0,0.0,130.0,0.0,4.0,0.0,167.224,2
1.0,10.0,0.0,7.0,7.0,-1.0,37.0,7.0,39.0,0.0,130.0,1.0,9.0,1.0,102.5,0
2.0,11.0,1.0,7.0,10.0,9147.0,21.0,5.0,17.0,0.0,133.1,0.0,9.0,1.0,100.0,0
5.0,14.6,1.0,5.0,5.0,9991.0,34.0,5.0,39.0,0.0,150.0,0.0,4.0,1.0,146.0,1
6.0,13.333333333333334,1.0,11.0,9.0,9853.0,18.0,7.0,17.0,0.0,114.0,0.0,4.0,0.0,108.8,1
0.0,0.0,1.0,7.0,7.0,9991.0,24.0,5.0,39.0,0.0,133.1,0.0,2.0,1.0,100.0,0
6.0,14.5,1.0,7.0,6.0,9238.0,21.0,6.0,1.0,0.0,141.0,0.0,4.0,0.0,138.9,2
3.0,11.0,1.0,13.0,12.0,9085.0,18.0,6.0,1.0,0.0,122.0,0.0,4.0,0.0,116.1,2
4.0,11.25,1.0,7.0,5.0,9670.0,23.0,5.0,1.0,0.0,121.0,0.0,5.0,0.0,116.5,0
5.0,11.8,1.0,6.0,9.0,9991.0,49.0,5.0,39.0,0.0,110.0,0.0,9.0,1.0,150.0,2
4.0,13.5,1.0,6.0,6.0,9670.0,18.0,5.0,1.0,1.0,131.0,0.0,9.0,0.0,123.0,1
3.0,11.0,1.0,10.0,6.0,9070.0,19.0,6.0,1.0,0.0,124.0,0.0,7.0,0.0,132.1,1
3.0,10.571428571428571,1.0,7.0,12.0,9147.0,20.0,5.0,18.0,0.0,140.0,0.0,5.0,1.0,124.3,0
5.0,11.4,1.0,9.0,6.0,9991.0,41.0,5.0,39.0,1.0,100.0,0.0,4.0,1.0,113.0,1
5.0,11.6,1.0,10.0,10.0,9254.0,18.0,6.0,1.0,0.0,118.0,0.0,7.0,0.0,114.2,1
0.0,0.0,1.0,0.0,0.0,9853.0,21.0,6.0,51.0,0.0,139.0,0.0,4.0,0.0,134.0,0
5.0,14.0,0.0,8.0,6.0,9085.0,20.0,5.0,18.0,1.0,170.0,1.0,4.0,0.0,166.6,0
0.0,0.0,1.0,0.0,0.0,171.0,20.0,0.0,1.0,0.0,131.0,1.0,9.0,0.0,134.9,0
2.0,12.5,0.0,9.0,6.0,9238.0,20.0,6.0,17.0,0.0,140.0,1.0,4.0,1.0,124.6,0
5.0,12.0,1.0,10.0,8.0,9853.0,23.0,6.0,-1.0,1.0,134.0,0.0,9.0,0.0,121.4,1
6.0,12.5,1.0,9.0,12.0,9500.0,22.0,8.0,1.0,0.0,133.1,0.0,9.0,1.0,99.0,1
4.0,12.0,1.0,9.0,10.0,9147.0,19.0,5.0,1.0,0.0,118.0,0.0,-1.0,0.0,117.3,1
4.0,12.5,1.0,11.0,10.0,9991.0,43.0,5.0,39.0,0.0,150.0,0.0,9.0,0.0,120.0,1
0.0,0.0,0.0,5.0,4.0,9670.0,19.0,4.0,1.0,0.0,134.0,0.0,0.0,1.0,128.4,0
3.0,14.166666666666666,0.0,10.0,11.0,9500.0,42.0,7.0,7.0,0.0,130.0,0.0,4.0,0.0,130.0,0
3.0,11.0,1.0,9.0,9.0,9853.0,23.0,6.0,1.0,0.0,133.1,0.0,9.0,0.0,98.6,0
0.0,0.0,1.0,13.0,10.0,9147.0,20.0,5.0,1.0,0.0,112.0,0.0,4.0,0.0,106.1,0
5.0,11.4,1.0,8.0,7.0,9991.0,38.0,5.0,1.0,1.0,140.0,0.0,9.0,0.0,139.0,1
8.0,13.05375,1.0,10.0,10.0,9500.0,18.0,8.0,1.0,0.0,151.0,0.0,2.0,1.0,129.8,2
5.0,10.2,1.0,9.0,5.0,9147.0,26.0,5.0,39.0,0.0,133.1,0.0,9.0,1.0,119.8,1
8.0,12.25,1.0,16.0,14.0,9003.0,21.0,9.0,18.0,0.0,133.1,0.0,9.0,1.0,101.0,2
2.0,11.5,1.0,6.0,7.0,9119.0,19.0,5.0,42.0,0.0,136.0,0.0,5.0,1.0,117.5,1
3.0,11.428571428571429,1.0,5.0,11.0,9147.0,21.0,5.0,17.0,0.0,110.0,0.0,4.0,1.0,99.0,1
5.0,12.6,1.0,8.0,8.0,9254.0,25.0,6.0,1.0,0.0,131.0,0.0,9.0,1.0,134.5,1
5.0,13.0,1.0,9.0,6.0,9670.0,19.0,6.0,1.0,0.0,116.0,0.0,3.0,1.0,110.1,2
7.0,13.428571428571429,1.0,8.0,8.0,9991.0,31.0,7.0,44.0,0.0,150.0,0.0,6.0,0.0,150.0,1
0.0,0.0,1.0,4.0,9.0,9147.0,36.0,5.0,39.0,0.0,120.0,0.0,9.0,1.0,104.7,0
0.0,0.0,1.0,0.0,0.0,171.0,19.0,0.0,1.0,0.0,135.0,1.0,9.0,0.0,143.8,1
12.0,11.666666666666666,1.0,15.0,13.0,9147.0,50.0,13.0,51.0,0.0,160.0,0.0,9.0,0.0,118.0,1
8.0,13.76375,1.0,8.0,8.0,9500.0,18.0,8.0,1.0,1.0,145.0,0.0,9.0,0.0,125.5,2
8.0,13.125,1.0,10.0,8.0,9556.0,32.0,8.0,39.0,0.0,100.0,0.0,9.0,0.0,130.0,2
5.0,10.6,1.0,7.0,7.0,9853.0,33.0,6.0,39.0,0.0,133.1,1.0,5.0,0.0,105.5,0
4.0,11.5,1.0,9.0,10.0,9085.0,20.0,6.0,44.0,0.0,140.0,0.0,3.0,0.0,140.0,1
5.0,11.2,1.0,9.0,6.0,9070.0,20.0,6.0,17.0,0.0,124.0,0.0,4.0,1.0,117.6,2
8.0,12.88888888888889,1.0,17.0,13.0,9147.0,21.0,9.0,-1.0,0.0,130.0,0.0,-1.0,0.0,133.8,2
7.0,14.514285714285714,1.0,8.0,8.0,9500.0,19.0,8.0,1.0,0.0,141.0,0.0,9.0,0.0,124.3,1
4.0,11.5,1.0,8.0,10.0,9853.0,19.0,6.0,1.0,0.0,129.0,0.0,6.0,0.0,138.1,0
1.0,12.0,1.0,12.0,12.0,9254.0,18.0,6.0,17.0,0.0,118.0,0.0,5.0,1.0,111.7,0
0.0,0.0,1.0,6.0,6.0,9003.0,25.0,6.0,39.0,0.0,130.0,0.0,9.0,0.0,120.0,0
0.0,0.0,1.0,0.0,0.0,9070.0,18.0,6.0,17.0,0.0,132.0,0.0,5.0,0.0,124.3,0
6.0,12.571428571428571,1.0,6.0,7.0,9773.0,18.0,6.0,1.0,0.0,158.0,0.0,4.0,0.0,157.0,2
6.0,11.333333333333334,1.0,9.0,6.0,9773.0,19.0,6.0,18.0,0.0,128.0,0.0,9.0,1.0,122.1,0
4.0,12.6,1.0,11.0,11.0,9670.0,22.0,6.0,18.0,0.0,140.0,0.0,9.0,1.0,130.2,2
0.0,0.0,0.0,6.0,9.0,9670.0,20.0,6.0,17.0,0.0,110.0,1.0,5.0,0.0,106.5,0
7.0,13.842857142857143,1.0,8.0,8.0,9500.0,34.0,8.0,39.0,1.0,133.1,0.0,9.0,1.0,120.0,2
6.0,13.9,1.0,7.0,7.0,9500.0,22.0,7.0,1.0,1.0,142.0,0.0,9.0,0.0,137.3,2
6.0,14.625,1.0,8.0,10.0,9085.0,18.0,6.0,1.0,0.0,156.0,0.0,3.0,0.0,150.9,0
6.0,11.0,1.0,12.0,11.0,9238.0,19.0,6.0,17.0,1.0,145.0,0.0,7.0,0.0,128.6,2
3.0,11.0,1.0,10.0,7.0,9119.0,18.0,5.0,1.0,0.0,131.0,0.0,4.0,1.0,135.9,1
1.0,12.0,1.0,7.0,9.0,9147.0,23.0,5.0,17.0,0.0,115.0,0.0,7.0,0.0,115.0,1
10.0,12.8,1.0,14.0,14.0,8014.0,42.0,11.0,51.0,0.0,133.1,1.0,9.0,0.0,104.0,1
6.0,14.0,1.0,10.0,7.0,9238.0,19.0,6.0,17.0,0.0,133.1,0.0,9.0,0.0,110.5,2
4.0,11.75,1.0,9.0,8.0,9130.0,50.0,5.0,39.0,0.0,133.1,0.0,9.0,1.0,120.0,2
0.0,0.0,0.0,11.0,7.0,9003.0,27.0,6.0,39.0,0.0,133.1,1.0,9.0,1.0,120.0,0
0.0,0.0,1.0,0.0,0.0,9500.0,18.0,8.0,1.0,0.0,148.0,1.0,4.0,0.0,135.1,0
0.0,0.0,1.0,9.0,7.0,9556.0,36.0,7.0,7.0,1.0,130.0,0.0,9.0,0.0,130.0,0
6.0,12.166666666666666,1.0,12.0,11.0,9853.0,18.0,7.0,18.0,0.0,120.0,0.0,9.0,0.0,115.8,1
6.0,12.5,1.0,8.0,8.0,9070.0,19.0,6.0,1.0,1.0,124.0,1.0,9.0,0.0,138.4,0
6.0,13.333333333333334,1.0,7.0,6.0,9773.0,20.0,6.0,1.0,0.0,122.0,0.0,9.0,0.0,121.0,2
1.0,11.0,1.0,12.0,11.0,9119.0,24.0,5.0,39.0,0.0,139.0,1.0,9.0,1.0,110.3,1
6.0,12.166666666666666,1.0,6.0,7.0,9773.0,18.0,6.0,1.0,0.0,135.0,0.0,4.0,0.0,129.4,2
6.0,13.0,1.0,8.0,6.0,9773.0,22.0,6.0,-1.0,0.0,152.0,0.0,5.0,0.0,152.0,2
12.0,11.384615384615383,0.0,17.0,13.0,9147.0,32.0,13.0,51.0,0.0,140.0,1.0,9.0,0.0,120.4,2
0.0,0.0,1.0,0.0,0.0,171.0,22.0,0.0,43.0,0.0,120.0,0.0,2.0,1.0,120.0,1
9.0,13.11111111111111,1.0,13.0,12.0,9003.0,24.0,10.0,42.0,0.0,120.0,0.0,2.0,1.0,128.2,1
6.0,11.166666666666666,1.0,8.0,7.0,8014.0,27.0,6.0,39.0,0.0,130.0,0.0,9.0,0.0,131.5,2
3.0,14.0,1.0,11.0,19.0,9085.0,18.0,6.0,1.0,0.0,132.0,0.0,6.0,0.0,128.5,0
6.0,13.5,1.0,6.0,7.0,9070.0,20.0,6.0,17.0,0.0,116.0,0.0,9.0,0.0,123.7,2
5.0,11.8,0.0,7.0,6.0,9254.0,18.0,6.0,17.0,0.0,118.0,0.0,9.0,0.0,110.3,1
5.0,12.2,1.0,5.0,6.0,9147.0,18.0,5.0,17.0,1.0,147.0,0.0,5.0,0.0,132.3,2
5.0,16.0,1.0,9.0,10.0,9238.0,24.0,6.0,39.0,0.0,170.0,0.0,9.0,0.0,140.0,1
6.0,13.833333333333334,1.0,7.0,12.0,9085.0,18.0,6.0,1.0,0.0,138.0,0.0,4.0,0.0,128.7,2
6.0,12.571428571428571,1.0,7.0,7.0,9070.0,18.0,6.0,1.0,0.0,145.0,0.0,7.0,1.0,130.0,2
4.0,11.75,1.0,10.0,19.0,9085.0,19.0,6.0,44.0,0.0,140.0,0.0,2.0,0.0,140.0,1
7.0,13.0375,1.0,8.0,10.0,9500.0,19.0,8.0,1.0,1.0,130.0,0.0,9.0,0.0,122.1,2
6.0,12.5,1.0,7.0,6.0,9254.0,21.0,6.0,-1.0,1.0,126.0,0.0,9.0,0.0,118.7,2
3.0,11.333333333333334,1.0,6.0,8.0,9254.0,18.0,5.0,17.0,0.0,120.0,0.0,4.0,1.0,125.5,1
5.0,12.002,1.0,12.0,12.0,9500.0,20.0,8.0,1.0,0.0,125.0,0.0,9.0,1.0,118.3,0
7.0,12.62142857142857,1.0,12.0,7.0,9500.0,19.0,7.0,1.0,0.0,118.0,0.0,3.0,0.0,110.0,1
6.0,14.0,1.0,7.0,6.0,9238.0,23.0,6.0,44.0,1.0,140.0,1.0,4.0,0.0,137.5,2
6.0,11.77142857142857,1.0,9.0,9.0,9500.0,20.0,7.0,1.0,0.0,101.0,0.0,3.0,0.0,102.4,1
2.0,10.0,1.0,13.0,8.0,9147.0,19.0,5.0,1.0,0.0,126.0,1.0,9.0,0.0,115.2,1
8.0,11.875,1.0,18.0,19.0,9853.0,34.0,13.0,42.0,0.0,133.1,0.0,4.0,0.0,100.0,0
0.0,0.0,1.0,10.0,0.0,9238.0,19.0,6.0,1.0,0.0,133.1,0.0,0.0,0.0,137.0,0
7.0,11.4625,1.0,10.0,8.0,9500.0,19.0,7.0,1.0,0.0,125.0,0.0,4.0,0.0,119.4,1
2.0,11.0,1.0,8.0,9.0,9670.0,22.0,5.0,1.0,0.0,117.0,0.0,9.0,0.0,111.8,1
2.0,10.5,0.0,14.0,11.0,9085.0,35.0,5.0,39.0,0.0,110.0,0.0,90.0,0.0,110.0,0
4.0,11.5,1.0,6.0,6.0,9670.0,20.0,5.0,-1.0,0.0,148.9,0.0,9.0,0.0,148.9,2
0.0,0.0,0.0,5.0,10.0,8014.0,24.0,5.0,17.0,0.0,115.0,0.0,5.0,0.0,115.0,0
8.0,13.2,1.0,7.0,9.0,9500.0,18.0,8.0,1.0,0.0,125.0,0.0,9.0,0.0,115.9,2
6.0,11.833333333333334,0.0,11.0,9.0,9853.0,19.0,7.0,1.0,0.0,125.0,1.0,9.0,0.0,125.4,0
6.0,11.708333333333334,1.0,12.0,9.0,9500.0,19.0,7.0,1.0,0.0,117.0,0.0,-1.0,0.0,117.4,1
4.0,11.5,1.0,6.0,10.0,8014.0,24.0,6.0,39.0,1.0,133.1,0.0,4.0,1.0,116.5,1
6.0,11.833333333333334,1.0,10.0,10.0,9500.0,19.0,8.0,1.0,1.0,139.0,0.0,6.0,0.0,121.3,1
10.0,13.3,1.0,17.0,14.0,9003.0,24.0,12.0,39.0,0.0,160.0,1.0,4.0,1.0,167.224,0
6.0,11.0,1.0,14.0,7.0,9238.0,19.0,6.0,-1.0,1.0,126.0,0.0,3.0,0.0,127.1,2
8.0,14.1,1.0,7.0,8.0,9556.0,20.0,8.0,17.0,0.0,115.0,0.0,5.0,0.0,112.2,2
8.0,13.8,1.0,9.0,8.0,9556.0,19.0,8.0,1.0,0.0,132.0,0.0,7.0,0.0,119.0,2
0.0,0.0,0.0,17.0,10.0,9003.0,21.0,6.0,44.0,0.0,140.0,0.0,4.0,1.0,140.0,0
8.0,14.0625,1.0,8.0,8.0,9500.0,18.0,8.0,1.0,0.0,140.0,0.0,7.0,0.0,129.9,0
5.0,12.4,1.0,9.0,9.0,9003.0,21.0,6.0,44.0,0.0,120.0,0.0,2.0,1.0,120.0,2
2.0,11.5,1.0,13.0,14.0,9003.0,20.0,6.0,44.0,0.0,130.0,0.0,2.0,1.0,130.0,1
6.0,12.666666666666666,1.0,7.0,7.0,9773.0,18.0,6.0,17.0,0.0,134.0,0.0,3.0,1.0,129.5,2
4.0,10.333333333333334,1.0,7.0,13.0,9070.0,19.0,6.0,43.0,0.0,117.0,0.0,4.0,1.0,112.5,1
2.0,10.666666666666666,1.0,11.0,9.0,9147.0,19.0,5.0,43.0,0.0,142.0,0.0,-1.0,0.0,115.0,1
6.0,11.166666666666666,1.0,6.0,10.0,9070.0,20.0,6.0,1.0,0.0,116.0,0.0,1.0,0.0,110.8,2
3.0,10.666666666666666,1.0,8.0,10.0,9853.0,20.0,6.0,42.0,0.0,120.0,0.0,3.0,0.0,113.7,0
6.0,10.714285714285714,1.0,10.0,8.0,9238.0,19.0,6.0,1.0,0.0,123.0,0.0,9.0,0.0,115.0,2
4.0,13.666666666666666,1.0,10.0,12.0,9003.0,22.0,6.0,42.0,0.0,140.0,0.0,5.0,0.0,140.0,1
3.0,10.857142857142858,1.0,8.0,10.0,9147.0,19.0,5.0,42.0,0.0,139.0,0.0,2.0,0.0,112.3,1
6.0,14.0,1.0,11.0,6.0,8014.0,29.0,6.0,39.0,0.0,133.1,0.0,4.0,1.0,98.6,2
0.0,0.0,0.0,9.0,6.0,9070.0,19.0,6.0,1.0,0.0,128.0,0.0,3.0,1.0,123.5,0
6.0,12.375,1.0,9.0,9.0,9070.0,20.0,6.0,1.0,1.0,137.0,0.0,9.0,0.0,127.2,2
0.0,0.0,0.0,8.0,0.0,9773.0,18.0,6.0,-1.0,0.0,154.4,0.0,3.0,0.0,154.4,0
2.0,12.5,1.0,9.0,13.0,9147.0,21.0,5.0,1.0,0.0,123.0,0.0,4.0,0.0,118.8,1
7.0,14.085714285714284,1.0,7.0,7.0,9500.0,27.0,7.0,39.0,0.0,110.0,0.0,9.0,1.0,126.0,1
3.0,12.0,1.0,7.0,8.0,9119.0,19.0,5.0,1.0,0.0,126.0,0.0,5.0,1.0,130.2,1
7.0,15.0,1.0,7.0,7.0,9853.0,18.0,7.0,1.0,0.0,143.0,0.0,4.0,0.0,147.2,2
0.0,0.0,1.0,0.0,0.0,171.0,18.0,0.0,1.0,0.0,131.0,0.0,0.0,1.0,149.9,2
6.0,12.333333333333334,1.0,6.0,6.0,9238.0,18.0,6.0,1.0,0.0,135.0,1.0,9.0,0.0,129.4,2
1.0,10.0,1.0,13.0,11.0,9119.0,25.0,5.0,39.0,0.0,133.1,0.0,4.0,1.0,100.0,1
1.0,11.0,1.0,12.0,11.0,9670.0,21.0,6.0,-1.0,0.0,140.0,1.0,3.0,0.0,140.0,1
7.0,14.014285714285714,1.0,8.0,8.0,9500.0,20.0,8.0,1.0,0.0,131.0,0.0,4.0,0.0,122.0,1
6.0,13.0,0.0,9.0,13.0,9085.0,24.0,9.0,-1.0,0.0,130.0,1.0,9.0,0.0,130.0,1
7.0,14.142857142857142,1.0,17.0,10.0,9085.0,27.0,9.0,-1.0,0.0,160.0,0.0,4.0,0.0,155.7,2
0.0,0.0,1.0,0.0,0.0,171.0,18.0,0.0,17.0,1.0,141.0,0.0,9.0,0.0,136.1,1
4.0,12.2,1.0,11.0,12.0,9085.0,23.0,6.0,44.0,0.0,150.0,0.0,-1.0,0.0,150.0,1
12.0,12.176470588235292,1.0,18.0,17.0,171.0,23.0,14.0,18.0,0.0,121.0,0.0,4.0,0.0,116.8,2
8.0,13.1375,1.0,7.0,8.0,9556.0,20.0,8.0,17.0,0.0,112.0,0.0,4.0,0.0,107.1,2
0.0,0.0,1.0,5.0,5.0,9147.0,24.0,5.0,39.0,0.0,140.0,0.0,4.0,0.0,118.0,0
0.0,0.0,1.0,10.0,0.0,9670.0,20.0,6.0,1.0,0.0,126.0,1.0,90.0,1.0,119.0,0
2.0,11.0,1.0,15.0,14.0,8014.0,26.0,6.0,17.0,0.0,119.0,0.0,0.0,0.0,112.4,0
4.0,10.5,1.0,13.0,10.0,9991.0,31.0,5.0,39.0,1.0,160.0,0.0,9.0,0.0,160.0,1
7.0,14.428571428571429,1.0,8.0,8.0,9500.0,21.0,8.0,43.0,1.0,150.0,0.0,9.0,0.0,130.8,2
8.0,15.188888888888888,1.0,7.0,9.0,9500.0,18.0,8.0,1.0,1.0,154.0,0.0,5.0,1.0,144.9,2
9.0,10.444444444444445,1.0,15.0,13.0,9991.0,33.0,10.0,43.0,0.0,140.0,0.0,3.0,0.0,107.8,1
7.0,13.428571428571429,1.0,8.0,8.0,9991.0,31.0,7.0,44.0,0.0,150.0,0.0,6.0,0.0,150.0,1
6.0,13.0,1.0,6.0,8.0,9070.0,20.0,6.0,1.0,1.0,144.0,0.0,3.0,0.0,127.2,2
0.0,0.0,1.0,0.0,0.0,9853.0,19.0,6.0,18.0,0.0,123.0,0.0,9.0,0.0,117.4,0
3.0,12.333333333333334,1.0,11.0,11.0,9147.0,18.0,5.0,1.0,0.0,135.0,0.0,9.0,1.0,126.3,1
5.0,12.4,1.0,8.0,7.0,9853.0,19.0,6.0,17.0,1.0,150.0,0.0,5.0,0.0,142.0,0
4.0,13.666666666666666,1.0,10.0,12.0,9003.0,22.0,6.0,42.0,0.0,140.0,0.0,5.0,0.0,140.0,1
6.0,14.266666666666666,1.0,7.0,7.0,9500.0,19.0,7.0,1.0,0.0,130.0,0.0,9.0,0.0,135.0,2
6.0,12.5,1.0,6.0,6.0,8014.0,23.0,6.0,1.0,1.0,100.0,0.0,6.0,0.0,112.8,2
8.0,14.655555555555557,1.0,7.0,9.0,9500.0,18.0,8.0,17.0,0.0,137.0,0.0,4.0,0.0,127.6,2
6.0,14.666666666666666,1.0,7.0,6.0,9773.0,18.0,6.0,1.0,0.0,138.0,0.0,2.0,0.0,135.9,2
8.0,14.622222222222224,1.0,8.0,9.0,9500.0,21.0,8.0,1.0,0.0,123.0,0.0,3.0,0.0,113.6,2
7.0,12.545714285714286,1.0,11.0,11.0,9500.0,19.0,8.0,1.0,0.0,123.0,0.0,7.0,0.0,120.8,2
6.0,13.5,1.0,12.0,9.0,9500.0,30.0,7.0,39.0,0.0,120.0,1.0,-1.0,1.0,125.3,1
3.0,12.333333333333334,1.0,17.0,14.0,9773.0,22.0,6.0,43.0,0.0,128.0,0.0,9.0,1.0,124.2,1
8.0,14.035,1.0,8.0,8.0,9500.0,18.0,8.0,1.0,0.0,157.0,0.0,5.0,0.0,149.3,2
7.0,13.242857142857144,1.0,8.0,8.0,9500.0,18.0,8.0,1.0,1.0,131.0,0.0,9.0,0.0,118.0,1
6.0,12.766666666666666,1.0,7.0,7.0,9500.0,19.0,7.0,1.0,0.0,140.0,0.0,9.0,0.0,138.8,2
7.0,12.242857142857144,1.0,8.0,8.0,9500.0,18.0,8.0,1.0,0.0,142.0,0.0,9.0,0.0,129.8,2
5.0,11.1,1.0,11.0,9.0,9500.0,19.0,7.0,1.0,1.0,122.0,0.0,4.0,0.0,114.8,1
5.0,13.5,1.0,12.0,7.0,9500.0,28.0,7.0,39.0,0.0,133.1,1.0,5.0,0.0,121.4,1
4.0,10.5,1.0,8.0,8.0,9853.0,21.0,6.0,17.0,0.0,132.0,0.0,0.0,0.0,131.3,0
6.0,14.555555555555555,1.0,6.0,11.0,9670.0,18.0,6.0,1.0,0.0,123.0,0.0,9.0,0.0,117.8,2
7.0,12.0,1.0,12.0,9.0,9991.0,31.0,7.0,44.0,0.0,130.0,0.0,9.0,0.0,130.0,1
5.0,11.4,1.0,8.0,9.0,9254.0,18.0,6.0,1.0,1.0,121.0,0.0,9.0,0.0,124.2,2
0.0,0.0,1.0,0.0,0.0,171.0,19.0,0.0,1.0,0.0,149.0,0.0,2.0,1.0,151.1,2
4.0,11.75,1.0,13.0,8.0,9085.0,19.0,5.0,17.0,0.0,123.0,0.0,4.0,0.0,113.6,1
0.0,0.0,1.0,15.0,12.0,9254.0,18.0,6.0,17.0,0.0,129.0,0.0,9.0,0.0,122.0,0
6.0,13.166666666666666,1.0,7.0,7.0,9991.0,26.0,6.0,44.0,1.0,140.0,0.0,9.0,0.0,140.0,1
11.0,11.25,1.0,19.0,19.0,171.0,22.0,14.0,17.0,0.0,146.0,1.0,9.0,0.0,135.5,1
0.0,0.0,1.0,12.0,10.0,8014.0,38.0,5.0,17.0,0.0,100.0,0.0,90.0,0.0,107.0,0
4.0,11.75,1.0,10.0,9.0,9147.0,19.0,5.0,17.0,0.0,129.0,0.0,2.0,0.0,128.3,1
4.0,12.0,1.0,10.0,8.0,9147.0,33.0,5.0,7.0,0.0,110.0,0.0,9.0,0.0,110.0,1
0.0,0.0,0.0,14.0,16.0,9254.0,20.0,6.0,17.0,0.0,114.0,1.0,9.0,0.0,127.3,0
0.0,0.0,1.0,0.0,0.0,9991.0,27.0,5.0,39.0,0.0,133.1,0.0,9.0,1.0,154.4,0
3.0,11.666666666666666,0.0,11.0,9.0,9500.0,30.0,7.0,39.0,0.0,130.0,1.0,4.0,0.0,140.0,0
0.0,0.0,0.0,0.0,0.0,9500.0,39.0,8.0,7.0,0.0,140.0,0.0,4.0,0.0,140.0,0
2.0,13.5,1.0,15.0,6.0,9147.0,18.0,5.0,1.0,0.0,143.0,1.0,5.0,1.0,152.1,0
5.0,11.77777777777778,1.0,11.0,12.0,9003.0,20.0,6.0,44.0,0.0,140.0,0.0,4.0,1.0,140.0,1
8.0,14.38888888888889,1.0,7.0,9.0,9500.0,18.0,8.0,1.0,0.0,148.0,0.0,4.0,1.0,137.5,2
8.0,15.622222222222222,1.0,8.0,9.0,9500.0,18.0,8.0,18.0,0.0,137.0,0.0,3.0,0.0,126.7,0
4.0,11.5,1.0,9.0,6.0,9254.0,24.0,6.0,1.0,0.0,117.0,0.0,9.0,0.0,116.3,0
0.0,0.0,1.0,12.0,12.0,9773.0,18.0,6.0,1.0,0.0,127.0,0.0,9.0,0.0,123.2,1
0.0,0.0,1.0,0.0,0.0,171.0,19.0,0.0,1.0,0.0,141.0,0.0,5.0,1.0,135.8,0
12.0,11.833333333333334,1.0,16.0,16.0,9991.0,38.0,14.0,43.0,0.0,110.0,0.0,9.0,0.0,112.9,0
5.0,11.4,1.0,6.0,8.0,9070.0,18.0,6.0,17.0,0.0,131.0,0.0,5.0,1.0,120.2,1
4.0,10.25,1.0,10.0,8.0,9853.0,18.0,6.0,1.0,0.0,121.0,0.0,7.0,0.0,120.0,1
8.0,12.55,1.0,7.0,10.0,9500.0,19.0,8.0,17.0,1.0,136.0,0.0,9.0,0.0,129.0,2
3.0,10.333333333333334,1.0,13.0,12.0,9238.0,19.0,6.0,1.0,0.0,135.0,0.0,5.0,0.0,121.0,1
5.0,12.8,1.0,8.0,9.0,9254.0,20.0,6.0,1.0,1.0,122.0,0.0,3.0,0.0,114.3,1
8.0,13.90625,1.0,7.0,8.0,9500.0,18.0,8.0,17.0,1.0,133.0,0.0,5.0,1.0,126.4,2
5.0,13.76,1.0,10.0,7.0,9500.0,19.0,7.0,1.0,0.0,138.0,0.0,9.0,0.0,127.5,1
0.0,0.0,1.0,5.0,0.0,8014.0,27.0,6.0,7.0,0.0,170.0,0.0,4.0,0.0,167.224,0
7.0,11.4625,1.0,10.0,8.0,9500.0,19.0,7.0,1.0,0.0,125.0,0.0,4.0,0.0,119.4,1
3.0,13.666666666666666,1.0,11.0,12.0,9085.0,21.0,6.0,43.0,0.0,127.0,0.0,2.0,0.0,100.0,1
5.0,16.0,1.0,10.0,5.0,9991.0,37.0,5.0,42.0,0.0,123.0,0.0,9.0,1.0,123.0,1
11.0,11.363636363636363,0.0,21.0,19.0,9991.0,23.0,14.0,43.0,0.0,130.0,0.0,9.0,1.0,126.5,0
0.0,0.0,1.0,0.0,0.0,9670.0,18.0,6.0,17.0,0.0,127.0,0.0,1.0,1.0,121.4,0
0.0,0.0,1.0,8.0,5.0,9119.0,21.0,5.0,17.0,0.0,132.0,0.0,9.0,1.0,119.4,0
11.0,12.272727272727272,1.0,12.0,11.0,9070.0,20.0,11.0,51.0,0.0,130.0,1.0,2.0,0.0,122.2,2
2.0,10.0,1.0,8.0,11.0,9147.0,22.0,5.0,1.0,0.0,127.0,0.0,5.0,0.0,129.8,0
0.0,0.0,1.0,6.0,6.0,8014.0,34.0,6.0,39.0,0.0,155.0,0.0,4.0,0.0,117.5,1
3.0,11.7,1.0,21.0,19.0,9556.0,31.0,8.0,39.0,0.0,160.0,0.0,9.0,0.0,120.0,0
6.0,13.666666666666666,1.0,6.0,6.0,9773.0,18.0,6.0,17.0,1.0,126.0,0.0,9.0,0.0,118.7,2
4.0,11.5,1.0,10.0,7.0,9147.0,20.0,5.0,17.0,0.0,120.0,0.0,2.0,0.0,112.0,1
1.0,12.0,0.0,11.0,9.0,9991.0,29.0,5.0,39.0,0.0,133.1,0.0,9.0,1.0,149.4,0
6.0,14.233333333333334,1.0,7.0,7.0,9500.0,18.0,7.0,1.0,0.0,142.0,0.0,5.0,0.0,128.8,2
8.0,13.9125,1.0,7.0,8.0,9500.0,32.0,8.0,39.0,0.0,130.0,0.0,4.0,1.0,126.0,2
6.0,14.5,1.0,6.0,6.0,9773.0,18.0,6.0,1.0,0.0,137.0,0.0,5.0,1.0,129.3,2
6.0,14.5,1.0,6.0,6.0,9070.0,20.0,6.0,1.0,1.0,127.0,0.0,9.0,0.0,123.2,2
4.0,11.75,1.0,10.0,10.0,9254.0,20.0,6.0,17.0,1.0,108.0,0.0,9.0,0.0,108.0,2
7.0,13.75,1.0,15.0,15.0,9085.0,21.0,9.0,-1.0,1.0,150.0,0.0,3.0,1.0,150.3,2
4.0,11.75,0.0,9.0,9.0,9773.0,18.0,6.0,17.0,0.0,126.0,1.0,5.0,0.0,129.5,0
3.0,11.333333333333334,1.0,14.0,11.0,9254.0,22.0,6.0,17.0,0.0,122.0,0.0,4.0,0.0,112.9,1
5.0,11.166666666666666,1.0,5.0,6.0,9991.0,35.0,5.0,39.0,0.0,160.0,0.0,9.0,0.0,160.0,2
5.0,15.4,1.0,5.0,6.0,9085.0,18.0,5.0,1.0,0.0,131.0,0.0,90.0,0.0,137.0,2
8.0,14.445,1.0,8.0,8.0,9500.0,18.0,8.0,1.0,0.0,149.0,0.0,4.0,0.0,134.8,2
1.0,14.0,1.0,8.0,5.0,9147.0,24.0,5.0,39.0,0.0,143.0,0.0,4.0,1.0,100.0,0
4.0,11.25,1.0,15.0,8.0,9773.0,23.0,6.0,43.0,0.0,121.0,0.0,4.0,1.0,121.0,1
7.0,14.13714285714286,1.0,8.0,8.0,9500.0,18.0,8.0,1.0,0.0,139.0,0.0,9.0,0.0,131.5,2
5.0,11.0,1.0,8.0,12.0,9238.0,19.0,6.0,1.0,1.0,147.0,0.0,9.0,0.0,135.8,0
5.0,11.125,1.0,9.0,8.0,9991.0,48.0,5.0,39.0,0.0,170.0,0.0,9.0,1.0,151.1,2
0.0,0.0,1.0,7.0,6.0,9070.0,18.0,6.0,17.0,0.0,134.0,0.0,5.0,1.0,133.3,0
6.0,13.142857142857142,1.0,8.0,7.0,9670.0,18.0,6.0,1.0,1.0,141.0,0.0,4.0,0.0,132.6,2
6.0,12.666666666666666,1.0,7.0,7.0,9500.0,19.0,7.0,1.0,0.0,129.0,0.0,9.0,0.0,128.8,2
0.0,0.0,0.0,14.0,6.0,9670.0,31.0,6.0,39.0,0.0,140.0,0.0,9.0,1.0,148.0,0
4.0,11.75,1.0,10.0,19.0,9085.0,19.0,6.0,44.0,0.0,140.0,0.0,2.0,0.0,140.0,1
6.0,11.666666666666666,1.0,8.0,6.0,9238.0,18.0,6.0,1.0,0.0,126.0,0.0,0.0,0.0,121.5,2
0.0,0.0,1.0,6.0,8.0,9003.0,23.0,6.0,44.0,0.0,120.0,0.0,3.0,1.0,120.0,1
5.0,13.4,1.0,7.0,9.0,9003.0,24.0,6.0,39.0,0.0,133.1,0.0,-1.0,1.0,129.8,1
4.0,11.25,1.0,10.0,7.0,9085.0,20.0,5.0,44.0,0.0,150.0,0.0,5.0,0.0,150.0,1
0.0,0.0,0.0,0.0,0.0,9500.0,19.0,8.0,1.0,0.0,135.0,0.0,2.0,0.0,123.0,0
1.0,13.0,0.0,13.0,15.0,8014.0,34.0,7.0,43.0,0.0,133.1,0.0,0.0,0.0,100.0,0
6.0,11.5,1.0,12.0,9.0,9238.0,18.0,6.0,1.0,1.0,142.0,0.0,4.0,0.0,127.3,2
9.0,11.333333333333334,1.0,15.0,17.0,9991.0,28.0,10.0,43.0,0.0,140.0,0.0,5.0,0.0,117.3,1
5.0,13.0,1.0,10.0,12.0,9003.0,24.0,6.0,44.0,0.0,140.0,0.0,9.0,0.0,140.0,1
6.0,13.0,1.0,6.0,6.0,9070.0,19.0,6.0,18.0,1.0,138.0,0.0,9.0,0.0,125.1,2
0.0,0.0,0.0,0.0,0.0,9254.0,19.0,6.0,1.0,0.0,120.0,0.0,3.0,1.0,114.8,0
0.0,0.0,0.0,0.0,2.0,9130.0,22.0,2.0,17.0,0.0,122.0,0.0,9.0,0.0,121.7,0
5.0,12.6,1.0,10.0,6.0,9991.0,35.0,5.0,39.0,1.0,110.0,0.0,3.0,1.0,119.0,2
5.0,14.333333333333334,1.0,8.0,9.0,9670.0,21.0,6.0,17.0,0.0,133.1,0.0,4.0,1.0,150.0,2
0.0,0.0,1.0,5.0,0.0,9119.0,20.0,5.0,1.0,0.0,130.0,0.0,9.0,1.0,140.2,0
0.0,0.0,1.0,7.0,6.0,9670.0,19.0,6.0,1.0,0.0,133.1,0.0,4.0,1.0,98.6,0
8.0,11.875,1.0,18.0,19.0,9853.0,34.0,13.0,42.0,0.0,133.1,0.0,4.0,0.0,100.0,0
0.0,0.0,1.0,12.0,0.0,9773.0,18.0,6.0,-1.0,0.0,151.0,0.0,0.0,0.0,151.0,0
5.0,11.8,1.0,8.0,7.0,9238.0,21.0,6.0,17.0,1.0,128.0,0.0,-1.0,0.0,118.6,1
5.0,14.0,1.0,5.0,5.0,9670.0,19.0,5.0,17.0,0.0,123.0,0.0,3.0,0.0,116.7,2
5.0,14.2,1.0,5.0,5.0,9670.0,19.0,5.0,17.0,0.0,124.0,0.0,5.0,0.0,124.4,2
0.0,0.0,0.0,5.0,5.0,9991.0,47.0,5.0,43.0,0.0,120.0,0.0,9.0,1.0,107.0,0
2.0,12.5,1.0,8.0,6.0,9238.0,21.0,6.0,44.0,0.0,140.0,1.0,-1.0,0.0,136.1,1
5.0,14.0,1.0,5.0,5.0,9147.0,18.0,5.0,1.0,0.0,127.0,0.0,4.0,0.0,121.8,2
4.0,12.75,1.0,13.0,16.0,9085.0,18.0,6.0,1.0,0.0,125.0,0.0,3.0,0.0,126.8,1
0.0,0.0,1.0,0.0,0.0,171.0,18.0,0.0,1.0,1.0,163.0,0.0,4.0,0.0,149.7,0
3.0,12.333333333333334,1.0,12.0,14.0,9500.0,36.0,7.0,39.0,0.0,133.1,0.0,9.0,0.0,110.0,0
6.0,13.483333333333334,1.0,7.0,7.0,9500.0,23.0,7.0,1.0,0.0,127.0,0.0,3.0,1.0,121.5,2
0.0,0.0,1.0,0.0,0.0,9238.0,22.0,6.0,17.0,0.0,160.0,0.0,6.0,1.0,144.3,0
3.0,12.0,1.0,11.0,9.0,9130.0,18.0,5.0,43.0,0.0,127.0,1.0,4.0,0.0,120.7,1
6.0,13.625,1.0,8.0,10.0,9119.0,18.0,6.0,17.0,1.0,120.0,0.0,9.0,1.0,117.2,1
1.0,10.0,1.0,9.0,8.0,9130.0,28.0,6.0,39.0,0.0,150.0,0.0,4.0,1.0,150.0,0
5.0,12.0,1.0,10.0,8.0,9853.0,23.0,6.0,-1.0,1.0,134.0,0.0,9.0,0.0,121.4,1
6.0,14.166666666666666,1.0,6.0,6.0,8014.0,21.0,6.0,44.0,1.0,160.0,0.0,7.0,0.0,156.1,2
6.0,14.714285714285714,1.0,7.0,7.0,9130.0,18.0,6.0,1.0,0.0,161.0,0.0,4.0,0.0,152.3,2
8.0,13.125555555555556,1.0,9.0,9.0,9500.0,19.0,8.0,1.0,0.0,137.0,0.0,7.0,0.0,126.0,2
0.0,0.0,1.0,8.0,9.0,9119.0,34.0,5.0,39.0,0.0,110.0,0.0,9.0,1.0,106.8,0
5.0,14.2,1.0,6.0,7.0,9670.0,18.0,6.0,1.0,0.0,139.0,0.0,5.0,0.0,130.6,2
9.0,12.77777777777778,1.0,13.0,18.0,171.0,20.0,11.0,1.0,0.0,133.1,0.0,2.0,0.0,128.2,2
8.0,14.0625,1.0,8.0,8.0,9500.0,18.0,8.0,1.0,0.0,140.0,0.0,7.0,0.0,129.9,0
0.0,0.0,0.0,8.0,5.0,9119.0,24.0,5.0,18.0,0.0,122.0,1.0,90.0,1.0,116.1,0
4.0,10.5,1.0,13.0,10.0,9991.0,31.0,5.0,39.0,1.0,160.0,0.0,9.0,0.0,160.0,1
4.0,10.5,1.0,13.0,11.0,9085.0,28.0,5.0,39.0,0.0,130.0,0.0,9.0,0.0,130.0,1
6.0,14.566666666666668,1.0,7.0,7.0,9500.0,19.0,7.0,1.0,0.0,130.0,0.0,1.0,0.0,120.0,2
4.0,13.5,1.0,13.0,12.0,9070.0,21.0,12.0,51.0,0.0,122.0,0.0,9.0,1.0,128.8,0
0.0,0.0,1.0,14.0,5.0,9147.0,20.0,5.0,17.0,0.0,133.1,0.0,4.0,1.0,98.6,0
4.0,13.75,1.0,10.0,9.0,9670.0,46.0,6.0,39.0,0.0,133.1,0.0,9.0,0.0,135.6,0
4.0,11.75,1.0,10.0,5.0,9147.0,19.0,5.0,17.0,0.0,118.0,0.0,9.0,1.0,118.4,1
3.0,11.0,1.0,10.0,9.0,9147.0,21.0,5.0,1.0,0.0,122.0,0.0,4.0,1.0,116.4,1
8.0,14.26875,1.0,8.0,8.0,9500.0,18.0,8.0,1.0,0.0,143.0,0.0,7.0,0.0,133.8,1
12.0,12.307692307692308,1.0,17.0,19.0,9003.0,19.0,12.0,1.0,0.0,148.0,0.0,9.0,1.0,131.6,2
3.0,11.0,1.0,10.0,7.0,9119.0,18.0,5.0,1.0,0.0,131.0,0.0,4.0,1.0,135.9,1
6.0,14.166666666666666,1.0,6.0,6.0,9773.0,18.0,6.0,17.0,0.0,125.0,0.0,5.0,0.0,115.9,2
5.0,16.0,1.0,6.0,8.0,9119.0,18.0,5.0,17.0,0.0,148.0,0.0,4.0,1.0,148.7,2
1.0,11.0,1.0,12.0,11.0,9670.0,21.0,6.0,-1.0,0.0,140.0,1.0,3.0,0.0,140.0,1
6.0,11.333333333333334,1.0,10.0,10.0,8014.0,23.0,8.0,44.0,0.0,130.0,0.0,6.0,0.0,130.0,2
9.0,11.333333333333334,1.0,17.0,13.0,9991.0,28.0,13.0,51.0,0.0,120.0,0.0,4.0,1.0,118.1,0
6.0,12.5,1.0,7.0,7.0,9773.0,19.0,6.0,1.0,0.0,118.0,0.0,9.0,0.0,113.8,2
3.0,11.666666666666666,1.0,11.0,11.0,9773.0,19.0,6.0,1.0,1.0,122.0,0.0,9.0,0.0,126.9,1
3.0,12.333333333333334,1.0,9.0,9.0,9119.0,18.0,5.0,17.0,1.0,138.0,0.0,4.0,1.0,125.4,0
8.0,15.127777777777778,1.0,7.0,9.0,9500.0,19.0,8.0,1.0,0.0,138.0,0.0,5.0,0.0,128.0,2
5.0,11.4,1.0,7.0,11.0,9147.0,18.0,5.0,17.0,1.0,131.0,0.0,5.0,0.0,128.9,2
3.0,13.666666666666666,1.0,11.0,13.0,9238.0,22.0,6.0,1.0,0.0,157.0,0.0,1.0,0.0,136.7,1
7.0,12.401428571428571,1.0,8.0,8.0,9500.0,24.0,8.0,39.0,0.0,122.0,0.0,4.0,0.0,135.8,2
5.0,14.2,0.0,5.0,5.0,9119.0,18.0,5.0,1.0,1.0,150.0,0.0,3.0,1.0,143.4,1
5.0,11.6,1.0,5.0,8.0,9147.0,19.0,5.0,1.0,1.0,122.0,0.0,9.0,0.0,120.6,2
6.0,13.11111111111111,1.0,7.0,10.0,9085.0,19.0,6.0,1.0,1.0,138.0,0.0,1.0,0.0,123.3,2
4.0,12.625,1.0,8.0,9.0,9147.0,20.0,5.0,-1.0,1.0,132.0,0.0,9.0,0.0,122.6,1
6.0,13.166666666666666,1.0,7.0,8.0,9254.0,20.0,6.0,1.0,1.0,132.0,0.0,9.0,1.0,120.1,2
5.0,12.4,1.0,11.0,7.0,9085.0,18.0,5.0,-1.0,0.0,134.0,0.0,-1.0,1.0,123.9,1
0.0,0.0,1.0,17.0,6.0,9085.0,28.0,6.0,39.0,0.0,140.0,1.0,-1.0,0.0,129.3,1
12.0,11.5,1.0,21.0,13.0,9003.0,35.0,13.0,43.0,0.0,150.0,0.0,4.0,1.0,150.0,2
0.0,0.0,1.0,0.0,0.0,9670.0,19.0,6.0,43.0,0.0,139.0,0.0,3.0,0.0,120.8,0
6.0,14.666666666666666,1.0,7.0,7.0,9085.0,27.0,6.0,39.0,0.0,130.0,0.0,3.0,0.0,160.0,2
0.0,0.0,1.0,11.0,12.0,9085.0,26.0,5.0,39.0,0.0,133.1,0.0,7.0,0.0,104.0,0
0.0,0.0,1.0,12.0,0.0,9773.0,19.0,6.0,17.0,0.0,117.0,0.0,0.0,1.0,120.5,0
3.0,12.0,1.0,7.0,9.0,9773.0,20.0,6.0,1.0,0.0,127.0,0.0,4.0,1.0,122.8,1
5.0,14.0,1.0,8.0,8.0,9670.0,18.0,6.0,1.0,0.0,120.0,0.0,4.0,0.0,115.5,2
0.0,0.0,1.0,9.0,6.0,9130.0,37.0,6.0,7.0,0.0,110.0,0.0,4.0,1.0,110.0,0
4.0,16.0,1.0,9.0,11.0,9070.0,38.0,6.0,43.0,0.0,160.0,0.0,4.0,1.0,100.0,1
0.0,0.0,1.0,6.0,6.0,9003.0,27.0,6.0,39.0,0.0,160.0,0.0,-1.0,1.0,140.0,1
4.0,12.25,1.0,12.0,7.0,9773.0,20.0,6.0,17.0,0.0,121.0,0.0,5.0,1.0,123.1,2
7.0,12.355714285714283,1.0,8.0,8.0,9500.0,19.0,8.0,1.0,1.0,131.0,0.0,7.0,0.0,125.3,2
8.0,13.39125,1.0,8.0,8.0,9500.0,18.0,8.0,1.0,1.0,141.0,0.0,7.0,0.0,132.5,2
5.0,12.2,1.0,8.0,10.0,9254.0,23.0,6.0,1.0,0.0,160.0,0.0,9.0,1.0,140.8,1
3.0,12.333333333333334,1.0,12.0,14.0,9500.0,36.0,7.0,39.0,0.0,133.1,0.0,9.0,0.0,110.0,0
5.0,12.4,1.0,6.0,6.0,9070.0,22.0,6.0,1.0,1.0,140.0,0.0,5.0,1.0,131.3,2
0.0,0.0,1.0,0.0,0.0,171.0,18.0,0.0,1.0,1.0,126.0,0.0,4.0,1.0,130.2,0
5.0,13.0,1.0,8.0,7.0,9670.0,18.0,6.0,1.0,1.0,141.0,0.0,5.0,1.0,126.3,2
1.0,16.0,1.0,2.0,4.0,9556.0,18.0,4.0,43.0,0.0,147.0,0.0,3.0,0.0,100.0,1
6.0,11.5,1.0,6.0,6.0,9773.0,18.0,6.0,1.0,1.0,140.0,0.0,4.0,1.0,131.6,2
8.0,14.955555555555556,1.0,7.0,9.0,9500.0,18.0,8.0,1.0,0.0,147.0,0.0,4.0,0.0,136.7,2
9.0,11.333333333333334,1.0,15.0,17.0,9991.0,28.0,10.0,43.0,0.0,140.0,0.0,5.0,0.0,117.3,1
5.0,13.6,1.0,7.0,5.0,9085.0,18.0,5.0,1.0,0.0,136.0,0.0,9.0,0.0,130.8,2
6.0,10.375,1.0,10.0,15.0,9070.0,18.0,6.0,1.0,0.0,132.0,0.0,2.0,0.0,136.6,1
3.0,11.0,1.0,10.0,7.0,9119.0,18.0,5.0,1.0,0.0,131.0,0.0,4.0,1.0,135.9,1
7.0,13.571428571428571,1.0,14.0,10.0,9085.0,21.0,7.0,43.0,0.0,130.0,0.0,90.0,0.0,125.1,2
5.0,12.142857142857142,1.0,6.0,8.0,9085.0,18.0,5.0,17.0,0.0,128.0,0.0,9.0,1.0,116.5,2
2.0,16.0,0.0,6.0,7.0,9119.0,24.0,7.0,44.0,0.0,160.0,1.0,2.0,1.0,160.0,0
3.0,12.75,1.0,12.0,12.0,9003.0,22.0,6.0,44.0,0.0,150.0,0.0,1.0,1.0,150.0,1
5.0,11.4,1.0,8.0,7.0,9991.0,38.0,5.0,1.0,1.0,140.0,0.0,9.0,0.0,139.0,1
6.0,13.166666666666666,1.0,10.0,9.0,9853.0,19.0,7.0,18.0,0.0,117.0,0.0,4.0,0.0,113.5,2
7.0,13.857142857142858,1.0,8.0,8.0,9500.0,18.0,8.0,1.0,1.0,144.0,0.0,9.0,0.0,127.5,2
6.0,13.0,1.0,6.0,6.0,9670.0,18.0,6.0,1.0,1.0,133.0,0.0,9.0,1.0,128.1,0
6.0,14.428571428571429,1.0,7.0,7.0,9773.0,19.0,6.0,1.0,1.0,140.0,0.0,9.0,0.0,136.9,2
1.0,11.0,1.0,7.0,8.0,9991.0,30.0,5.0,39.0,0.0,133.1,0.0,9.0,1.0,138.4,0
0.0,0.0,1.0,0.0,0.0,171.0,19.0,0.0,1.0,1.0,170.0,0.0,-1.0,0.0,167.224,0
0.0,0.0,1.0,0.0,0.0,171.0,34.0,0.0,43.0,0.0,140.0,0.0,9.0,0.0,140.0,0
2.0,12.666666666666666,1.0,12.0,13.0,9085.0,21.0,6.0,1.0,0.0,101.0,0.0,4.0,0.0,98.9,1
0.0,0.0,1.0,12.0,0.0,9773.0,18.0,6.0,-1.0,0.0,151.0,0.0,0.0,0.0,151.0,0
12.0,13.357142857142858,1.0,17.0,14.0,9238.0,29.0,13.0,43.0,1.0,142.0,0.0,-1.0,0.0,131.9,2
0.0,0.0,1.0,0.0,0.0,9853.0,19.0,6.0,17.0,0.0,145.0,0.0,4.0,0.0,127.9,0
0.0,0.0,1.0,0.0,0.0,9853.0,19.0,6.0,17.0,0.0,145.0,0.0,4.0,0.0,127.9,0
0.0,0.0,1.0,0.0,0.0,171.0,20.0,0.0,17.0,0.0,125.0,0.0,7.0,0.0,143.9,1
3.0,13.25,1.0,7.0,9.0,9119.0,18.0,5.0,18.0,0.0,136.0,0.0,5.0,1.0,122.7,0
4.0,11.5,1.0,9.0,10.0,9085.0,20.0,6.0,44.0,0.0,140.0,0.0,3.0,0.0,140.0,1
0.0,0.0,1.0,13.0,6.0,8014.0,24.0,6.0,43.0,0.0,131.0,0.0,-1.0,1.0,125.0,0
7.0,13.314285714285717,1.0,8.0,8.0,9500.0,19.0,8.0,1.0,1.0,136.0,0.0,9.0,0.0,123.8,2
3.0,10.666666666666666,1.0,12.0,12.0,9254.0,23.0,6.0,44.0,0.0,130.0,1.0,-1.0,1.0,130.0,1
5.0,15.8,1.0,7.0,5.0,9991.0,33.0,5.0,7.0,0.0,140.0,0.0,3.0,0.0,140.0,2
8.0,12.575,1.0,7.0,8.0,9500.0,20.0,8.0,1.0,1.0,122.0,1.0,3.0,1.0,116.6,2
12.0,12.384615384615383,1.0,19.0,13.0,9003.0,41.0,13.0,43.0,0.0,133.1,0.0,9.0,1.0,136.0,2
2.0,15.0,1.0,12.0,11.0,9130.0,20.0,6.0,44.0,0.0,140.0,0.0,4.0,1.0,140.0,1
5.0,15.142857142857142,1.0,10.0,7.0,9130.0,19.0,5.0,43.0,0.0,100.0,0.0,3.0,0.0,100.0,1
5.0,11.285714285714286,1.0,9.0,11.0,9119.0,18.0,5.0,17.0,0.0,138.0,1.0,5.0,1.0,123.3,1
8.0,15.7425,1.0,10.0,8.0,9500.0,18.0,8.0,1.0,0.0,150.0,0.0,4.0,0.0,137.8,2
12.0,12.923076923076923,1.0,19.0,13.0,9003.0,23.0,13.0,17.0,1.0,120.0,0.0,5.0,1.0,131.4,2
6.0,12.5,1.0,6.0,6.0,9238.0,22.0,6.0,1.0,1.0,108.0,0.0,9.0,0.0,110.5,2
3.0,10.5,1.0,15.0,6.0,9147.0,19.0,5.0,-1.0,0.0,126.0,0.0,5.0,0.0,117.3,1
3.0,11.0,1.0,9.0,6.0,9147.0,20.0,5.0,1.0,0.0,133.0,0.0,5.0,1.0,121.8,1
4.0,13.857142857142858,1.0,6.0,9.0,9147.0,19.0,5.0,1.0,1.0,129.0,0.0,9.0,0.0,117.8,1
3.0,11.666666666666666,1.0,11.0,11.0,9085.0,21.0,5.0,43.0,0.0,160.0,0.0,9.0,1.0,120.0,1
0.0,0.0,0.0,9.0,10.0,9085.0,28.0,4.0,7.0,0.0,130.0,0.0,1.0,0.0,130.0,0
3.0,13.333333333333334,1.0,10.0,12.0,9991.0,37.0,5.0,39.0,0.0,133.1,1.0,6.0,1.0,140.0,0
3.0,10.0,1.0,9.0,9.0,9238.0,19.0,6.0,1.0,1.0,125.0,1.0,9.0,0.0,114.9,1
5.0,12.0,1.0,6.0,7.0,9991.0,35.0,5.0,39.0,0.0,140.0,1.0,9.0,1.0,150.0,0
0.0,0.0,1.0,0.0,0.0,171.0,18.0,0.0,1.0,0.0,159.0,0.0,2.0,1.0,165.7,0
6.0,15.166666666666666,1.0,7.0,6.0,9070.0,18.0,6.0,1.0,0.0,170.0,0.0,2.0,1.0,165.8,2
6.0,11.833333333333334,0.0,11.0,9.0,9853.0,19.0,7.0,1.0,0.0,125.0,1.0,9.0,0.0,125.4,0
7.0,15.114285714285714,1.0,8.0,8.0,9500.0,19.0,8.0,17.0,1.0,150.0,0.0,9.0,0.0,130.3,2
0.0,0.0,0.0,0.0,0.0,9500.0,23.0,8.0,7.0,0.0,120.0,0.0,7.0,1.0,120.0,0
8.0,12.5125,1.0,11.0,11.0,9556.0,19.0,8.0,18.0,1.0,140.0,0.0,9.0,0.0,122.8,2
9.0,12.555555555555555,1.0,9.0,9.0,9070.0,25.0,9.0,44.0,0.0,140.0,0.0,4.0,1.0,140.0,2
4.0,13.0,1.0,10.0,9.0,9254.0,20.0,6.0,1.0,0.0,111.0,0.0,3.0,1.0,112.4,2
7.0,12.814285714285717,1.0,10.0,7.0,9556.0,19.0,7.0,17.0,0.0,133.0,0.0,4.0,0.0,119.0,1
5.0,11.6,1.0,8.0,8.0,9254.0,19.0,6.0,17.0,0.0,102.0,0.0,7.0,0.0,102.0,2
8.0,14.055555555555555,1.0,7.0,9.0,9500.0,19.0,8.0,1.0,0.0,150.0,0.0,5.0,0.0,155.6,2
7.0,14.178571428571429,1.0,8.0,9.0,9500.0,20.0,8.0,1.0,1.0,136.0,0.0,9.0,0.0,131.5,2
3.0,13.666666666666666,1.0,12.0,11.0,9070.0,21.0,8.0,43.0,0.0,115.0,1.0,1.0,1.0,115.0,0
4.0,12.75,1.0,7.0,6.0,9670.0,21.0,5.0,17.0,0.0,115.0,0.0,5.0,0.0,117.1,1
0.0,0.0,0.0,7.0,0.0,9003.0,34.0,6.0,39.0,0.0,168.0,1.0,9.0,1.0,153.9,0
0.0,0.0,1.0,0.0,0.0,9147.0,47.0,5.0,39.0,0.0,133.1,0.0,9.0,0.0,110.0,0
0.0,0.0,1.0,0.0,0.0,9773.0,18.0,6.0,17.0,0.0,131.0,0.0,0.0,1.0,129.3,0
4.0,16.0,1.0,9.0,11.0,9070.0,38.0,6.0,43.0,0.0,160.0,0.0,4.0,1.0,100.0,1
8.0,13.38125,1.0,8.0,8.0,9500.0,20.0,8.0,1.0,1.0,137.0,0.0,5.0,0.0,131.5,2
4.0,10.5,1.0,8.0,8.0,9853.0,21.0,6.0,17.0,0.0,132.0,0.0,0.0,0.0,131.3,0
7.0,13.9,1.0,8.0,8.0,9500.0,18.0,8.0,1.0,0.0,156.0,0.0,9.0,0.0,135.5,2
3.0,12.833333333333334,1.0,5.0,9.0,9147.0,21.0,5.0,1.0,1.0,120.0,1.0,-1.0,1.0,111.6,1
7.0,12.6,1.0,7.0,9.0,9500.0,18.0,8.0,1.0,1.0,117.0,0.0,4.0,0.0,109.3,2
5.0,12.4,1.0,15.0,15.0,9003.0,34.0,6.0,39.0,0.0,133.1,0.0,4.0,1.0,145.8,2
0.0,0.0,1.0,4.0,8.0,9003.0,29.0,4.0,39.0,0.0,133.1,0.0,9.0,1.0,130.0,0
5.0,15.333333333333334,1.0,5.0,6.0,9991.0,33.0,5.0,39.0,0.0,170.0,0.0,4.0,0.0,134.7,2
2.0,13.0,1.0,8.0,14.0,9130.0,19.0,6.0,1.0,0.0,138.0,0.0,2.0,1.0,131.0,0
5.0,12.8,1.0,8.0,6.0,9670.0,18.0,6.0,1.0,1.0,143.0,0.0,9.0,0.0,131.8,1
0.0,0.0,1.0,0.0,0.0,9085.0,26.0,6.0,39.0,0.0,160.0,0.0,2.0,0.0,167.224,0
1.0,10.0,1.0,6.0,8.0,9070.0,19.0,6.0,17.0,0.0,127.0,0.0,3.0,1.0,130.2,1
0.0,0.0,1.0,5.0,5.0,9991.0,36.0,5.0,39.0,0.0,130.0,1.0,6.0,0.0,111.9,0
2.0,12.5,1.0,9.0,7.0,9130.0,21.0,5.0,43.0,0.0,120.0,1.0,9.0,0.0,120.0,1
3.0,12.0,1.0,7.0,9.0,9119.0,18.0,5.0,17.0,0.0,135.0,0.0,-1.0,1.0,121.7,1
4.0,10.25,1.0,11.0,9.0,9147.0,19.0,5.0,17.0,0.0,118.0,0.0,9.0,0.0,122.2,2
8.0,13.2575,1.0,8.0,8.0,9500.0,21.0,8.0,1.0,1.0,125.0,0.0,9.0,0.0,117.0,2
5.0,14.0,0.0,8.0,6.0,9085.0,20.0,5.0,18.0,1.0,170.0,1.0,4.0,0.0,166.6,0
4.0,12.5,1.0,6.0,7.0,9147.0,18.0,5.0,17.0,0.0,136.0,0.0,9.0,1.0,122.7,1
7.0,12.43142857142857,1.0,11.0,11.0,9500.0,18.0,8.0,1.0,1.0,133.0,0.0,9.0,0.0,128.8,2
0.0,0.0,0.0,5.0,9.0,9147.0,49.0,5.0,42.0,0.0,133.1,0.0,9.0,1.0,115.8,0
8.0,13.22222222222222,1.0,10.0,9.0,9500.0,20.0,8.0,1.0,0.0,127.0,0.0,2.0,1.0,121.4,1
6.0,14.333333333333334,1.0,6.0,6.0,9254.0,19.0,6.0,-1.0,0.0,115.0,0.0,9.0,0.0,116.1,2
6.0,13.625,1.0,6.0,8.0,9070.0,22.0,6.0,1.0,0.0,119.0,0.0,9.0,1.0,123.2,2
6.0,15.0,1.0,7.0,6.0,9853.0,19.0,6.0,1.0,1.0,134.0,0.0,9.0,0.0,122.5,2
8.0,15.8625,1.0,8.0,8.0,9500.0,19.0,8.0,1.0,1.0,142.0,0.0,9.0,0.0,132.7,2
0.0,0.0,0.0,0.0,0.0,9254.0,19.0,6.0,1.0,0.0,120.0,0.0,3.0,1.0,114.8,0
0.0,0.0,1.0,0.0,0.0,171.0,18.0,0.0,1.0,0.0,124.0,0.0,2.0,1.0,119.1,0
1.0,10.0,1.0,7.0,11.0,9773.0,21.0,6.0,17.0,0.0,129.0,0.0,2.0,1.0,132.5,1
0.0,0.0,1.0,8.0,8.0,9556.0,18.0,8.0,1.0,0.0,170.0,0.0,1.0,0.0,167.224,0
0.0,0.0,1.0,9.0,6.0,8014.0,47.0,6.0,43.0,0.0,120.0,0.0,5.0,1.0,161.1,0
7.0,12.114285714285714,1.0,8.0,8.0,9500.0,18.0,8.0,17.0,1.0,143.0,0.0,5.0,0.0,133.5,2
3.0,11.333333333333334,0.0,12.0,12.0,9254.0,20.0,6.0,1.0,1.0,122.0,0.0,9.0,0.0,114.3,0
0.0,0.0,0.0,7.0,8.0,9147.0,29.0,5.0,43.0,0.0,160.0,0.0,9.0,0.0,98.6,0
0.0,0.0,1.0,0.0,0.0,171.0,20.0,0.0,1.0,0.0,136.0,0.0,1.0,0.0,152.5,1
6.0,13.5,1.0,6.0,6.0,9773.0,25.0,6.0,7.0,0.0,140.0,0.0,4.0,1.0,140.0,2
0.0,0.0,0.0,0.0,0.0,9773.0,18.0,6.0,1.0,0.0,130.0,0.0,5.0,0.0,157.0,0
4.0,10.8,1.0,5.0,10.0,9147.0,19.0,5.0,17.0,0.0,129.0,0.0,3.0,0.0,132.9,0
3.0,13.666666666666666,1.0,11.0,13.0,9238.0,22.0,6.0,1.0,0.0,157.0,0.0,1.0,0.0,136.7,1
0.0,0.0,1.0,17.0,19.0,9003.0,19.0,6.0,44.0,0.0,120.0,0.0,-1.0,1.0,120.0,1
2.0,13.5,1.0,9.0,13.0,9147.0,19.0,5.0,1.0,0.0,128.0,0.0,9.0,1.0,120.3,1
0.0,0.0,0.0,0.0,0.0,171.0,21.0,0.0,1.0,0.0,115.0,0.0,6.0,0.0,108.7,0
0.0,0.0,1.0,10.0,7.0,9238.0,19.0,6.0,17.0,0.0,118.0,0.0,4.0,0.0,112.4,0
2.0,11.0,1.0,10.0,14.0,9238.0,18.0,6.0,18.0,0.0,137.0,0.0,5.0,0.0,137.4,1
12.0,10.666666666666666,1.0,17.0,12.0,9003.0,35.0,12.0,1.0,0.0,120.0,1.0,9.0,1.0,120.5,0
4.0,11.75,1.0,8.0,6.0,9670.0,19.0,5.0,17.0,1.0,125.0,0.0,7.0,0.0,118.4,1
5.0,12.5,1.0,7.0,9.0,9070.0,20.0,6.0,1.0,1.0,124.0,0.0,9.0,1.0,121.2,2
2.0,12.0,1.0,16.0,11.0,9147.0,18.0,5.0,17.0,0.0,125.0,0.0,2.0,0.0,118.7,1
0.0,0.0,1.0,0.0,0.0,171.0,22.0,0.0,17.0,0.0,125.0,0.0,2.0,1.0,117.0,1
9.0,15.77777777777778,1.0,11.0,9.0,9254.0,47.0,9.0,39.0,0.0,120.0,0.0,9.0,1.0,148.3,2
1.0,12.0,1.0,12.0,12.0,9254.0,18.0,6.0,17.0,0.0,118.0,0.0,5.0,1.0,111.7,0
6.0,12.833333333333334,1.0,6.0,6.0,9070.0,18.0,6.0,-1.0,0.0,125.0,0.0,4.0,0.0,120.8,2
4.0,13.666666666666666,1.0,10.0,12.0,9003.0,22.0,6.0,42.0,0.0,140.0,0.0,5.0,0.0,140.0,1
0.0,0.0,1.0,0.0,0.0,9238.0,21.0,6.0,1.0,0.0,133.1,0.0,1.0,0.0,101.0,0
0.0,0.0,1.0,0.0,0.0,171.0,20.0,0.0,-1.0,0.0,137.0,0.0,1.0,1.0,144.7,1
6.0,12.2,1.0,14.0,14.0,9500.0,23.0,7.0,43.0,0.0,120.0,0.0,4.0,1.0,136.6,0
7.0,14.328571428571427,1.0,8.0,8.0,9500.0,19.0,8.0,1.0,0.0,136.0,0.0,9.0,0.0,123.0,2
0.0,0.0,0.0,5.0,0.0,9147.0,20.0,5.0,18.0,0.0,119.0,0.0,7.0,1.0,112.0,0
6.0,12.833333333333334,1.0,16.0,10.0,9991.0,31.0,10.0,1.0,0.0,120.0,0.0,6.0,0.0,129.2,0
7.0,12.82375,1.0,9.0,11.0,9500.0,19.0,8.0,1.0,0.0,133.0,0.0,1.0,0.0,126.2,2
4.0,11.75,1.0,15.0,10.0,9085.0,19.0,5.0,17.0,0.0,138.0,0.0,9.0,0.0,123.3,1
7.0,12.814285714285717,1.0,10.0,7.0,9556.0,19.0,7.0,17.0,0.0,133.0,0.0,4.0,0.0,119.0,1
4.0,12.75,1.0,7.0,10.0,9238.0,40.0,6.0,39.0,1.0,120.0,0.0,7.0,1.0,134.0,0
1.0,16.0,1.0,2.0,4.0,9556.0,18.0,4.0,43.0,0.0,147.0,0.0,3.0,0.0,100.0,1
1.0,10.0,0.0,9.0,11.0,9147.0,22.0,5.0,17.0,0.0,117.0,0.0,9.0,0.0,109.3,0
2.0,12.5,1.0,13.0,7.0,9130.0,19.0,5.0,1.0,0.0,160.0,0.0,2.0,0.0,150.2,0
0.0,0.0,1.0,5.0,5.0,9991.0,27.0,5.0,43.0,0.0,161.0,0.0,9.0,0.0,100.0,0
5.0,12.25,1.0,6.0,9.0,9670.0,21.0,6.0,1.0,0.0,133.1,0.0,9.0,1.0,139.0,1
0.0,0.0,1.0,12.0,12.0,9254.0,20.0,6.0,1.0,1.0,133.0,0.0,0.0,0.0,121.5,0
3.0,10.666666666666666,0.0,12.0,15.0,9147.0,39.0,5.0,39.0,0.0,140.0,0.0,4.0,0.0,130.0,0
0.0,0.0,1.0,6.0,8.0,9003.0,20.0,6.0,44.0,0.0,150.0,0.0,2.0,1.0,150.0,0
3.0,11.333333333333334,1.0,6.0,8.0,9254.0,18.0,5.0,17.0,0.0,120.0,0.0,4.0,1.0,125.5,1
6.0,15.333333333333334,1.0,7.0,6.0,9085.0,20.0,6.0,1.0,0.0,147.0,0.0,9.0,0.0,135.6,2
5.0,12.8,1.0,8.0,6.0,9670.0,18.0,6.0,1.0,1.0,143.0,0.0,9.0,0.0,131.8,1
0.0,0.0,1.0,2.0,2.0,9119.0,30.0,2.0,39.0,0.0,120.0,0.0,5.0,1.0,128.0,0
4.0,12.25,1.0,11.0,8.0,9773.0,23.0,6.0,43.0,0.0,133.1,1.0,90.0,0.0,130.0,0
2.0,12.666666666666666,1.0,12.0,13.0,9085.0,21.0,6.0,1.0,0.0,101.0,0.0,4.0,0.0,98.9,1
7.0,15.7,1.0,8.0,8.0,9500.0,18.0,8.0,1.0,0.0,156.0,0.0,2.0,0.0,140.8,2
5.0,14.166666666666666,0.0,9.0,12.0,9130.0,18.0,6.0,17.0,0.0,143.0,1.0,2.0,0.0,131.8,1
6.0,14.0,1.0,6.0,7.0,9773.0,19.0,6.0,1.0,0.0,130.0,0.0,5.0,0.0,137.4,1
4.0,11.0,1.0,12.0,10.0,9991.0,25.0,5.0,39.0,0.0,133.1,0.0,4.0,0.0,127.7,1
0.0,0.0,0.0,6.0,5.0,8014.0,37.0,5.0,39.0,0.0,100.0,1.0,9.0,0.0,116.5,0
3.0,11.0,1.0,9.0,12.0,9238.0,19.0,6.0,1.0,0.0,117.0,0.0,9.0,1.0,111.8,0
6.0,15.857142857142858,1.0,8.0,8.0,9130.0,20.0,6.0,43.0,1.0,140.0,0.0,9.0,0.0,140.0,2
4.0,13.0,1.0,9.0,9.0,9147.0,20.0,5.0,1.0,0.0,123.0,0.0,4.0,1.0,117.8,1
4.0,11.8125,0.0,11.0,11.0,9500.0,38.0,7.0,39.0,0.0,133.1,0.0,7.0,1.0,124.5,0
4.0,13.25,1.0,5.0,9.0,9147.0,18.0,5.0,43.0,0.0,131.0,0.0,2.0,0.0,126.1,1
8.0,12.8875,1.0,9.0,9.0,9500.0,18.0,8.0,1.0,0.0,141.0,0.0,2.0,1.0,136.3,2
5.0,10.8,1.0,10.0,11.0,8014.0,27.0,11.0,43.0,0.0,133.1,0.0,2.0,0.0,135.0,0
0.0,0.0,1.0,0.0,0.0,171.0,18.0,0.0,1.0,0.0,143.0,0.0,9.0,0.0,142.7,0
2.0,12.666666666666666,1.0,12.0,13.0,9085.0,21.0,6.0,1.0,0.0,101.0,0.0,4.0,0.0,98.9,1
4.0,13.25,0.0,6.0,10.0,9254.0,21.0,6.0,-1.0,0.0,140.0,0.0,9.0,0.0,140.0,2
6.0,14.6,1.0,8.0,10.0,9003.0,31.0,6.0,39.0,0.0,140.0,0.0,2.0,1.0,110.0,2
4.0,11.142857142857142,1.0,6.0,11.0,9670.0,18.0,6.0,17.0,0.0,132.0,1.0,5.0,1.0,119.1,0
0.0,0.0,1.0,0.0,0.0,9085.0,21.0,6.0,43.0,0.0,133.1,0.0,-1.0,0.0,125.2,0
4.0,10.75,1.0,12.0,11.0,9238.0,19.0,6.0,1.0,1.0,108.0,0.0,9.0,0.0,107.3,1
5.0,12.375,1.0,7.0,10.0,9670.0,19.0,6.0,1.0,0.0,143.0,0.0,2.0,0.0,144.1,1
5.0,12.419999999999998,1.0,15.0,10.0,9500.0,18.0,7.0,-1.0,0.0,170.0,0.0,-1.0,0.0,167.224,1
1.0,16.0,1.0,12.0,12.0,9773.0,20.0,6.0,1.0,0.0,129.0,0.0,9.0,0.0,117.1,1
4.0,12.5,1.0,15.0,16.0,9670.0,24.0,6.0,39.0,0.0,120.0,0.0,7.0,1.0,140.0,0
6.0,12.5,1.0,6.0,6.0,9070.0,18.0,6.0,17.0,1.0,133.0,0.0,4.0,0.0,132.0,2
0.0,0.0,1.0,0.0,0.0,171.0,26.0,0.0,1.0,0.0,130.0,0.0,7.0,1.0,135.6,0
7.0,13.857142857142858,1.0,14.0,12.0,8014.0,45.0,7.0,1.0,0.0,121.0,0.0,9.0,0.0,114.4,1
5.0,11.4,1.0,9.0,6.0,9991.0,41.0,5.0,39.0,1.0,100.0,0.0,4.0,1.0,113.0,1
4.0,12.5,1.0,9.0,10.0,9003.0,19.0,6.0,1.0,1.0,144.0,0.0,9.0,1.0,132.8,1
6.0,14.142857142857142,1.0,8.0,7.0,9238.0,21.0,6.0,1.0,1.0,137.0,0.0,9.0,0.0,129.3,2
4.0,11.75,1.0,10.0,10.0,9147.0,18.0,5.0,1.0,1.0,120.0,0.0,7.0,1.0,111.3,1
5.0,11.1,1.0,11.0,9.0,9500.0,19.0,7.0,1.0,1.0,122.0,0.0,4.0,0.0,114.8,1
7.0,13.207142857142856,1.0,9.0,9.0,9500.0,21.0,8.0,1.0,1.0,101.0,0.0,9.0,0.0,104.5,2
4.0,14.25,1.0,10.0,7.0,9119.0,21.0,5.0,17.0,0.0,126.0,0.0,4.0,1.0,122.9,1
6.0,13.0,1.0,6.0,6.0,9773.0,21.0,6.0,-1.0,0.0,136.0,0.0,0.0,0.0,129.7,2
6.0,11.333333333333334,1.0,6.0,6.0,9070.0,19.0,6.0,1.0,0.0,145.0,0.0,4.0,0.0,133.5,2
0.0,0.0,0.0,0.0,0.0,9238.0,22.0,6.0,1.0,1.0,115.0,1.0,9.0,0.0,109.1,0
6.0,11.666666666666666,1.0,8.0,10.0,9773.0,47.0,6.0,39.0,0.0,100.0,0.0,9.0,1.0,133.0,0
5.0,11.6,1.0,9.0,8.0,9254.0,21.0,6.0,1.0,0.0,132.0,0.0,6.0,1.0,124.7,2
6.0,11.166666666666666,1.0,10.0,6.0,9238.0,18.0,6.0,1.0,0.0,141.0,0.0,7.0,1.0,128.8,2
0.0,0.0,1.0,5.0,5.0,9147.0,33.0,5.0,42.0,0.0,133.1,0.0,7.0,1.0,123.0,0
5.0,13.714285714285714,1.0,7.0,7.0,9991.0,26.0,5.0,43.0,0.0,160.0,0.0,2.0,1.0,125.0,2
0.0,0.0,0.0,6.0,6.0,9070.0,19.0,6.0,18.0,0.0,131.0,0.0,5.0,0.0,122.3,0
2.0,12.666666666666666,1.0,14.0,11.0,9991.0,25.0,5.0,39.0,0.0,120.0,0.0,9.0,0.0,134.0,0
3.0,12.0,1.0,8.0,11.0,9147.0,20.0,5.0,17.0,0.0,130.0,0.0,7.0,1.0,117.8,1
0.0,0.0,1.0,7.0,5.0,9130.0,19.0,5.0,17.0,1.0,123.0,1.0,3.0,0.0,121.6,0
0.0,0.0,1.0,7.0,6.0,9254.0,20.0,6.0,17.0,1.0,130.0,1.0,9.0,1.0,122.7,0
5.0,14.166666666666666,0.0,9.0,12.0,9130.0,18.0,6.0,17.0,0.0,143.0,1.0,2.0,0.0,131.8,1
5.0,11.8,1.0,9.0,7.0,9991.0,35.0,5.0,39.0,1.0,140.0,0.0,9.0,0.0,110.0,1
2.0,11.5,1.0,13.0,17.0,9085.0,21.0,6.0,1.0,0.0,105.0,0.0,-1.0,0.0,102.6,1
6.0,10.5,1.0,10.0,6.0,9254.0,20.0,6.0,17.0,1.0,122.0,0.0,5.0,0.0,118.2,1
0.0,0.0,1.0,0.0,0.0,171.0,18.0,0.0,1.0,0.0,141.0,0.0,4.0,0.0,142.8,2
0.0,0.0,1.0,6.0,5.0,9119.0,46.0,5.0,39.0,0.0,110.0,0.0,90.0,1.0,150.0,0
3.0,10.666666666666666,0.0,10.0,5.0,9991.0,40.0,5.0,39.0,0.0,110.0,0.0,1.0,1.0,120.0,0
12.0,11.461538461538462,1.0,21.0,13.0,9003.0,21.0,13.0,17.0,0.0,133.0,0.0,9.0,0.0,125.3,2
6.0,14.166666666666666,1.0,6.0,6.0,9773.0,18.0,6.0,1.0,1.0,135.0,0.0,5.0,0.0,133.3,2
5.0,12.6,1.0,6.0,8.0,9119.0,18.0,5.0,17.0,1.0,127.0,0.0,9.0,1.0,121.1,1
5.0,12.2,1.0,10.0,8.0,9254.0,28.0,6.0,39.0,0.0,150.0,0.0,3.0,1.0,122.3,2
0.0,0.0,1.0,8.0,6.0,9853.0,19.0,6.0,1.0,1.0,148.0,0.0,4.0,0.0,143.5,0
2.0,10.0,1.0,10.0,8.0,171.0,19.0,7.0,1.0,0.0,123.0,0.0,2.0,1.0,118.8,1
3.0,11.0,1.0,10.0,6.0,9119.0,18.0,5.0,17.0,0.0,142.0,0.0,9.0,1.0,127.3,1
11.0,15.0,1.0,12.0,15.0,171.0,21.0,11.0,1.0,0.0,156.0,0.0,2.0,0.0,147.7,2
5.0,11.2,1.0,8.0,11.0,9238.0,19.0,6.0,43.0,1.0,118.0,0.0,5.0,0.0,110.0,2
1.0,11.0,1.0,6.0,6.0,9070.0,18.0,6.0,18.0,0.0,134.0,0.0,3.0,0.0,121.4,0
0.0,0.0,1.0,0.0,0.0,171.0,18.0,0.0,1.0,1.0,163.0,0.0,4.0,0.0,149.7,0
7.0,12.728571428571428,1.0,9.0,9.0,9500.0,18.0,8.0,17.0,0.0,137.0,0.0,5.0,0.0,131.1,1
4.0,12.4,1.0,7.0,8.0,9147.0,19.0,5.0,1.0,0.0,131.0,0.0,3.0,1.0,123.3,1
5.0,12.166666666666666,1.0,9.0,10.0,9130.0,18.0,6.0,17.0,0.0,132.0,0.0,4.0,1.0,127.8,0
1.0,10.0,1.0,10.0,7.0,9119.0,19.0,5.0,51.0,0.0,129.0,0.0,2.0,1.0,121.6,1
0.0,0.0,1.0,0.0,0.0,9500.0,18.0,8.0,1.0,0.0,148.0,1.0,4.0,0.0,135.1,0
2.0,11.0,1.0,5.0,11.0,9147.0,24.0,5.0,18.0,0.0,100.0,0.0,5.0,0.0,101.8,1
2.0,15.0,1.0,12.0,11.0,9130.0,20.0,6.0,44.0,0.0,140.0,0.0,4.0,1.0,140.0,1
5.0,13.0,1.0,9.0,8.0,9085.0,18.0,5.0,18.0,1.0,149.0,0.0,9.0,0.0,132.2,2
0.0,0.0,0.0,6.0,0.0,9670.0,18.0,6.0,17.0,1.0,110.0,1.0,9.0,0.0,106.1,0
12.0,12.071428571428571,1.0,19.0,14.0,9238.0,30.0,13.0,43.0,0.0,117.0,0.0,0.0,0.0,109.3,2
6.0,13.5,1.0,7.0,10.0,9773.0,18.0,6.0,1.0,1.0,160.0,0.0,4.0,0.0,146.5,2
5.0,11.5,1.0,10.0,13.0,9003.0,27.0,6.0,39.0,0.0,120.0,0.0,2.0,1.0,120.0,2
6.0,16.0,1.0,7.0,6.0,9670.0,20.0,6.0,17.0,0.0,145.0,0.0,2.0,0.0,129.3,2
5.0,12.2,1.0,8.0,7.0,9853.0,18.0,6.0,1.0,0.0,142.0,0.0,9.0,0.0,132.6,2
6.0,13.5,1.0,8.0,6.0,9254.0,18.0,6.0,1.0,0.0,116.0,0.0,5.0,0.0,110.8,2
2.0,10.5,0.0,7.0,8.0,9085.0,35.0,5.0,39.0,0.0,140.0,1.0,90.0,1.0,106.3,0
6.0,11.0,1.0,9.0,9.0,9238.0,19.0,6.0,17.0,0.0,111.0,0.0,9.0,0.0,110.7,2
0.0,0.0,0.0,4.0,0.0,9147.0,26.0,5.0,39.0,0.0,133.1,0.0,9.0,1.0,102.5,0
4.0,10.75,1.0,7.0,9.0,9147.0,20.0,5.0,17.0,0.0,125.0,0.0,7.0,0.0,125.7,1
0.0,0.0,1.0,0.0,0.0,171.0,21.0,0.0,44.0,0.0,140.0,0.0,9.0,1.0,140.0,1
4.0,13.375,1.0,8.0,12.0,9147.0,36.0,5.0,39.0,0.0,120.0,0.0,5.0,0.0,124.6,1
4.0,11.5,1.0,8.0,10.0,9853.0,19.0,6.0,1.0,0.0,129.0,0.0,6.0,0.0,138.1,0
5.0,14.333333333333334,1.0,8.0,10.0,9085.0,18.0,6.0,-1.0,0.0,170.0,0.0,2.0,0.0,167.224,2
10.0,12.8,1.0,13.0,12.0,9991.0,46.0,10.0,43.0,0.0,100.0,0.0,9.0,1.0,128.2,2
7.0,12.714285714285714,1.0,12.0,12.0,9500.0,24.0,8.0,39.0,0.0,148.0,0.0,2.0,0.0,130.0,1
11.0,11.909090909090908,1.0,21.0,19.0,9853.0,28.0,14.0,7.0,0.0,130.0,0.0,9.0,0.0,130.0,0
7.0,11.4625,1.0,10.0,8.0,9500.0,19.0,7.0,1.0,0.0,125.0,0.0,4.0,0.0,119.4,1
0.0,0.0,0.0,12.0,9.0,9670.0,24.0,6.0,39.0,0.0,148.0,1.0,7.0,1.0,130.9,0
3.0,10.5,1.0,9.0,6.0,9119.0,24.0,5.0,39.0,0.0,133.1,0.0,5.0,1.0,100.9,1
0.0,0.0,1.0,0.0,0.0,171.0,21.0,0.0,1.0,0.0,162.0,0.0,9.0,1.0,142.8,0
0.0,0.0,1.0,0.0,0.0,171.0,20.0,0.0,1.0,0.0,140.0,0.0,1.0,1.0,129.5,0
3.0,10.333333333333334,1.0,13.0,9.0,9147.0,27.0,5.0,39.0,0.0,120.0,0.0,4.0,1.0,110.0,0
2.0,13.0,1.0,8.0,8.0,9147.0,22.0,5.0,43.0,0.0,127.0,0.0,3.0,0.0,117.9,0
0.0,0.0,0.0,10.0,7.0,9130.0,22.0,6.0,44.0,0.0,150.0,0.0,4.0,0.0,150.0,0
4.0,12.75,1.0,7.0,6.0,9773.0,23.0,6.0,51.0,0.0,135.0,0.0,5.0,1.0,110.0,2
7.0,14.214285714285714,1.0,8.0,8.0,9500.0,19.0,8.0,1.0,1.0,144.0,0.0,9.0,0.0,130.8,2
1.0,12.0,0.0,10.0,8.0,9003.0,44.0,7.0,39.0,0.0,133.1,0.0,9.0,1.0,100.0,0
7.0,12.694285714285714,1.0,8.0,8.0,9500.0,18.0,8.0,1.0,1.0,127.0,0.0,7.0,0.0,120.3,2
0.0,0.0,1.0,7.0,5.0,9130.0,19.0,5.0,17.0,1.0,123.0,1.0,3.0,0.0,121.6,0
6.0,11.555555555555555,1.0,7.0,10.0,9670.0,19.0,6.0,17.0,1.0,134.0,0.0,5.0,1.0,125.3,2
4.0,11.25,1.0,12.0,10.0,9147.0,20.0,5.0,1.0,0.0,113.0,0.0,9.0,1.0,107.4,1
6.0,14.833333333333334,1.0,6.0,6.0,9130.0,18.0,6.0,-1.0,0.0,157.0,0.0,2.0,0.0,149.7,2
6.0,13.666666666666666,1.0,6.0,6.0,9773.0,18.0,6.0,1.0,0.0,135.0,0.0,9.0,1.0,122.1,2
2.0,10.0,1.0,11.0,13.0,9773.0,20.0,6.0,1.0,0.0,108.0,0.0,0.0,1.0,105.9,0
5.0,10.8,1.0,10.0,9.0,9853.0,19.0,6.0,17.0,1.0,132.0,0.0,5.0,0.0,119.1,2
5.0,12.0,1.0,10.0,8.0,8014.0,26.0,6.0,42.0,0.0,150.0,0.0,4.0,0.0,148.0,2
5.0,11.8,1.0,8.0,8.0,8014.0,24.0,6.0,39.0,0.0,120.0,0.0,7.0,0.0,98.6,0
5.0,10.4,1.0,8.0,9.0,9254.0,20.0,6.0,17.0,0.0,135.0,0.0,4.0,1.0,135.0,1
2.0,12.0,1.0,7.0,12.0,9254.0,19.0,6.0,17.0,0.0,122.0,0.0,4.0,1.0,116.1,1
4.0,11.5,0.0,11.0,11.0,9130.0,24.0,6.0,43.0,0.0,156.0,1.0,9.0,1.0,156.0,0
0.0,0.0,0.0,0.0,0.0,171.0,20.0,0.0,18.0,0.0,133.0,1.0,9.0,1.0,129.2,0
5.0,11.833333333333334,1.0,8.0,8.0,9773.0,21.0,6.0,17.0,0.0,133.1,0.0,9.0,0.0,117.0,1
0.0,0.0,1.0,0.0,0.0,9119.0,22.0,5.0,42.0,0.0,140.0,0.0,3.0,1.0,133.6,0
8.0,14.51125,1.0,8.0,8.0,9500.0,18.0,8.0,17.0,1.0,148.0,0.0,4.0,0.0,131.9,2
0.0,0.0,1.0,6.0,9.0,9773.0,21.0,6.0,1.0,0.0,140.0,0.0,4.0,1.0,128.1,0
3.0,13.333333333333334,1.0,6.0,6.0,9070.0,20.0,6.0,1.0,0.0,128.0,0.0,3.0,0.0,129.8,1
4.0,14.25,1.0,10.0,7.0,9119.0,21.0,5.0,17.0,0.0,126.0,0.0,4.0,1.0,122.9,1
3.0,10.333333333333334,1.0,13.0,12.0,9254.0,20.0,6.0,17.0,0.0,136.0,0.0,7.0,0.0,121.7,1
5.0,13.8,0.0,7.0,7.0,9773.0,20.0,6.0,17.0,0.0,120.0,0.0,5.0,0.0,121.4,0
6.0,13.166666666666666,1.0,8.0,7.0,9773.0,19.0,6.0,1.0,0.0,170.0,0.0,2.0,0.0,157.5,0
5.0,12.2,1.0,5.0,6.0,9147.0,18.0,5.0,17.0,0.0,127.0,0.0,9.0,1.0,115.8,2
3.0,10.666666666666666,1.0,9.0,13.0,9130.0,20.0,6.0,44.0,0.0,130.0,1.0,3.0,1.0,130.0,0
5.0,12.5,1.0,11.0,12.0,9556.0,36.0,7.0,39.0,1.0,140.0,0.0,9.0,0.0,105.0,2
6.0,13.5,1.0,6.0,6.0,9238.0,18.0,6.0,17.0,1.0,116.0,0.0,3.0,0.0,119.2,2
0.0,0.0,1.0,6.0,12.0,9773.0,18.0,6.0,17.0,0.0,139.0,0.0,4.0,1.0,123.6,0
0.0,0.0,1.0,6.0,6.0,9003.0,30.0,6.0,39.0,0.0,133.1,0.0,9.0,0.0,100.0,0
12.0,12.25,0.0,21.0,19.0,-1.0,25.0,14.0,7.0,0.0,120.0,1.0,5.0,1.0,120.0,0
5.0,11.8,1.0,9.0,7.0,9238.0,21.0,6.0,1.0,1.0,136.0,0.0,4.0,0.0,121.7,2
8.0,14.88875,1.0,8.0,8.0,9500.0,18.0,8.0,1.0,0.0,168.0,0.0,9.0,0.0,166.0,2
0.0,0.0,1.0,8.0,8.0,9500.0,18.0,8.0,1.0,0.0,141.0,0.0,90.0,1.0,128.0,0
0.0,0.0,1.0,14.0,5.0,9147.0,20.0,5.0,17.0,0.0,133.1,0.0,4.0,1.0,98.6,0
6.0,13.333333333333334,1.0,6.0,6.0,9773.0,18.0,6.0,17.0,0.0,135.0,0.0,5.0,0.0,135.0,1
3.0,11.333333333333334,1.0,11.0,9.0,9991.0,38.0,5.0,39.0,0.0,133.1,0.0,9.0,1.0,121.5,1
2.0,11.0,1.0,13.0,12.0,9130.0,19.0,6.0,44.0,0.0,150.0,0.0,2.0,1.0,150.0,1
8.0,14.4375,1.0,7.0,8.0,9556.0,19.0,8.0,17.0,1.0,122.0,0.0,4.0,0.0,118.3,2
8.0,13.333333333333334,0.0,18.0,15.0,9085.0,23.0,9.0,-1.0,0.0,140.0,1.0,-1.0,0.0,144.9,1
6.0,12.714285714285714,1.0,7.0,9.0,9003.0,20.0,6.0,44.0,0.0,160.0,0.0,9.0,0.0,160.0,2
6.0,12.833333333333334,1.0,10.0,12.0,9853.0,18.0,7.0,1.0,0.0,126.0,0.0,2.0,0.0,116.9,1
3.0,12.0,0.0,13.0,11.0,9130.0,20.0,6.0,44.0,0.0,120.0,1.0,3.0,0.0,120.0,0
6.0,14.583333333333334,1.0,8.0,10.0,9500.0,33.0,8.0,7.0,0.0,140.0,0.0,9.0,0.0,140.0,0
0.0,0.0,1.0,5.0,0.0,8014.0,27.0,6.0,7.0,0.0,170.0,0.0,4.0,0.0,167.224,0
4.0,11.75,1.0,9.0,10.0,9853.0,18.0,6.0,1.0,0.0,163.0,1.0,5.0,0.0,146.6,1
5.0,11.6,1.0,11.0,7.0,9085.0,18.0,5.0,1.0,0.0,135.0,0.0,9.0,0.0,136.8,1
8.0,15.8125,1.0,9.0,8.0,9500.0,18.0,8.0,1.0,1.0,143.0,0.0,3.0,0.0,128.0,2
6.0,13.625,1.0,8.0,10.0,9119.0,18.0,6.0,17.0,1.0,120.0,0.0,9.0,1.0,117.2,1
6.0,12.833333333333334,1.0,6.0,7.0,9773.0,21.0,6.0,17.0,1.0,120.0,0.0,9.0,0.0,117.9,2
3.0,12.666666666666666,1.0,5.0,11.0,9147.0,19.0,5.0,1.0,1.0,127.0,0.0,5.0,0.0,123.5,1
0.0,0.0,0.0,0.0,0.0,171.0,19.0,0.0,1.0,0.0,138.0,0.0,7.0,0.0,124.0,0
4.0,12.25,1.0,8.0,8.0,9147.0,18.0,5.0,1.0,0.0,132.0,0.0,7.0,0.0,131.3,1
2.0,12.0,1.0,14.0,13.0,9991.0,33.0,5.0,39.0,0.0,133.1,0.0,9.0,0.0,113.4,0
8.0,14.2725,1.0,10.0,8.0,9500.0,19.0,8.0,1.0,0.0,141.0,0.0,9.0,0.0,126.3,2
5.0,13.4,1.0,9.0,6.0,9130.0,20.0,5.0,1.0,0.0,133.0,0.0,5.0,0.0,120.4,2
6.0,13.5,1.0,6.0,6.0,9254.0,18.0,6.0,1.0,0.0,131.0,0.0,9.0,1.0,126.1,2
0.0,0.0,1.0,5.0,5.0,9670.0,26.0,5.0,39.0,0.0,133.1,1.0,5.0,1.0,110.0,0
0.0,0.0,1.0,12.0,10.0,8014.0,37.0,5.0,43.0,0.0,110.0,0.0,0.0,1.0,110.0,0
6.0,13.625,1.0,6.0,8.0,9070.0,20.0,6.0,1.0,0.0,136.0,0.0,9.0,0.0,136.7,2
7.0,12.457142857142856,1.0,12.0,12.0,9500.0,27.0,8.0,39.0,0.0,130.0,0.0,9.0,0.0,130.0,1
1.0,12.0,1.0,13.0,12.0,9991.0,28.0,5.0,39.0,0.0,130.0,0.0,9.0,1.0,152.1,0
5.0,12.4,1.0,9.0,5.0,9085.0,19.0,5.0,1.0,0.0,129.0,0.0,9.0,0.0,117.5,2
5.0,12.4,1.0,16.0,7.0,9670.0,18.0,6.0,43.0,0.0,142.0,0.0,-1.0,1.0,138.5,1
6.0,12.5,1.0,7.0,8.0,9130.0,18.0,6.0,1.0,1.0,133.0,0.0,9.0,1.0,125.7,2
8.0,15.35,1.0,7.0,8.0,9500.0,19.0,8.0,1.0,1.0,136.0,0.0,4.0,0.0,136.0,2
8.0,12.2,1.0,18.0,19.0,9085.0,21.0,12.0,44.0,0.0,140.0,0.0,2.0,0.0,140.0,1
0.0,0.0,1.0,0.0,0.0,171.0,22.0,0.0,1.0,0.0,156.0,0.0,9.0,1.0,167.224,2
2.0,13.5,0.0,9.0,14.0,9238.0,18.0,6.0,1.0,0.0,138.0,1.0,4.0,0.0,123.0,0
3.0,14.666666666666666,1.0,8.0,7.0,9119.0,18.0,5.0,17.0,0.0,139.0,0.0,9.0,1.0,133.1,1
5.0,12.6,1.0,8.0,8.0,9254.0,18.0,6.0,1.0,0.0,127.0,0.0,3.0,0.0,130.9,2
0.0,0.0,0.0,11.0,14.0,9254.0,21.0,6.0,1.0,0.0,120.0,0.0,9.0,1.0,115.1,0
6.0,12.833333333333334,1.0,6.0,6.0,9773.0,18.0,6.0,1.0,1.0,131.0,0.0,7.0,0.0,127.2,0
0.0,0.0,1.0,5.0,6.0,9991.0,24.0,5.0,7.0,0.0,120.0,0.0,4.0,0.0,120.0,0
7.0,11.571428571428571,1.0,15.0,15.0,9500.0,19.0,8.0,43.0,1.0,120.0,0.0,5.0,0.0,112.0,2
0.0,0.0,1.0,5.0,5.0,9147.0,35.0,5.0,7.0,0.0,130.0,0.0,5.0,0.0,130.0,0
0.0,0.0,1.0,9.0,9.0,9500.0,37.0,7.0,39.0,0.0,133.1,0.0,2.0,0.0,120.0,0
3.0,10.6,1.0,7.0,15.0,9085.0,21.0,5.0,1.0,0.0,118.0,0.0,3.0,1.0,112.4,1
2.0,11.0,1.0,13.0,12.0,9130.0,19.0,6.0,44.0,0.0,150.0,0.0,2.0,1.0,150.0,1
6.0,12.333333333333334,1.0,7.0,7.0,9670.0,19.0,6.0,17.0,0.0,120.0,0.0,5.0,0.0,115.1,2
4.0,13.0,0.0,7.0,8.0,9670.0,20.0,6.0,17.0,0.0,138.0,1.0,4.0,1.0,123.0,1
0.0,0.0,0.0,4.0,0.0,9991.0,40.0,5.0,39.0,0.0,100.0,0.0,9.0,0.0,121.9,0
8.0,15.2,1.0,8.0,8.0,9500.0,18.0,8.0,17.0,0.0,138.0,0.0,4.0,0.0,130.0,0
6.0,12.0,1.0,8.0,8.0,9238.0,19.0,6.0,1.0,1.0,142.0,0.0,5.0,0.0,128.0,2
6.0,12.166666666666666,1.0,9.0,9.0,9085.0,21.0,6.0,44.0,0.0,140.0,0.0,4.0,0.0,140.0,2
7.0,14.085714285714284,1.0,7.0,7.0,9500.0,27.0,7.0,39.0,0.0,110.0,0.0,9.0,1.0,126.0,1
0.0,0.0,0.0,5.0,5.0,9991.0,49.0,5.0,39.0,0.0,135.0,0.0,0.0,1.0,134.1,0
6.0,12.625,1.0,14.0,9.0,9085.0,19.0,6.0,1.0,0.0,138.0,0.0,9.0,0.0,123.0,2
1.0,10.0,1.0,14.0,11.0,9254.0,24.0,6.0,1.0,0.0,110.0,0.0,9.0,0.0,113.2,0
9.0,13.11111111111111,1.0,13.0,12.0,9003.0,24.0,10.0,42.0,0.0,120.0,0.0,2.0,1.0,128.2,1
4.0,14.25,1.0,10.0,11.0,9670.0,21.0,6.0,17.0,0.0,110.0,0.0,4.0,1.0,111.3,1
5.0,13.5,1.0,12.0,7.0,9500.0,28.0,7.0,39.0,0.0,133.1,1.0,5.0,0.0,121.4,1
0.0,0.0,1.0,0.0,0.0,171.0,20.0,0.0,1.0,0.0,132.0,0.0,4.0,1.0,119.4,0
4.0,10.75,1.0,6.0,7.0,9670.0,39.0,5.0,39.0,1.0,100.0,1.0,4.0,0.0,120.0,2
2.0,16.0,0.0,6.0,7.0,9119.0,24.0,7.0,44.0,0.0,160.0,1.0,2.0,1.0,160.0,0
0.0,0.0,1.0,5.0,5.0,9119.0,20.0,5.0,17.0,0.0,130.0,1.0,7.0,1.0,119.9,0
2.0,13.5,1.0,9.0,11.0,9991.0,29.0,5.0,39.0,0.0,150.0,1.0,2.0,1.0,135.8,0
2.0,11.5,1.0,5.0,4.0,9147.0,20.0,4.0,1.0,0.0,124.0,0.0,3.0,0.0,128.6,1
0.0,0.0,1.0,5.0,5.0,9991.0,33.0,5.0,43.0,0.0,130.0,0.0,2.0,1.0,130.0,0
6.0,12.183333333333332,1.0,7.0,7.0,9500.0,19.0,7.0,1.0,0.0,132.0,0.0,9.0,0.0,126.0,2
2.0,10.0,1.0,9.0,7.0,9991.0,41.0,5.0,39.0,0.0,140.0,0.0,9.0,1.0,130.0,0
6.0,11.666666666666666,1.0,7.0,6.0,9238.0,20.0,6.0,1.0,0.0,134.0,0.0,5.0,0.0,120.4,2
5.0,13.8,1.0,7.0,7.0,9085.0,19.0,5.0,1.0,0.0,135.0,0.0,9.0,0.0,134.3,1
0.0,0.0,1.0,0.0,0.0,8014.0,37.0,6.0,1.0,0.0,140.0,0.0,0.0,1.0,128.0,0
0.0,0.0,1.0,0.0,0.0,171.0,21.0,0.0,44.0,0.0,140.0,0.0,9.0,1.0,140.0,1
3.0,11.0,1.0,18.0,10.0,9238.0,20.0,10.0,51.0,0.0,122.0,1.0,5.0,0.0,112.6,1
3.0,11.714285714285714,1.0,6.0,10.0,9147.0,19.0,5.0,1.0,0.0,137.0,0.0,9.0,0.0,124.4,1
0.0,0.0,1.0,5.0,5.0,9085.0,25.0,5.0,39.0,0.0,130.0,0.0,0.0,1.0,128.2,0
5.0,12.5,1.0,10.0,11.0,9003.0,31.0,6.0,39.0,0.0,133.1,0.0,-1.0,1.0,150.0,2
0.0,0.0,1.0,5.0,0.0,8014.0,27.0,6.0,7.0,0.0,170.0,0.0,4.0,0.0,167.224,0
6.0,13.0,1.0,6.0,9.0,9670.0,19.0,6.0,1.0,0.0,128.0,0.0,4.0,0.0,118.2,0
2.0,10.0,1.0,13.0,8.0,9147.0,19.0,5.0,1.0,0.0,126.0,1.0,9.0,0.0,115.2,1
0.0,0.0,1.0,5.0,5.0,9991.0,32.0,5.0,43.0,0.0,120.0,0.0,9.0,1.0,128.2,0
4.0,12.0,1.0,10.0,9.0,9991.0,25.0,5.0,39.0,0.0,140.0,1.0,9.0,0.0,130.0,1
5.0,12.6,1.0,6.0,8.0,9119.0,18.0,5.0,17.0,1.0,127.0,0.0,9.0,1.0,121.1,1
5.0,11.6,1.0,5.0,6.0,9991.0,28.0,5.0,1.0,0.0,144.0,0.0,9.0,0.0,151.4,2
0.0,0.0,1.0,0.0,0.0,171.0,18.0,0.0,1.0,0.0,145.0,0.0,-1.0,1.0,150.6,2
8.0,14.28625,1.0,8.0,8.0,9500.0,18.0,8.0,1.0,1.0,138.0,0.0,9.0,0.0,127.2,2
3.0,11.333333333333334,0.0,13.0,8.0,9003.0,29.0,6.0,44.0,0.0,130.0,1.0,9.0,0.0,130.0,0
3.0,14.333333333333334,1.0,9.0,11.0,9991.0,24.0,5.0,17.0,0.0,154.0,0.0,4.0,0.0,134.1,1
3.0,12.285714285714286,0.0,7.0,10.0,9147.0,19.0,5.0,1.0,1.0,133.1,0.0,9.0,0.0,119.0,0
6.0,12.916666666666666,1.0,7.0,7.0,9500.0,18.0,7.0,1.0,1.0,149.0,0.0,9.0,0.0,136.0,2
10.0,12.96818181818182,1.0,11.0,12.0,9500.0,45.0,10.0,7.0,0.0,120.0,0.0,9.0,0.0,120.0,1
4.0,11.75,1.0,6.0,6.0,8014.0,25.0,6.0,39.0,0.0,120.0,1.0,4.0,0.0,119.5,1
6.0,14.0,1.0,6.0,6.0,9773.0,19.0,6.0,1.0,1.0,142.0,1.0,9.0,1.0,136.1,2
5.0,14.714285714285714,1.0,9.0,9.0,9119.0,19.0,5.0,18.0,0.0,136.0,0.0,2.0,1.0,125.2,1
8.0,13.8375,1.0,8.0,8.0,9500.0,21.0,8.0,1.0,0.0,122.0,0.0,4.0,0.0,119.6,1
4.0,11.0,1.0,14.0,9.0,9238.0,18.0,6.0,1.0,1.0,135.0,0.0,4.0,0.0,121.7,1
0.0,0.0,1.0,0.0,0.0,9853.0,41.0,6.0,39.0,0.0,133.1,0.0,7.0,0.0,103.0,0
1.0,16.0,1.0,7.0,8.0,9119.0,18.0,5.0,1.0,0.0,146.0,0.0,9.0,1.0,148.5,1
3.0,13.0,1.0,12.0,8.0,9085.0,20.0,5.0,1.0,0.0,120.0,0.0,3.0,0.0,116.7,2
0.0,0.0,1.0,0.0,0.0,9085.0,31.0,6.0,39.0,0.0,133.1,0.0,4.0,0.0,128.2,0
0.0,0.0,1.0,0.0,0.0,9991.0,27.0,5.0,39.0,0.0,130.0,0.0,3.0,0.0,152.0,0
11.0,13.454545454545457,1.0,11.0,11.0,9070.0,20.0,11.0,51.0,1.0,130.0,0.0,5.0,0.0,124.5,2
4.0,10.8,1.0,5.0,10.0,9147.0,19.0,5.0,17.0,0.0,129.0,0.0,3.0,0.0,132.9,0
6.0,11.833333333333334,1.0,10.0,10.0,9500.0,19.0,8.0,1.0,1.0,139.0,0.0,6.0,0.0,121.3,1
4.0,11.5,1.0,10.0,10.0,9853.0,18.0,6.0,1.0,0.0,162.0,1.0,9.0,0.0,142.8,0
6.0,11.714285714285714,1.0,6.0,7.0,9238.0,21.0,6.0,44.0,0.0,130.0,1.0,5.0,0.0,126.7,2
5.0,16.0,1.0,9.0,10.0,9238.0,24.0,6.0,39.0,0.0,170.0,0.0,9.0,0.0,140.0,1
5.0,14.6,1.0,5.0,5.0,9991.0,34.0,5.0,39.0,0.0,150.0,0.0,4.0,1.0,146.0,1
0.0,0.0,1.0,16.0,12.0,9254.0,20.0,6.0,17.0,0.0,107.0,0.0,5.0,0.0,102.8,0
4.0,10.75,1.0,6.0,5.0,9670.0,20.0,5.0,1.0,0.0,117.0,0.0,5.0,0.0,113.5,2
7.0,11.4625,1.0,10.0,8.0,9500.0,19.0,7.0,1.0,0.0,125.0,0.0,4.0,0.0,119.4,1
5.0,12.4,1.0,8.0,10.0,9773.0,20.0,6.0,17.0,0.0,122.0,0.0,5.0,0.0,119.6,2
2.0,12.5,1.0,7.0,12.0,9147.0,20.0,5.0,17.0,0.0,133.0,0.0,5.0,1.0,123.2,1
0.0,0.0,1.0,8.0,5.0,9991.0,33.0,5.0,17.0,0.0,160.0,1.0,0.0,1.0,161.8,0
5.0,12.125,1.0,9.0,8.0,9991.0,24.0,5.0,39.0,0.0,130.0,0.0,9.0,0.0,151.6,1
6.0,13.714285714285714,1.0,7.0,9.0,9773.0,19.0,6.0,17.0,0.0,138.0,0.0,4.0,0.0,140.5,2
0.0,0.0,1.0,0.0,0.0,9085.0,50.0,6.0,39.0,0.0,133.1,0.0,-1.0,1.0,144.0,0
5.0,12.8,1.0,7.0,7.0,9254.0,19.0,6.0,17.0,1.0,118.0,0.0,5.0,0.0,118.0,2
5.0,12.2,1.0,6.0,8.0,9147.0,41.0,5.0,39.0,0.0,133.1,1.0,9.0,0.0,139.4,1
6.0,12.166666666666666,1.0,7.0,6.0,8014.0,35.0,6.0,39.0,0.0,140.0,0.0,9.0,0.0,101.0,2
6.0,12.8,1.0,10.0,8.0,9500.0,18.0,7.0,17.0,1.0,126.0,0.0,7.0,0.0,126.2,1
0.0,0.0,1.0,0.0,0.0,171.0,20.0,0.0,1.0,0.0,136.0,0.0,1.0,0.0,152.5,1
5.0,12.6,1.0,5.0,5.0,9147.0,19.0,5.0,1.0,1.0,115.0,0.0,3.0,0.0,109.8,2
0.0,0.0,0.0,5.0,9.0,9147.0,26.0,5.0,39.0,0.0,110.0,1.0,9.0,1.0,110.3,0
6.0,10.983333333333334,1.0,8.0,8.0,9500.0,26.0,7.0,39.0,1.0,133.1,0.0,9.0,0.0,116.0,2
2.0,11.333333333333334,1.0,8.0,8.0,9070.0,20.0,6.0,43.0,1.0,135.0,0.0,9.0,1.0,122.8,1
3.0,10.333333333333334,1.0,12.0,11.0,9254.0,18.0,6.0,1.0,0.0,125.0,0.0,4.0,1.0,121.5,1
4.0,11.95,1.0,8.0,8.0,9500.0,20.0,7.0,1.0,0.0,123.0,0.0,90.0,0.0,113.3,0
6.0,13.333333333333334,1.0,8.0,8.0,9773.0,19.0,6.0,1.0,0.0,127.0,0.0,9.0,1.0,126.3,2
4.0,13.0,1.0,7.0,6.0,9670.0,18.0,6.0,1.0,0.0,115.0,0.0,9.0,1.0,114.3,0
3.0,11.666666666666666,0.0,7.0,7.0,9085.0,37.0,7.0,39.0,0.0,110.0,1.0,5.0,1.0,142.5,0
6.0,12.285714285714286,1.0,6.0,7.0,9238.0,18.0,6.0,17.0,1.0,133.0,0.0,7.0,0.0,125.3,2
2.0,10.5,1.0,8.0,12.0,9119.0,19.0,5.0,43.0,0.0,128.0,0.0,4.0,1.0,100.0,1
7.0,12.857142857142858,1.0,7.0,7.0,9853.0,20.0,7.0,1.0,1.0,113.0,0.0,3.0,0.0,112.3,2
0.0,0.0,0.0,14.0,16.0,9003.0,44.0,6.0,39.0,0.0,100.0,1.0,9.0,1.0,120.0,0
5.0,11.6,1.0,7.0,6.0,9085.0,33.0,5.0,39.0,0.0,133.1,0.0,90.0,1.0,110.3,2
0.0,0.0,1.0,0.0,0.0,9070.0,19.0,6.0,1.0,0.0,148.0,0.0,4.0,1.0,141.4,0
3.0,11.0,1.0,5.0,8.0,9147.0,18.0,5.0,1.0,1.0,158.0,0.0,3.0,1.0,155.2,2
6.0,13.1,1.0,8.0,15.0,9085.0,18.0,6.0,17.0,0.0,142.0,0.0,4.0,0.0,132.4,2
2.0,10.5,1.0,7.0,10.0,9119.0,19.0,6.0,1.0,0.0,132.0,0.0,3.0,1.0,133.1,0
7.0,12.771428571428572,1.0,8.0,8.0,9500.0,19.0,8.0,1.0,1.0,135.0,0.0,7.0,0.0,124.0,1
0.0,0.0,1.0,7.0,7.0,9500.0,36.0,7.0,7.0,0.0,130.0,0.0,9.0,0.0,130.0,0
5.0,14.0,1.0,5.0,6.0,9991.0,43.0,5.0,39.0,0.0,120.0,0.0,9.0,1.0,167.224,2
5.0,12.2,1.0,10.0,9.0,9238.0,18.0,6.0,17.0,1.0,120.0,0.0,4.0,0.0,117.1,2
6.0,11.5,1.0,9.0,7.0,9238.0,20.0,6.0,1.0,0.0,137.0,0.0,3.0,0.0,131.4,2
2.0,12.5,1.0,9.0,10.0,9147.0,20.0,5.0,1.0,0.0,116.0,0.0,5.0,1.0,124.8,1
5.0,12.4,1.0,7.0,6.0,9070.0,19.0,6.0,1.0,0.0,125.0,0.0,9.0,0.0,125.4,1
0.0,0.0,0.0,0.0,0.0,9500.0,19.0,8.0,1.0,0.0,135.0,0.0,2.0,0.0,123.0,0
4.0,13.0,1.0,8.0,10.0,9254.0,21.0,6.0,1.0,0.0,140.0,0.0,9.0,1.0,130.0,1
5.0,11.4,1.0,6.0,8.0,9070.0,19.0,6.0,1.0,0.0,117.0,0.0,3.0,0.0,123.7,2
6.0,12.714285714285714,1.0,10.0,9.0,9670.0,19.0,6.0,1.0,1.0,122.0,0.0,4.0,1.0,116.1,1
3.0,12.0,0.0,7.0,8.0,9085.0,18.0,5.0,1.0,0.0,131.0,1.0,9.0,0.0,136.3,0
8.0,12.48125,1.0,8.0,9.0,9500.0,18.0,8.0,17.0,0.0,133.0,0.0,9.0,1.0,128.8,2
3.0,13.25,1.0,9.0,11.0,9119.0,19.0,5.0,-1.0,0.0,130.0,0.0,9.0,1.0,137.0,1
5.0,11.8,1.0,9.0,7.0,9991.0,22.0,5.0,1.0,0.0,145.0,0.0,4.0,1.0,127.5,2
0.0,0.0,0.0,17.0,10.0,9003.0,21.0,6.0,44.0,0.0,140.0,0.0,4.0,1.0,140.0,0
6.0,12.5,1.0,6.0,6.0,9070.0,18.0,6.0,17.0,0.0,116.0,0.0,9.0,0.0,110.8,1
8.0,14.875,1.0,8.0,8.0,9500.0,18.0,8.0,17.0,0.0,135.0,0.0,9.0,0.0,129.8,2
6.0,13.833333333333334,1.0,6.0,6.0,9773.0,18.0,6.0,1.0,0.0,122.0,0.0,9.0,0.0,126.6,2
0.0,0.0,1.0,0.0,0.0,9147.0,25.0,5.0,7.0,0.0,130.0,0.0,9.0,0.0,130.0,0
6.0,12.833333333333334,1.0,7.0,6.0,9773.0,20.0,6.0,1.0,1.0,135.0,0.0,5.0,0.0,124.9,2
6.0,16.0,1.0,6.0,6.0,9773.0,20.0,6.0,1.0,0.0,124.0,0.0,2.0,1.0,137.0,2
7.0,14.514285714285714,1.0,8.0,8.0,9500.0,19.0,8.0,1.0,0.0,141.0,0.0,9.0,0.0,124.3,1
4.0,10.833333333333334,1.0,11.0,10.0,9991.0,31.0,5.0,39.0,1.0,130.0,0.0,9.0,0.0,148.0,1
7.0,12.6375,1.0,16.0,8.0,9500.0,32.0,7.0,7.0,0.0,130.0,0.0,3.0,0.0,130.0,1
5.0,11.4,1.0,5.0,7.0,9991.0,26.0,5.0,44.0,0.0,160.0,0.0,9.0,0.0,160.0,2
6.0,11.0,1.0,8.0,8.0,8014.0,20.0,6.0,17.0,0.0,122.0,0.0,9.0,0.0,123.8,2
0.0,0.0,1.0,0.0,0.0,171.0,18.0,0.0,1.0,0.0,140.0,0.0,9.0,1.0,124.3,2
6.0,11.0,1.0,19.0,17.0,9003.0,28.0,10.0,39.0,0.0,130.0,0.0,9.0,1.0,120.0,1
2.0,11.0,1.0,21.0,15.0,9085.0,26.0,6.0,39.0,0.0,133.1,0.0,9.0,0.0,101.0,0
3.0,11.666666666666666,1.0,9.0,11.0,9119.0,18.0,5.0,43.0,0.0,146.0,0.0,2.0,1.0,100.0,1
0.0,0.0,1.0,0.0,0.0,171.0,19.0,0.0,17.0,0.0,145.0,0.0,9.0,0.0,150.3,0
5.0,12.4,1.0,10.0,8.0,9853.0,22.0,6.0,17.0,0.0,134.0,0.0,4.0,0.0,122.5,1
6.0,12.3,1.0,8.0,11.0,9003.0,20.0,6.0,44.0,0.0,150.0,0.0,9.0,1.0,150.0,2
8.0,14.50125,1.0,8.0,8.0,9500.0,18.0,8.0,1.0,1.0,150.0,0.0,9.0,0.0,136.5,2
4.0,12.25,1.0,14.0,15.0,9003.0,21.0,8.0,44.0,0.0,120.0,0.0,2.0,1.0,120.0,1
4.0,10.5,0.0,10.0,13.0,9003.0,43.0,6.0,39.0,0.0,120.0,1.0,9.0,0.0,125.7,0
6.0,14.333333333333334,1.0,7.0,7.0,8014.0,30.0,6.0,39.0,1.0,133.1,0.0,9.0,0.0,112.5,2
6.0,16.0,1.0,7.0,7.0,9085.0,30.0,6.0,39.0,0.0,110.0,1.0,5.0,0.0,160.0,0
5.0,12.5,1.0,10.0,13.0,9003.0,34.0,6.0,39.0,0.0,140.0,1.0,5.0,0.0,150.0,2
0.0,0.0,1.0,0.0,0.0,9238.0,21.0,6.0,1.0,0.0,133.1,0.0,1.0,0.0,101.0,0
7.0,13.971428571428572,1.0,8.0,8.0,9500.0,18.0,8.0,1.0,1.0,145.0,0.0,9.0,0.0,136.3,2
6.0,11.625,1.0,8.0,8.0,9070.0,21.0,6.0,1.0,1.0,131.0,0.0,3.0,0.0,135.9,2
5.0,11.8,1.0,11.0,10.0,9853.0,19.0,6.0,1.0,0.0,160.0,0.0,9.0,0.0,146.0,1
6.0,14.833333333333334,1.0,6.0,6.0,9773.0,18.0,6.0,1.0,1.0,153.0,1.0,-1.0,0.0,157.9,2
8.0,14.4775,1.0,8.0,8.0,9500.0,19.0,8.0,17.0,1.0,132.0,0.0,9.0,0.0,128.3,2
2.0,11.5,1.0,13.0,17.0,9085.0,21.0,6.0,1.0,0.0,105.0,0.0,-1.0,0.0,102.6,1
2.0,12.5,1.0,9.0,9.0,9147.0,18.0,5.0,1.0,0.0,125.0,0.0,7.0,0.0,122.2,1
6.0,12.166666666666666,1.0,8.0,7.0,9238.0,19.0,6.0,17.0,1.0,135.0,0.0,7.0,0.0,126.6,2
7.0,12.628571428571428,1.0,8.0,8.0,9500.0,18.0,8.0,1.0,0.0,133.0,0.0,-1.0,0.0,127.3,2
6.0,11.666666666666666,1.0,6.0,7.0,9773.0,19.0,6.0,1.0,0.0,125.0,0.0,2.0,0.0,125.7,2
5.0,12.2,1.0,10.0,14.0,9085.0,21.0,9.0,-1.0,0.0,140.0,1.0,4.0,0.0,140.0,1
1.0,10.0,1.0,11.0,12.0,9130.0,31.0,6.0,39.0,0.0,130.0,0.0,9.0,1.0,160.0,0
0.0,0.0,0.0,5.0,6.0,9991.0,26.0,5.0,17.0,0.0,120.0,1.0,9.0,0.0,116.9,0
12.0,12.083333333333334,1.0,21.0,18.0,9003.0,32.0,12.0,39.0,0.0,130.0,0.0,2.0,1.0,110.0,2
5.0,13.0,1.0,10.0,12.0,9003.0,24.0,6.0,44.0,0.0,140.0,0.0,9.0,0.0,140.0,1
5.0,11.0,1.0,10.0,9.0,9238.0,18.0,6.0,1.0,0.0,134.0,1.0,9.0,0.0,130.9,2
5.0,14.857142857142858,1.0,6.0,8.0,9085.0,18.0,5.0,1.0,0.0,151.0,0.0,1.0,0.0,161.9,2
6.0,14.166666666666666,1.0,6.0,6.0,9238.0,19.0,6.0,1.0,1.0,128.0,0.0,9.0,0.0,116.5,2
1.0,10.0,1.0,10.0,14.0,9119.0,20.0,5.0,17.0,0.0,122.0,0.0,-1.0,1.0,121.0,1
0.0,0.0,1.0,0.0,0.0,171.0,20.0,0.0,-1.0,0.0,137.0,0.0,1.0,1.0,144.7,1
0.0,0.0,1.0,6.0,0.0,9773.0,19.0,6.0,17.0,0.0,128.0,0.0,5.0,1.0,125.6,0
2.0,10.5,1.0,8.0,12.0,9119.0,19.0,5.0,43.0,0.0,128.0,0.0,4.0,1.0,100.0,1
6.0,11.666666666666666,1.0,7.0,7.0,9773.0,19.0,6.0,1.0,0.0,121.0,0.0,7.0,0.0,117.9,2
1.0,16.0,1.0,8.0,8.0,9147.0,19.0,5.0,1.0,0.0,128.0,0.0,2.0,1.0,116.5,0
0.0,0.0,1.0,0.0,0.0,9500.0,19.0,8.0,1.0,0.0,140.0,0.0,7.0,0.0,129.9,0
5.0,14.0,1.0,9.0,11.0,9238.0,18.0,6.0,1.0,1.0,130.0,0.0,4.0,0.0,124.8,2
0.0,0.0,1.0,0.0,0.0,9254.0,20.0,6.0,17.0,0.0,143.0,0.0,4.0,0.0,135.0,0
4.0,13.714285714285714,1.0,6.0,9.0,9670.0,18.0,6.0,17.0,0.0,124.0,1.0,5.0,0.0,114.2,0
0.0,0.0,1.0,0.0,0.0,9147.0,20.0,5.0,1.0,0.0,125.0,0.0,4.0,1.0,134.1,0
8.0,13.811111111111112,1.0,8.0,9.0,9500.0,19.0,8.0,1.0,0.0,106.0,0.0,9.0,0.0,109.5,2
6.0,11.571428571428571,1.0,12.0,8.0,9773.0,20.0,6.0,18.0,0.0,130.0,0.0,4.0,0.0,121.3,0
6.0,13.666666666666666,1.0,8.0,8.0,9853.0,19.0,7.0,1.0,1.0,122.0,0.0,-1.0,0.0,112.9,2
0.0,0.0,1.0,5.0,5.0,9670.0,26.0,5.0,39.0,0.0,133.1,1.0,5.0,1.0,110.0,0
6.0,11.833333333333334,1.0,6.0,8.0,9238.0,19.0,6.0,1.0,0.0,137.0,0.0,9.0,1.0,132.8,2
7.0,12.242857142857144,1.0,7.0,9.0,9500.0,19.0,8.0,1.0,1.0,131.0,0.0,4.0,0.0,126.1,0
4.0,11.25,1.0,10.0,9.0,9991.0,26.0,5.0,39.0,0.0,150.0,0.0,9.0,0.0,138.5,1
5.0,11.8,1.0,5.0,5.0,9147.0,18.0,5.0,17.0,1.0,142.0,0.0,4.0,0.0,127.3,2
7.0,11.971428571428572,1.0,12.0,12.0,9500.0,18.0,8.0,1.0,0.0,144.0,0.0,9.0,0.0,130.5,2
2.0,11.5,1.0,13.0,12.0,-1.0,25.0,7.0,39.0,0.0,133.1,0.0,9.0,1.0,98.6,0
0.0,0.0,1.0,0.0,0.0,9238.0,42.0,6.0,39.0,0.0,133.1,0.0,9.0,1.0,103.5,0
6.0,12.833333333333334,1.0,6.0,6.0,9853.0,19.0,6.0,1.0,1.0,128.0,0.0,9.0,0.0,124.9,2
2.0,10.5,1.0,9.0,13.0,8014.0,29.0,6.0,43.0,0.0,133.1,1.0,0.0,0.0,100.0,0
0.0,0.0,1.0,8.0,8.0,9500.0,18.0,8.0,17.0,0.0,138.0,0.0,2.0,0.0,133.0,1
7.0,13.475,1.0,9.0,9.0,9500.0,20.0,8.0,1.0,0.0,118.0,0.0,4.0,1.0,115.7,1
6.0,12.571428571428571,1.0,10.0,11.0,9773.0,18.0,6.0,1.0,0.0,137.0,0.0,2.0,0.0,139.8,1
4.0,12.5,1.0,5.0,6.0,9147.0,18.0,5.0,17.0,0.0,142.0,0.0,5.0,0.0,129.4,2
4.0,11.25,1.0,6.0,7.0,9147.0,21.0,5.0,1.0,1.0,127.0,0.0,5.0,0.0,130.5,2
5.0,11.8,1.0,7.0,9.0,8014.0,48.0,6.0,39.0,1.0,133.1,0.0,9.0,0.0,119.0,1
6.0,12.428571428571429,1.0,9.0,8.0,9238.0,19.0,6.0,17.0,0.0,122.0,0.0,9.0,0.0,114.7,2
4.0,11.0,1.0,10.0,10.0,9254.0,21.0,6.0,1.0,0.0,112.0,0.0,9.0,0.0,113.8,1
6.0,11.9,1.0,9.0,12.0,9500.0,19.0,8.0,1.0,0.0,133.1,0.0,5.0,0.0,108.5,2
8.0,14.15375,1.0,8.0,8.0,9500.0,18.0,8.0,1.0,1.0,139.0,0.0,9.0,0.0,130.3,2
6.0,11.666666666666666,1.0,7.0,6.0,8014.0,34.0,6.0,1.0,0.0,133.0,0.0,5.0,0.0,135.5,2
5.0,11.8,1.0,8.0,8.0,9853.0,19.0,6.0,-1.0,0.0,134.0,0.0,9.0,0.0,121.1,1
6.0,14.0,1.0,6.0,7.0,9773.0,19.0,6.0,1.0,0.0,130.0,0.0,5.0,0.0,137.4,1
0.0,0.0,1.0,0.0,0.0,9500.0,19.0,8.0,1.0,0.0,140.0,0.0,7.0,0.0,129.9,0
7.0,14.962857142857144,1.0,8.0,8.0,9500.0,18.0,8.0,17.0,1.0,148.0,0.0,5.0,0.0,137.8,2
2.0,10.0,1.0,7.0,7.0,9119.0,19.0,5.0,1.0,0.0,160.0,0.0,9.0,1.0,153.7,1
0.0,0.0,1.0,6.0,0.0,9773.0,19.0,6.0,17.0,0.0,128.0,0.0,5.0,1.0,125.6,0
5.0,10.8,1.0,6.0,7.0,9773.0,19.0,6.0,1.0,0.0,132.0,0.0,9.0,0.0,124.3,1
0.0,0.0,1.0,8.0,12.0,9085.0,21.0,5.0,1.0,0.0,135.0,0.0,4.0,0.0,129.4,0
12.0,12.428571428571429,1.0,17.0,15.0,9991.0,22.0,14.0,43.0,0.0,130.0,0.0,9.0,0.0,119.5,2
0.0,0.0,0.0,8.0,10.0,9003.0,38.0,6.0,39.0,0.0,133.1,1.0,9.0,1.0,120.0,0
1.0,14.0,1.0,12.0,12.0,9119.0,23.0,6.0,44.0,0.0,140.0,0.0,3.0,1.0,140.0,1
4.0,12.6,1.0,7.0,7.0,9070.0,21.0,6.0,51.0,0.0,117.0,0.0,2.0,0.0,120.0,1
6.0,12.666666666666666,1.0,6.0,8.0,9773.0,18.0,6.0,1.0,1.0,123.0,0.0,9.0,0.0,116.7,2
2.0,10.0,1.0,9.0,7.0,9991.0,34.0,7.0,43.0,0.0,130.0,0.0,9.0,0.0,128.2,0
0.0,0.0,1.0,0.0,0.0,171.0,18.0,0.0,1.0,1.0,169.0,0.0,9.0,0.0,167.224,2
6.0,12.5,1.0,6.0,6.0,9773.0,18.0,6.0,1.0,0.0,127.0,0.0,4.0,0.0,121.1,1
5.0,12.8,1.0,6.0,5.0,9147.0,19.0,5.0,17.0,0.0,133.0,0.0,4.0,0.0,136.2,2
8.0,14.26875,1.0,8.0,8.0,9500.0,18.0,8.0,1.0,0.0,143.0,0.0,7.0,0.0,133.8,1
2.0,12.5,1.0,9.0,13.0,9254.0,18.0,6.0,1.0,0.0,115.0,0.0,3.0,0.0,117.5,0
0.0,0.0,1.0,6.0,5.0,9238.0,28.0,5.0,39.0,0.0,110.0,0.0,5.0,1.0,136.5,0
0.0,0.0,1.0,0.0,0.0,171.0,19.0,0.0,17.0,0.0,136.0,0.0,7.0,0.0,127.3,0
5.0,10.5,0.0,8.0,9.0,9147.0,19.0,5.0,17.0,0.0,120.0,1.0,9.0,1.0,115.5,1
0.0,0.0,1.0,6.0,6.0,9003.0,30.0,6.0,39.0,1.0,133.1,1.0,3.0,0.0,130.0,1
0.0,0.0,1.0,6.0,6.0,9119.0,20.0,5.0,17.0,0.0,120.0,0.0,9.0,1.0,120.4,0
6.0,15.4,1.0,7.0,7.0,9500.0,20.0,7.0,1.0,0.0,125.0,1.0,9.0,0.0,126.0,2
2.0,11.0,0.0,11.0,11.0,9130.0,20.0,6.0,44.0,0.0,140.0,1.0,5.0,0.0,140.0,1
11.0,15.0,0.0,12.0,12.0,171.0,19.0,11.0,1.0,0.0,161.0,0.0,9.0,0.0,163.1,2
6.0,13.0,1.0,9.0,9.0,9773.0,18.0,6.0,17.0,0.0,120.0,0.0,5.0,0.0,125.3,2
3.0,11.666666666666666,1.0,10.0,10.0,9556.0,25.0,8.0,43.0,0.0,126.0,0.0,3.0,0.0,100.0,1
7.0,12.428571428571429,1.0,11.0,7.0,8014.0,30.0,7.0,7.0,0.0,124.4,0.0,0.0,0.0,130.0,2
3.0,12.0,1.0,11.0,9.0,9130.0,18.0,5.0,43.0,0.0,127.0,1.0,4.0,0.0,120.7,1
0.0,0.0,0.0,7.0,5.0,9130.0,18.0,5.0,7.0,0.0,140.0,0.0,2.0,1.0,140.0,0
6.0,13.5,1.0,7.0,7.0,9238.0,21.0,6.0,17.0,1.0,143.0,0.0,9.0,0.0,126.2,2
7.0,14.731428571428571,1.0,8.0,8.0,9500.0,19.0,8.0,17.0,0.0,142.0,0.0,5.0,0.0,131.3,2
7.0,13.75,1.0,10.0,9.0,9500.0,18.0,8.0,1.0,0.0,130.0,0.0,9.0,1.0,118.1,1
6.0,12.833333333333334,1.0,6.0,6.0,9238.0,20.0,6.0,44.0,1.0,140.0,0.0,3.0,0.0,141.7,2
6.0,15.0,1.0,8.0,6.0,9238.0,18.0,6.0,1.0,0.0,142.0,0.0,6.0,0.0,136.1,2
5.0,12.4,1.0,12.0,11.0,9991.0,46.0,9.0,7.0,0.0,120.0,0.0,6.0,0.0,120.0,2
5.0,11.8,0.0,8.0,8.0,9147.0,35.0,5.0,39.0,0.0,133.1,0.0,9.0,0.0,140.0,0
6.0,13.55,1.0,10.0,8.0,9500.0,20.0,7.0,1.0,1.0,113.0,0.0,-1.0,0.0,107.8,1
8.0,15.1625,1.0,7.0,8.0,9500.0,18.0,8.0,1.0,1.0,145.0,0.0,9.0,0.0,145.0,2
8.0,14.511111111111113,1.0,7.0,9.0,9500.0,21.0,8.0,17.0,0.0,121.0,0.0,5.0,0.0,118.9,2
3.0,11.0,1.0,6.0,10.0,9773.0,18.0,6.0,43.0,0.0,127.0,0.0,5.0,0.0,117.6,1
2.0,11.5,0.0,11.0,18.0,9085.0,24.0,6.0,44.0,0.0,140.0,1.0,9.0,0.0,140.0,1
0.0,0.0,1.0,12.0,5.0,9147.0,20.0,5.0,1.0,0.0,121.0,0.0,9.0,0.0,126.3,0
3.0,11.725,1.0,11.0,14.0,9500.0,48.0,7.0,39.0,0.0,133.1,0.0,-1.0,0.0,115.2,1
4.0,11.25,1.0,11.0,11.0,9254.0,19.0,6.0,17.0,0.0,134.0,0.0,9.0,0.0,124.9,0
0.0,0.0,1.0,6.0,7.0,9238.0,22.0,6.0,51.0,0.0,141.0,0.0,5.0,1.0,125.0,0
0.0,0.0,1.0,7.0,8.0,9991.0,25.0,5.0,39.0,0.0,130.0,0.0,4.0,1.0,115.0,0
5.0,12.4,1.0,10.0,8.0,9853.0,22.0,6.0,17.0,0.0,134.0,0.0,4.0,0.0,122.5,1
11.0,13.181818181818182,1.0,17.0,13.0,9147.0,34.0,13.0,43.0,0.0,130.0,0.0,7.0,0.0,138.0,2
5.0,12.833333333333334,1.0,10.0,12.0,9853.0,20.0,6.0,17.0,1.0,128.0,0.0,9.0,0.0,128.4,1
5.0,14.333333333333334,1.0,5.0,6.0,9991.0,38.0,5.0,43.0,0.0,140.0,0.0,4.0,1.0,122.7,2
0.0,0.0,1.0,10.0,10.0,9991.0,20.0,5.0,1.0,0.0,131.0,0.0,9.0,0.0,118.4,1
0.0,0.0,0.0,0.0,0.0,9130.0,19.0,6.0,1.0,0.0,110.0,1.0,2.0,0.0,105.5,0
8.0,13.627777777777778,1.0,7.0,9.0,9500.0,18.0,8.0,17.0,1.0,135.0,0.0,9.0,0.0,129.2,2
4.0,11.142857142857142,1.0,6.0,11.0,9670.0,22.0,6.0,43.0,0.0,130.0,0.0,4.0,1.0,127.6,0
0.0,0.0,0.0,5.0,10.0,8014.0,24.0,5.0,17.0,0.0,115.0,0.0,5.0,0.0,115.0,0
6.0,13.78,1.0,10.0,10.0,9500.0,19.0,8.0,1.0,0.0,129.0,0.0,9.0,0.0,127.8,0
4.0,11.75,1.0,10.0,9.0,9147.0,19.0,5.0,17.0,0.0,129.0,0.0,2.0,0.0,128.3,1
7.0,12.914285714285713,1.0,8.0,8.0,9500.0,18.0,8.0,1.0,0.0,149.0,0.0,9.0,0.0,126.5,2
5.0,13.126,1.0,12.0,12.0,9500.0,38.0,8.0,43.0,0.0,130.0,0.0,9.0,0.0,103.7,1
8.0,14.0625,1.0,8.0,8.0,9500.0,18.0,8.0,1.0,0.0,140.0,0.0,7.0,0.0,129.9,0
5.0,14.8,1.0,5.0,5.0,9991.0,27.0,5.0,39.0,0.0,140.0,0.0,9.0,0.0,139.0,2
6.0,13.666666666666666,1.0,7.0,7.0,9238.0,19.0,6.0,17.0,0.0,132.0,0.0,4.0,0.0,127.1,2
6.0,11.166666666666666,1.0,9.0,6.0,9238.0,20.0,6.0,18.0,1.0,126.0,0.0,5.0,1.0,129.9,2
7.0,11.4,1.0,8.0,8.0,9500.0,19.0,8.0,18.0,1.0,130.0,0.0,7.0,0.0,119.3,2
3.0,11.333333333333334,1.0,11.0,9.0,9991.0,38.0,5.0,39.0,0.0,133.1,0.0,9.0,1.0,121.5,1
4.0,10.25,1.0,11.0,10.0,9853.0,19.0,6.0,17.0,0.0,117.0,0.0,9.0,0.0,114.6,0
6.0,14.833333333333334,1.0,6.0,6.0,9773.0,18.0,6.0,17.0,0.0,141.0,0.0,5.0,1.0,127.7,2
6.0,13.5,1.0,6.0,6.0,9070.0,19.0,6.0,17.0,0.0,136.0,0.0,4.0,0.0,140.9,2
12.0,12.105263157894736,1.0,21.0,19.0,9853.0,41.0,14.0,43.0,0.0,140.0,1.0,6.0,0.0,125.2,2
5.0,13.2,1.0,6.0,7.0,9773.0,18.0,6.0,1.0,1.0,131.0,0.0,4.0,0.0,127.2,0
4.0,11.4,1.0,11.0,12.0,9238.0,21.0,6.0,17.0,1.0,134.0,0.0,7.0,0.0,124.2,2
0.0,0.0,0.0,0.0,0.0,171.0,18.0,0.0,1.0,0.0,159.0,1.0,4.0,0.0,162.2,0
6.0,14.166666666666666,1.0,9.0,6.0,9238.0,18.0,6.0,1.0,0.0,141.0,0.0,9.0,0.0,138.9,2
5.0,14.5,1.0,8.0,10.0,9670.0,19.0,6.0,18.0,0.0,128.0,0.0,9.0,0.0,120.0,2
0.0,0.0,1.0,0.0,0.0,9500.0,18.0,8.0,1.0,0.0,143.0,0.0,4.0,1.0,123.3,0
8.0,12.2,1.0,18.0,19.0,9085.0,21.0,12.0,44.0,0.0,140.0,0.0,2.0,0.0,140.0,1
4.0,11.25,1.0,5.0,9.0,9991.0,32.0,5.0,43.0,0.0,134.0,0.0,9.0,0.0,113.7,1
5.0,11.6,1.0,11.0,7.0,9085.0,18.0,5.0,1.0,0.0,135.0,0.0,9.0,0.0,136.8,1
6.0,13.0,1.0,6.0,6.0,9238.0,22.0,6.0,1.0,1.0,154.0,0.0,9.0,0.0,140.4,2
2.0,11.0,0.0,11.0,11.0,9130.0,20.0,6.0,44.0,0.0,140.0,1.0,5.0,0.0,140.0,1
3.0,13.0,1.0,9.0,8.0,9085.0,19.0,5.0,-1.0,0.0,141.0,0.0,7.0,0.0,128.8,1
8.0,14.3875,1.0,8.0,8.0,9500.0,18.0,8.0,43.0,1.0,140.0,0.0,4.0,0.0,100.0,2
2.0,14.0,1.0,7.0,6.0,9238.0,22.0,6.0,44.0,0.0,140.0,0.0,4.0,1.0,138.6,0
2.0,12.5,1.0,8.0,10.0,9147.0,18.0,5.0,17.0,1.0,132.0,0.0,5.0,1.0,120.8,0
5.0,13.4,1.0,6.0,10.0,9670.0,19.0,6.0,1.0,1.0,121.0,0.0,4.0,0.0,135.4,2
5.0,14.8,1.0,6.0,5.0,9085.0,21.0,5.0,-1.0,0.0,140.0,0.0,4.0,0.0,140.0,2
6.0,14.166666666666666,1.0,6.0,6.0,9773.0,18.0,6.0,1.0,1.0,155.0,0.0,1.0,0.0,149.8,2
8.0,13.6625,1.0,7.0,8.0,9500.0,20.0,8.0,1.0,0.0,127.0,0.0,2.0,0.0,119.3,2
7.0,13.571428571428571,1.0,7.0,9.0,9500.0,20.0,8.0,-1.0,0.0,133.1,0.0,9.0,0.0,98.6,2
2.0,10.5,1.0,8.0,11.0,9853.0,20.0,6.0,17.0,0.0,120.0,0.0,9.0,0.0,122.6,0
2.0,10.5,0.0,8.0,7.0,9085.0,21.0,5.0,17.0,0.0,128.0,0.0,4.0,0.0,124.2,0
5.0,11.2,1.0,15.0,16.0,9238.0,22.0,7.0,43.0,0.0,122.0,0.0,5.0,0.0,114.3,1
1.0,12.0,1.0,13.0,12.0,9991.0,28.0,5.0,39.0,0.0,130.0,0.0,9.0,1.0,152.1,0
4.0,14.0,1.0,7.0,6.0,9670.0,19.0,6.0,-1.0,0.0,135.0,0.0,4.0,0.0,140.3,1
8.0,16.0,1.0,9.0,9.0,9500.0,28.0,8.0,39.0,0.0,133.8,0.0,2.0,0.0,167.224,2
10.0,12.8,1.0,14.0,14.0,8014.0,42.0,11.0,51.0,0.0,133.1,1.0,9.0,0.0,104.0,1
0.0,0.0,1.0,7.0,16.0,9500.0,18.0,8.0,1.0,0.0,145.0,0.0,4.0,0.0,145.0,0
0.0,0.0,1.0,0.0,0.0,171.0,19.0,0.0,1.0,0.0,133.1,1.0,9.0,1.0,117.0,1
1.0,10.0,1.0,15.0,17.0,9238.0,28.0,6.0,39.0,0.0,160.0,1.0,9.0,1.0,124.0,1
4.0,15.5,1.0,13.0,9.0,9130.0,44.0,5.0,39.0,0.0,133.1,0.0,2.0,1.0,157.0,2
1.0,10.0,0.0,10.0,6.0,9991.0,31.0,5.0,43.0,0.0,140.0,0.0,4.0,0.0,100.0,0
4.0,11.8,1.0,7.0,11.0,9254.0,25.0,6.0,39.0,0.0,133.1,0.0,5.0,1.0,119.3,1
3.0,11.666666666666666,1.0,7.0,12.0,9254.0,19.0,6.0,1.0,1.0,125.0,0.0,9.0,1.0,122.9,1
2.0,12.6,1.0,11.0,19.0,9500.0,24.0,8.0,39.0,0.0,150.0,0.0,9.0,1.0,140.0,2
5.0,12.6,1.0,12.0,10.0,9773.0,18.0,6.0,1.0,1.0,128.0,0.0,6.0,1.0,116.5,2
3.0,11.666666666666666,0.0,12.0,9.0,9130.0,31.0,5.0,39.0,0.0,150.0,0.0,4.0,1.0,130.0,0
0.0,0.0,1.0,12.0,14.0,9853.0,39.0,6.0,39.0,0.0,133.1,0.0,0.0,0.0,115.5,0
1.0,13.0,0.0,12.0,13.0,9238.0,21.0,6.0,1.0,0.0,133.0,0.0,5.0,0.0,120.4,0
5.0,13.4,1.0,6.0,6.0,9085.0,19.0,5.0,1.0,0.0,129.0,0.0,4.0,0.0,123.4,2
3.0,10.666666666666666,1.0,9.0,13.0,9130.0,20.0,6.0,44.0,0.0,130.0,1.0,3.0,1.0,130.0,0
5.0,11.1,1.0,11.0,9.0,9500.0,19.0,7.0,1.0,1.0,122.0,0.0,4.0,0.0,114.8,1
12.0,12.5,0.0,13.0,12.0,9147.0,42.0,12.0,43.0,0.0,120.0,1.0,9.0,0.0,122.8,0
6.0,12.0,1.0,10.0,10.0,9085.0,18.0,6.0,17.0,0.0,134.0,0.0,1.0,1.0,120.4,2
0.0,0.0,1.0,9.0,0.0,9556.0,29.0,7.0,39.0,0.0,100.0,0.0,9.0,0.0,120.0,0
6.0,13.285714285714286,1.0,7.0,7.0,9238.0,20.0,6.0,1.0,1.0,133.1,0.0,9.0,0.0,106.0,2
4.0,11.25,1.0,11.0,11.0,9254.0,19.0,6.0,17.0,0.0,134.0,0.0,9.0,0.0,124.9,0
8.0,16.0,1.0,9.0,8.0,9500.0,31.0,8.0,1.0,0.0,143.0,0.0,9.0,0.0,138.8,2
7.0,12.771428571428572,1.0,11.0,11.0,9500.0,18.0,8.0,18.0,0.0,144.0,0.0,3.0,0.0,130.8,2
0.0,0.0,1.0,6.0,8.0,9003.0,23.0,6.0,43.0,0.0,119.0,1.0,9.0,1.0,119.0,0
2.0,12.5,1.0,11.0,11.0,9085.0,29.0,5.0,1.0,0.0,150.0,1.0,4.0,0.0,132.1,0
3.0,11.0,1.0,10.0,9.0,9147.0,21.0,5.0,1.0,0.0,122.0,0.0,4.0,1.0,116.4,1
3.0,10.5,1.0,15.0,6.0,9147.0,19.0,5.0,-1.0,0.0,126.0,0.0,5.0,0.0,117.3,1
0.0,0.0,1.0,6.0,12.0,9254.0,26.0,6.0,1.0,0.0,133.1,0.0,4.0,1.0,98.6,0
9.0,10.333333333333334,1.0,16.0,19.0,9991.0,29.0,12.0,43.0,0.0,120.0,0.0,9.0,0.0,122.5,1
5.0,14.6,1.0,7.0,5.0,9130.0,22.0,5.0,44.0,0.0,150.0,0.0,6.0,1.0,150.0,2
2.0,11.0,1.0,8.0,11.0,9147.0,22.0,5.0,1.0,1.0,130.0,1.0,9.0,1.0,118.8,1
5.0,13.0,1.0,10.0,8.0,9670.0,24.0,6.0,39.0,1.0,133.1,0.0,5.0,1.0,98.6,2
2.0,10.0,0.0,12.0,15.0,9085.0,44.0,6.0,39.0,1.0,140.0,0.0,9.0,0.0,154.6,1
5.0,14.0,1.0,6.0,7.0,8014.0,20.0,6.0,43.0,0.0,120.0,0.0,5.0,0.0,118.3,1
5.0,12.2,1.0,6.0,6.0,9773.0,18.0,6.0,1.0,0.0,130.0,0.0,9.0,0.0,126.2,2
0.0,0.0,1.0,0.0,0.0,171.0,18.0,0.0,1.0,1.0,141.0,0.0,4.0,0.0,136.8,2
0.0,0.0,0.0,9.0,9.0,9130.0,41.0,5.0,7.0,0.0,130.0,0.0,90.0,1.0,130.0,0
8.0,14.47777777777778,1.0,7.0,9.0,9500.0,18.0,8.0,1.0,1.0,132.0,0.0,7.0,0.0,120.3,2
0.0,0.0,1.0,8.0,12.0,9085.0,32.0,5.0,7.0,0.0,140.0,0.0,4.0,0.0,140.0,0
3.0,10.857142857142858,1.0,8.0,10.0,9147.0,19.0,5.0,42.0,0.0,139.0,0.0,2.0,0.0,112.3,1
3.0,10.5,1.0,9.0,6.0,9119.0,24.0,5.0,39.0,0.0,133.1,0.0,5.0,1.0,100.9,1
5.0,11.833333333333334,1.0,8.0,8.0,9773.0,21.0,6.0,17.0,0.0,133.1,0.0,9.0,0.0,117.0,1
8.0,13.3425,1.0,8.0,8.0,9500.0,19.0,8.0,17.0,0.0,135.0,0.0,4.0,0.0,133.5,2
6.0,14.142857142857142,1.0,7.0,7.0,9773.0,18.0,6.0,1.0,0.0,144.0,0.0,-1.0,0.0,138.4,2
8.0,13.07375,1.0,8.0,8.0,9500.0,18.0,8.0,1.0,0.0,143.0,0.0,7.0,0.0,127.0,2
4.0,12.75,1.0,10.0,7.0,9147.0,34.0,5.0,39.0,0.0,130.0,0.0,4.0,1.0,140.0,2
7.0,11.328571428571427,0.0,11.0,11.0,9500.0,23.0,8.0,-1.0,0.0,140.0,1.0,2.0,0.0,140.0,0
0.0,0.0,1.0,6.0,5.0,9147.0,23.0,5.0,43.0,0.0,127.0,0.0,9.0,1.0,124.2,1
2.0,11.5,1.0,10.0,14.0,9254.0,21.0,6.0,1.0,0.0,133.1,0.0,2.0,1.0,125.0,1
0.0,0.0,1.0,5.0,5.0,9991.0,32.0,5.0,43.0,0.0,120.0,0.0,9.0,1.0,128.2,0
0.0,0.0,0.0,4.0,4.0,9773.0,18.0,4.0,1.0,0.0,124.0,0.0,-1.0,0.0,124.0,0
4.0,13.0,1.0,10.0,8.0,9670.0,20.0,6.0,1.0,0.0,132.0,0.0,7.0,1.0,129.9,1
4.0,12.75,1.0,13.0,16.0,9085.0,18.0,6.0,1.0,0.0,125.0,0.0,3.0,0.0,126.8,1
6.0,14.285714285714286,1.0,6.0,7.0,9773.0,18.0,6.0,17.0,0.0,148.0,0.0,2.0,0.0,144.2,2
0.0,0.0,1.0,0.0,0.0,171.0,20.0,0.0,1.0,0.0,122.0,0.0,9.0,0.0,115.7,0
8.0,13.7125,1.0,8.0,8.0,9500.0,20.0,8.0,1.0,1.0,119.0,0.0,4.0,0.0,115.2,2
8.0,11.7375,1.0,8.0,10.0,9500.0,19.0,8.0,1.0,1.0,135.0,0.0,9.0,0.0,123.5,2
4.0,14.0,1.0,7.0,10.0,9254.0,18.0,6.0,1.0,1.0,144.0,0.0,9.0,0.0,142.6,2
4.0,10.5,1.0,13.0,11.0,9085.0,28.0,5.0,39.0,0.0,130.0,0.0,9.0,0.0,130.0,1
6.0,14.666666666666666,1.0,6.0,6.0,9773.0,19.0,6.0,1.0,1.0,158.0,0.0,9.0,0.0,144.7,2
3.0,11.0,1.0,7.0,10.0,9070.0,19.0,6.0,1.0,0.0,132.0,0.0,4.0,1.0,136.6,1
4.0,12.0,1.0,7.0,5.0,9670.0,19.0,5.0,1.0,0.0,121.0,0.0,2.0,1.0,122.4,1
5.0,11.666666666666666,1.0,10.0,8.0,9254.0,19.0,6.0,17.0,0.0,123.0,1.0,5.0,0.0,113.2,0
0.0,0.0,0.0,11.0,12.0,9070.0,20.0,6.0,44.0,0.0,120.0,1.0,4.0,1.0,120.0,0
3.0,13.75,1.0,14.0,17.0,9085.0,18.0,6.0,1.0,0.0,120.0,0.0,2.0,0.0,113.4,1
0.0,0.0,1.0,6.0,5.0,9238.0,33.0,5.0,39.0,0.0,170.0,0.0,-1.0,1.0,159.5,0
3.0,11.333333333333334,1.0,10.0,9.0,9085.0,19.0,5.0,1.0,0.0,127.0,0.0,9.0,0.0,122.8,1
6.0,11.0,1.0,8.0,7.0,9773.0,18.0,6.0,1.0,0.0,143.0,0.0,3.0,0.0,149.0,0
4.0,12.5,1.0,8.0,11.0,9254.0,19.0,6.0,17.0,0.0,121.0,0.0,6.0,1.0,116.1,2
1.0,15.0,1.0,12.0,12.0,9147.0,21.0,5.0,1.0,0.0,133.1,0.0,9.0,0.0,100.0,0
9.0,11.444444444444445,1.0,20.0,15.0,9003.0,21.0,12.0,-1.0,0.0,130.0,1.0,9.0,1.0,130.0,1
2.0,11.0,1.0,5.0,11.0,9147.0,24.0,5.0,18.0,0.0,100.0,0.0,5.0,0.0,101.8,1
0.0,0.0,0.0,5.0,0.0,9070.0,19.0,6.0,1.0,0.0,160.0,0.0,1.0,0.0,152.0,0
5.0,11.4,1.0,7.0,10.0,9147.0,18.0,5.0,1.0,1.0,123.0,0.0,9.0,0.0,117.4,2
5.0,12.375,1.0,7.0,10.0,9670.0,19.0,6.0,1.0,0.0,143.0,0.0,2.0,0.0,144.1,1
4.0,12.0,0.0,12.0,10.0,9130.0,21.0,6.0,44.0,0.0,130.0,0.0,4.0,0.0,130.0,0
8.0,14.863636363636363,1.0,7.0,11.0,9500.0,19.0,8.0,17.0,1.0,137.0,0.0,7.0,0.0,126.7,2
5.0,12.6,1.0,14.0,6.0,9130.0,18.0,5.0,17.0,0.0,130.0,0.0,2.0,0.0,115.9,2
2.0,10.0,0.0,10.0,11.0,9773.0,19.0,6.0,43.0,0.0,127.0,1.0,9.0,1.0,110.0,0
6.0,13.428571428571429,1.0,7.0,7.0,9238.0,21.0,6.0,-1.0,0.0,140.0,0.0,9.0,1.0,140.0,2
0.0,0.0,1.0,17.0,19.0,9003.0,19.0,6.0,44.0,0.0,120.0,0.0,-1.0,1.0,120.0,1
5.0,12.2,1.0,10.0,10.0,9238.0,22.0,6.0,1.0,1.0,120.0,0.0,5.0,0.0,112.3,2
7.0,14.115714285714288,1.0,8.0,8.0,9500.0,18.0,8.0,1.0,0.0,138.0,0.0,3.0,0.0,132.5,2
0.0,0.0,1.0,0.0,0.0,9500.0,32.0,8.0,39.0,0.0,133.1,0.0,3.0,0.0,154.3,0
6.0,12.833333333333334,1.0,7.0,6.0,9070.0,21.0,6.0,1.0,1.0,126.0,0.0,7.0,0.0,119.4,2
2.0,11.333333333333334,1.0,13.0,14.0,9085.0,25.0,6.0,39.0,1.0,130.0,0.0,6.0,0.0,110.0,1
6.0,12.0,1.0,8.0,8.0,9500.0,26.0,7.0,43.0,0.0,120.0,0.0,9.0,0.0,120.0,1
5.0,10.8,1.0,6.0,7.0,9773.0,19.0,6.0,1.0,0.0,132.0,0.0,9.0,0.0,124.3,1
6.0,13.55,1.0,7.0,7.0,9500.0,19.0,7.0,43.0,1.0,118.9,0.0,5.0,0.0,118.9,2
4.0,10.0,1.0,10.0,13.0,9254.0,18.0,6.0,1.0,0.0,130.0,0.0,4.0,0.0,122.7,0
5.0,11.4,1.0,9.0,8.0,9853.0,18.0,6.0,1.0,0.0,132.0,0.0,4.0,0.0,125.0,1
1.0,10.0,1.0,15.0,10.0,9500.0,28.0,7.0,39.0,0.0,133.1,0.0,9.0,0.0,114.8,0
0.0,0.0,0.0,8.0,10.0,9003.0,38.0,6.0,39.0,0.0,133.1,1.0,9.0,1.0,120.0,0
3.0,11.0,1.0,8.0,5.0,9147.0,19.0,5.0,17.0,1.0,122.0,0.0,7.0,0.0,116.1,2
5.0,12.6,1.0,8.0,8.0,9254.0,25.0,6.0,1.0,0.0,131.0,0.0,9.0,1.0,134.5,1
4.0,13.333333333333334,1.0,8.0,11.0,9991.0,37.0,5.0,39.0,1.0,120.0,0.0,9.0,1.0,138.1,0
0.0,0.0,0.0,6.0,5.0,9119.0,32.0,5.0,39.0,0.0,120.0,0.0,4.0,0.0,122.5,0
4.0,11.25,1.0,7.0,5.0,9670.0,18.0,5.0,17.0,0.0,120.0,0.0,4.0,0.0,113.7,2
1.0,10.0,1.0,6.0,8.0,9070.0,19.0,6.0,17.0,0.0,127.0,0.0,3.0,1.0,130.2,1
2.0,12.0,1.0,16.0,11.0,9147.0,18.0,5.0,17.0,0.0,125.0,0.0,2.0,0.0,118.7,1
8.0,11.0,1.0,11.0,8.0,8014.0,38.0,8.0,39.0,0.0,110.0,0.0,9.0,0.0,160.5,2
6.0,13.285714285714286,1.0,6.0,7.0,9238.0,19.0,6.0,1.0,1.0,125.0,0.0,7.0,0.0,118.4,2
5.0,11.25,1.0,9.0,13.0,9147.0,33.0,7.0,7.0,0.0,120.0,0.0,9.0,0.0,120.0,1
0.0,0.0,1.0,0.0,0.0,171.0,20.0,0.0,-1.0,0.0,137.0,0.0,1.0,1.0,144.7,1
6.0,12.571428571428571,1.0,6.0,7.0,9853.0,18.0,6.0,1.0,1.0,152.0,1.0,9.0,0.0,154.1,2
5.0,12.002,1.0,12.0,12.0,9500.0,20.0,8.0,1.0,0.0,125.0,0.0,9.0,1.0,118.3,0
0.0,0.0,1.0,0.0,0.0,9773.0,18.0,6.0,17.0,0.0,131.0,0.0,0.0,1.0,129.3,0
7.0,13.331428571428573,1.0,8.0,8.0,9500.0,18.0,8.0,1.0,1.0,139.0,0.0,9.0,1.0,124.0,2
7.0,15.57,1.0,8.0,8.0,9500.0,27.0,8.0,39.0,0.0,130.0,0.0,3.0,1.0,143.8,0
6.0,13.0,1.0,6.0,7.0,9070.0,19.0,6.0,1.0,0.0,135.0,0.0,4.0,0.0,129.8,2
0.0,0.0,1.0,0.0,0.0,171.0,19.0,0.0,1.0,1.0,150.0,0.0,9.0,1.0,137.8,2
2.0,11.0,1.0,8.0,9.0,9670.0,22.0,5.0,1.0,0.0,117.0,0.0,9.0,0.0,111.8,1
6.0,11.683333333333332,1.0,7.0,7.0,9500.0,19.0,7.0,17.0,0.0,131.0,0.0,4.0,0.0,132.3,2
5.0,13.7,1.0,11.0,8.0,9500.0,19.0,7.0,1.0,0.0,125.0,0.0,4.0,0.0,120.3,1
6.0,13.333333333333334,1.0,7.0,7.0,8014.0,32.0,6.0,39.0,1.0,133.1,0.0,9.0,0.0,106.5,2
0.0,0.0,1.0,5.0,0.0,9147.0,26.0,5.0,7.0,0.0,150.0,0.0,1.0,0.0,150.0,0
2.0,12.0,1.0,14.0,13.0,9991.0,33.0,5.0,39.0,0.0,133.1,0.0,9.0,0.0,113.4,0
5.0,12.4,1.0,8.0,8.0,9773.0,19.0,6.0,1.0,0.0,130.0,0.0,3.0,1.0,128.6,2
5.0,11.8,1.0,8.0,8.0,9853.0,19.0,6.0,-1.0,0.0,134.0,0.0,9.0,0.0,121.1,1
5.0,12.0,1.0,11.0,8.0,9147.0,18.0,5.0,17.0,0.0,146.0,0.0,6.0,0.0,143.9,2
5.0,12.666666666666666,1.0,7.0,8.0,9773.0,19.0,6.0,1.0,0.0,125.0,0.0,5.0,1.0,122.2,2
4.0,14.5,1.0,9.0,8.0,9085.0,19.0,5.0,1.0,0.0,121.0,0.0,6.0,0.0,121.0,2
3.0,11.0,1.0,10.0,7.0,9119.0,18.0,5.0,1.0,0.0,131.0,0.0,4.0,1.0,135.9,1
4.0,14.5,1.0,6.0,8.0,9003.0,18.0,6.0,1.0,0.0,148.0,1.0,-1.0,1.0,143.5,2
0.0,0.0,1.0,0.0,0.0,9556.0,24.0,7.0,39.0,0.0,133.1,0.0,7.0,0.0,101.5,0
3.0,10.571428571428571,0.0,9.0,9.0,9147.0,20.0,5.0,18.0,0.0,132.0,1.0,5.0,0.0,119.1,0
8.0,12.75,1.0,9.0,10.0,9070.0,20.0,9.0,44.0,0.0,123.9,0.0,9.0,1.0,123.9,0
6.0,12.9,1.0,7.0,7.0,9500.0,19.0,7.0,1.0,1.0,139.0,0.0,9.0,0.0,125.0,2
5.0,10.8,1.0,8.0,9.0,9853.0,21.0,6.0,1.0,0.0,133.1,0.0,9.0,0.0,132.0,0
6.0,13.5,1.0,7.0,11.0,9670.0,18.0,6.0,17.0,1.0,132.0,0.0,3.0,0.0,119.4,2
0.0,0.0,0.0,6.0,5.0,8014.0,29.0,5.0,39.0,0.0,133.1,1.0,4.0,1.0,107.5,0
0.0,0.0,0.0,5.0,9.0,9147.0,50.0,5.0,39.0,0.0,133.1,1.0,9.0,1.0,116.4,0
8.0,15.125,1.0,7.0,8.0,9556.0,18.0,8.0,17.0,1.0,133.0,0.0,9.0,0.0,124.4,2
4.0,10.0,1.0,16.0,15.0,9254.0,19.0,6.0,43.0,0.0,110.0,0.0,9.0,1.0,107.2,0
2.0,10.5,1.0,13.0,12.0,9085.0,21.0,5.0,17.0,0.0,125.0,0.0,4.0,0.0,118.4,1
2.0,10.5,1.0,13.0,12.0,9085.0,21.0,5.0,17.0,0.0,125.0,0.0,4.0,0.0,118.4,1
5.0,13.2,1.0,7.0,9.0,9670.0,19.0,6.0,17.0,0.0,123.0,1.0,3.0,1.0,122.0,1
7.0,12.042857142857144,1.0,8.0,8.0,9500.0,25.0,8.0,39.0,1.0,133.1,0.0,9.0,0.0,120.0,2
5.0,13.625,1.0,8.0,11.0,9670.0,19.0,6.0,1.0,0.0,120.0,0.0,4.0,0.0,115.1,1
5.0,11.8,1.0,7.0,9.0,8014.0,48.0,6.0,39.0,1.0,133.1,0.0,9.0,0.0,119.0,1
1.0,11.0,1.0,5.0,11.0,9254.0,20.0,6.0,17.0,0.0,124.0,0.0,3.0,0.0,126.1,0
0.0,0.0,0.0,6.0,0.0,9773.0,18.0,6.0,17.0,0.0,120.0,0.0,2.0,1.0,127.0,0
0.0,0.0,1.0,0.0,0.0,171.0,19.0,0.0,1.0,0.0,124.0,0.0,-1.0,0.0,113.9,0
5.0,13.6,1.0,9.0,10.0,9670.0,20.0,6.0,1.0,0.0,126.0,0.0,7.0,0.0,125.7,1
2.0,12.0,1.0,8.0,10.0,9147.0,20.0,5.0,1.0,0.0,117.0,0.0,5.0,1.0,118.4,1
3.0,11.666666666666666,1.0,10.0,11.0,9254.0,20.0,6.0,43.0,0.0,138.6,0.0,0.0,1.0,138.6,0
7.0,13.058571428571428,1.0,8.0,8.0,9500.0,19.0,8.0,42.0,1.0,100.0,0.0,7.0,0.0,100.0,2
0.0,0.0,1.0,0.0,0.0,171.0,18.0,0.0,43.0,0.0,133.0,0.0,5.0,0.0,133.0,1
6.0,14.35,1.0,7.0,7.0,9500.0,18.0,7.0,42.0,1.0,133.0,0.0,2.0,0.0,127.8,2
0.0,0.0,1.0,2.0,0.0,9556.0,21.0,7.0,1.0,0.0,133.1,0.0,9.0,0.0,104.5,0
0.0,0.0,1.0,0.0,0.0,9500.0,31.0,8.0,39.0,0.0,140.0,0.0,9.0,0.0,110.5,0
0.0,0.0,0.0,11.0,12.0,9238.0,28.0,6.0,39.0,0.0,140.0,0.0,0.0,0.0,114.0,0
6.0,13.666666666666666,0.0,14.0,12.0,9254.0,26.0,6.0,44.0,0.0,170.0,0.0,9.0,1.0,167.224,1
5.0,14.0,1.0,8.0,8.0,9003.0,20.0,6.0,17.0,0.0,119.0,1.0,4.0,0.0,113.2,1
8.0,15.11111111111111,1.0,15.0,10.0,9670.0,32.0,8.0,7.0,0.0,110.0,0.0,7.0,0.0,110.0,2
6.0,12.5,1.0,7.0,8.0,9853.0,21.0,7.0,18.0,0.0,133.1,1.0,-1.0,0.0,106.0,1
6.0,12.5,1.0,7.0,6.0,9238.0,18.0,6.0,1.0,1.0,137.0,0.0,4.0,0.0,128.6,2
3.0,12.0,1.0,13.0,9.0,9130.0,24.0,5.0,39.0,0.0,150.0,0.0,9.0,1.0,160.0,1
6.0,13.571428571428571,1.0,9.0,7.0,9670.0,20.0,6.0,44.0,1.0,110.0,0.0,9.0,0.0,110.0,2
5.0,13.714285714285714,1.0,6.0,8.0,9119.0,20.0,5.0,17.0,0.0,122.0,0.0,9.0,1.0,114.7,1
7.0,13.671428571428573,1.0,8.0,8.0,9500.0,18.0,8.0,1.0,1.0,151.0,0.0,9.0,0.0,127.8,2
6.0,14.0,1.0,6.0,9.0,9670.0,21.0,6.0,17.0,0.0,132.0,0.0,5.0,1.0,134.1,2
6.0,13.5,1.0,7.0,7.0,9085.0,20.0,6.0,17.0,1.0,118.0,0.0,4.0,0.0,122.2,2
7.0,13.4,1.0,8.0,8.0,9500.0,18.0,8.0,1.0,0.0,157.0,0.0,9.0,1.0,143.0,2
11.0,13.25,1.0,12.0,16.0,171.0,19.0,11.0,1.0,1.0,146.0,0.0,9.0,0.0,151.3,2
8.0,12.48375,1.0,8.0,8.0,9500.0,20.0,8.0,1.0,0.0,132.0,0.0,5.0,0.0,127.5,2
7.0,11.635714285714286,1.0,8.0,8.0,9500.0,43.0,8.0,39.0,0.0,133.1,0.0,9.0,1.0,100.5,1
5.0,13.0,1.0,10.0,8.0,9147.0,19.0,5.0,17.0,0.0,131.0,0.0,3.0,0.0,120.2,2
0.0,0.0,1.0,5.0,5.0,9147.0,33.0,5.0,42.0,0.0,133.1,0.0,7.0,1.0,123.0,0
6.0,12.166666666666666,1.0,7.0,6.0,9070.0,22.0,6.0,17.0,0.0,141.0,0.0,4.0,1.0,133.7,2
2.0,11.5,0.0,10.0,6.0,9238.0,18.0,6.0,17.0,1.0,137.0,0.0,5.0,0.0,125.8,0
0.0,0.0,1.0,9.0,5.0,9130.0,28.0,5.0,43.0,0.0,133.1,0.0,0.0,1.0,128.2,0
5.0,10.4,1.0,8.0,12.0,9853.0,18.0,6.0,1.0,0.0,141.0,0.0,9.0,0.0,133.0,0
3.0,10.8,1.0,10.0,11.0,9119.0,19.0,5.0,17.0,0.0,111.0,0.0,5.0,1.0,106.5,0
6.0,13.2,1.0,9.0,16.0,9085.0,20.0,7.0,1.0,0.0,140.0,0.0,4.0,0.0,131.6,1
6.0,13.166666666666666,1.0,8.0,9.0,9853.0,18.0,7.0,17.0,0.0,127.0,0.0,5.0,0.0,121.4,0
4.0,11.5,0.0,7.0,11.0,9773.0,18.0,6.0,1.0,0.0,121.0,1.0,2.0,0.0,112.3,0
5.0,12.4,1.0,5.0,5.0,9991.0,26.0,5.0,39.0,0.0,130.0,0.0,3.0,1.0,140.0,2
5.0,12.0,1.0,7.0,7.0,9085.0,21.0,5.0,17.0,0.0,137.0,0.0,-1.0,1.0,141.6,2
7.0,13.937142857142858,1.0,8.0,8.0,9500.0,19.0,8.0,17.0,0.0,130.0,0.0,7.0,0.0,122.5,2
2.0,11.5,1.0,10.0,14.0,9254.0,21.0,6.0,1.0,0.0,133.1,0.0,2.0,1.0,125.0,1
4.0,12.0,1.0,13.0,15.0,8014.0,20.0,6.0,18.0,0.0,137.0,1.0,4.0,0.0,123.0,2
8.0,12.5075,1.0,8.0,8.0,9500.0,23.0,8.0,42.0,0.0,111.0,0.0,9.0,1.0,128.2,2
4.0,12.5,1.0,7.0,5.0,9670.0,18.0,5.0,1.0,1.0,131.0,0.0,9.0,0.0,127.2,1
0.0,0.0,1.0,8.0,8.0,9500.0,30.0,8.0,7.0,0.0,130.0,0.0,90.0,1.0,130.0,0
0.0,0.0,1.0,0.0,0.0,171.0,19.0,0.0,1.0,0.0,118.0,0.0,3.0,1.0,110.0,0
6.0,13.5,1.0,6.0,6.0,9070.0,19.0,6.0,17.0,0.0,135.0,0.0,9.0,0.0,125.2,2
0.0,0.0,0.0,5.0,5.0,9254.0,22.0,5.0,18.0,0.0,119.0,0.0,9.0,1.0,113.1,0
3.0,12.0,1.0,11.0,16.0,8014.0,27.0,6.0,39.0,0.0,133.1,0.0,0.0,0.0,100.0,0
8.0,16.0,1.0,9.0,9.0,9500.0,18.0,8.0,1.0,1.0,160.0,0.0,4.0,0.0,154.4,2
4.0,12.0,1.0,7.0,9.0,9070.0,22.0,6.0,17.0,1.0,137.0,0.0,1.0,0.0,131.8,2
3.0,11.333333333333334,1.0,12.0,10.0,9853.0,21.0,6.0,17.0,0.0,133.1,0.0,0.0,0.0,118.9,0
6.0,13.496666666666668,1.0,11.0,11.0,9500.0,18.0,8.0,1.0,0.0,149.0,0.0,9.0,1.0,138.0,1
6.0,13.428571428571429,1.0,6.0,7.0,9238.0,19.0,6.0,1.0,1.0,127.0,0.0,9.0,0.0,120.4,2
0.0,0.0,1.0,0.0,0.0,171.0,21.0,0.0,44.0,1.0,160.0,1.0,9.0,1.0,160.0,0
4.0,14.75,1.0,5.0,7.0,9085.0,19.0,5.0,43.0,0.0,170.0,0.0,5.0,0.0,167.224,1
3.0,10.666666666666666,1.0,9.0,10.0,9853.0,19.0,6.0,17.0,0.0,140.0,0.0,5.0,0.0,126.7,0
5.0,11.9,1.0,9.0,9.0,9500.0,19.0,7.0,1.0,0.0,140.0,0.0,5.0,0.0,124.3,1
0.0,0.0,1.0,6.0,6.0,9003.0,28.0,6.0,39.0,0.0,133.1,0.0,9.0,1.0,130.0,0
3.0,10.5,1.0,15.0,6.0,9147.0,19.0,5.0,-1.0,0.0,126.0,0.0,5.0,0.0,117.3,1
5.0,14.0,1.0,8.0,8.0,9003.0,20.0,6.0,17.0,0.0,119.0,1.0,4.0,0.0,113.2,1
3.0,11.666666666666666,1.0,10.0,14.0,8014.0,26.0,6.0,39.0,1.0,100.0,0.0,5.0,0.0,111.0,1
5.0,12.4,1.0,11.0,7.0,9085.0,18.0,5.0,-1.0,0.0,134.0,0.0,-1.0,1.0,123.9,1
7.0,12.457142857142856,1.0,12.0,12.0,9500.0,27.0,8.0,39.0,0.0,130.0,0.0,9.0,0.0,130.0,1
8.0,14.144444444444444,1.0,7.0,9.0,9500.0,18.0,8.0,1.0,0.0,162.0,0.0,3.0,0.0,154.1,2
4.0,12.25,1.0,8.0,8.0,9238.0,18.0,6.0,17.0,0.0,131.0,0.0,4.0,0.0,131.7,0
4.0,14.25,0.0,14.0,10.0,9130.0,25.0,5.0,1.0,0.0,126.0,0.0,9.0,0.0,122.5,0
7.0,12.90857142857143,1.0,11.0,11.0,9500.0,18.0,8.0,1.0,1.0,144.0,0.0,5.0,0.0,128.0,2
0.0,0.0,1.0,0.0,0.0,171.0,22.0,0.0,1.0,0.0,133.1,0.0,7.0,1.0,118.0,0
3.0,12.833333333333334,1.0,5.0,9.0,9147.0,21.0,5.0,1.0,1.0,120.0,1.0,-1.0,1.0,111.6,1
8.0,13.24875,1.0,8.0,8.0,9500.0,18.0,8.0,1.0,0.0,141.0,0.0,2.0,1.0,126.8,2
0.0,0.0,1.0,0.0,0.0,171.0,27.0,0.0,39.0,0.0,110.0,0.0,5.0,1.0,100.0,0
4.0,11.75,1.0,10.0,10.0,9147.0,18.0,5.0,1.0,1.0,120.0,0.0,7.0,1.0,111.3,1
2.0,14.0,1.0,5.0,7.0,9119.0,25.0,6.0,42.0,0.0,130.0,1.0,9.0,1.0,135.0,0
8.0,12.233333333333333,1.0,9.0,12.0,9500.0,19.0,8.0,1.0,1.0,138.0,0.0,9.0,1.0,126.8,2
6.0,12.166666666666666,1.0,12.0,11.0,9853.0,18.0,7.0,18.0,0.0,120.0,0.0,9.0,0.0,115.8,1
0.0,0.0,1.0,5.0,0.0,9254.0,19.0,6.0,17.0,0.0,128.0,0.0,9.0,0.0,118.2,0
9.0,11.6,1.0,20.0,16.0,9147.0,30.0,9.0,-1.0,0.0,130.0,0.0,-1.0,0.0,132.4,1
5.0,12.0,1.0,8.0,10.0,9773.0,19.0,6.0,1.0,1.0,116.0,0.0,4.0,0.0,110.1,2
4.0,11.75,1.0,5.0,11.0,9147.0,19.0,5.0,1.0,0.0,125.0,0.0,4.0,0.0,124.0,1
0.0,0.0,0.0,4.0,10.0,8014.0,37.0,5.0,39.0,0.0,138.0,0.0,90.0,0.0,127.0,0
4.0,14.0,1.0,9.0,8.0,9085.0,20.0,6.0,17.0,0.0,106.0,0.0,3.0,0.0,106.0,1
8.0,13.595,1.0,9.0,10.0,9500.0,18.0,8.0,1.0,0.0,130.0,0.0,5.0,0.0,129.1,2
0.0,0.0,0.0,11.0,6.0,9130.0,29.0,5.0,39.0,0.0,133.1,1.0,3.0,1.0,120.0,0
7.0,13.742857142857144,1.0,9.0,9.0,9500.0,18.0,8.0,1.0,1.0,138.0,0.0,5.0,0.0,124.9,0
3.0,12.666666666666666,1.0,11.0,13.0,9130.0,18.0,6.0,18.0,0.0,146.0,0.0,5.0,1.0,137.8,0
4.0,14.75,1.0,5.0,5.0,9670.0,25.0,5.0,43.0,0.0,130.0,0.0,0.0,1.0,114.8,2
1.0,10.0,1.0,10.0,12.0,9670.0,19.0,6.0,1.0,0.0,136.0,0.0,-1.0,1.0,129.7,1
5.0,11.2,1.0,8.0,8.0,9500.0,19.0,7.0,43.0,1.0,140.0,0.0,9.0,1.0,125.7,1
5.0,14.6,1.0,5.0,5.0,9991.0,34.0,5.0,39.0,0.0,150.0,0.0,4.0,1.0,146.0,1
0.0,0.0,1.0,0.0,0.0,8014.0,37.0,6.0,1.0,0.0,140.0,0.0,0.0,1.0,128.0,0
5.0,14.4,1.0,5.0,5.0,9991.0,47.0,5.0,39.0,0.0,133.1,0.0,9.0,0.0,150.3,2
8.0,13.411111111111111,1.0,8.0,9.0,9500.0,18.0,8.0,1.0,0.0,144.0,0.0,2.0,0.0,129.0,0
6.0,14.166666666666666,1.0,8.0,7.0,9773.0,49.0,6.0,39.0,1.0,133.1,1.0,6.0,1.0,162.0,2
4.0,12.5,1.0,9.0,8.0,9991.0,40.0,5.0,39.0,0.0,160.0,0.0,-1.0,1.0,114.3,1
4.0,12.0,0.0,6.0,8.0,9119.0,18.0,5.0,1.0,1.0,131.0,0.0,4.0,1.0,126.8,1
5.0,11.4,1.0,7.0,7.0,9853.0,18.0,6.0,17.0,0.0,143.0,0.0,9.0,0.0,127.3,0
8.0,14.625,0.0,12.0,11.0,8014.0,23.0,10.0,7.0,0.0,130.0,1.0,5.0,0.0,130.0,0
5.0,12.6,1.0,8.0,6.0,9773.0,18.0,6.0,1.0,0.0,130.0,0.0,3.0,0.0,126.5,2
6.0,12.142857142857142,1.0,10.0,7.0,9238.0,19.0,6.0,1.0,0.0,121.0,0.0,1.0,0.0,115.1,2
0.0,0.0,1.0,0.0,0.0,171.0,24.0,0.0,1.0,1.0,152.0,0.0,9.0,0.0,151.7,2
5.0,14.833333333333334,1.0,5.0,6.0,9991.0,33.0,5.0,39.0,0.0,120.0,0.0,5.0,1.0,155.7,2
4.0,11.0,1.0,11.0,11.0,9070.0,18.0,6.0,-1.0,0.0,133.0,0.0,4.0,0.0,122.5,1
6.0,13.285714285714286,1.0,6.0,7.0,9670.0,19.0,6.0,17.0,1.0,120.0,0.0,9.0,1.0,113.4,2
12.0,12.5,0.0,13.0,12.0,9147.0,42.0,12.0,43.0,0.0,120.0,1.0,9.0,0.0,122.8,0
8.0,15.6375,1.0,9.0,8.0,9500.0,19.0,8.0,1.0,1.0,140.0,0.0,5.0,0.0,124.3,2
2.0,14.0,1.0,7.0,11.0,9147.0,19.0,5.0,17.0,0.0,114.0,0.0,9.0,0.0,107.7,0
3.0,10.333333333333334,0.0,10.0,8.0,9119.0,18.0,5.0,17.0,0.0,120.0,1.0,9.0,1.0,116.9,1
4.0,10.75,1.0,7.0,9.0,9147.0,20.0,5.0,17.0,0.0,125.0,0.0,7.0,0.0,125.7,1
3.0,12.0,1.0,7.0,9.0,9119.0,20.0,5.0,1.0,0.0,126.0,0.0,-1.0,1.0,122.5,1
4.0,12.0,1.0,14.0,11.0,9003.0,25.0,6.0,42.0,0.0,140.0,0.0,4.0,1.0,140.0,1
5.0,13.126,1.0,12.0,12.0,9500.0,38.0,8.0,43.0,0.0,130.0,0.0,9.0,0.0,103.7,1
1.0,13.0,1.0,13.0,12.0,9254.0,19.0,6.0,1.0,0.0,124.0,0.0,9.0,1.0,114.6,0
8.0,16.0,1.0,7.0,8.0,9500.0,50.0,8.0,7.0,0.0,140.0,0.0,9.0,1.0,140.0,2
5.0,12.0,1.0,5.0,6.0,9147.0,20.0,5.0,1.0,1.0,170.0,0.0,7.0,0.0,153.8,2
0.0,0.0,1.0,11.0,10.0,9147.0,19.0,5.0,1.0,1.0,130.0,1.0,7.0,0.0,117.8,0
1.0,12.0,1.0,10.0,7.0,8014.0,38.0,6.0,39.0,0.0,133.1,0.0,9.0,0.0,100.0,0
4.0,10.5,1.0,8.0,8.0,9853.0,21.0,6.0,17.0,0.0,132.0,0.0,0.0,0.0,131.3,0
0.0,0.0,0.0,14.0,5.0,9147.0,19.0,5.0,1.0,0.0,108.0,1.0,9.0,0.0,107.0,0
6.0,14.5,1.0,6.0,6.0,9853.0,19.0,6.0,1.0,1.0,134.0,0.0,5.0,0.0,122.5,2
6.0,12.833333333333334,1.0,6.0,8.0,9773.0,18.0,6.0,1.0,0.0,125.0,0.0,9.0,1.0,129.6,2
5.0,13.2,1.0,5.0,5.0,9130.0,19.0,5.0,17.0,0.0,145.0,0.0,9.0,0.0,129.3,2
2.0,12.0,1.0,14.0,13.0,9991.0,33.0,5.0,39.0,0.0,133.1,0.0,9.0,0.0,113.4,0
5.0,10.166666666666666,0.0,6.0,6.0,9991.0,29.0,5.0,1.0,0.0,150.0,0.0,9.0,0.0,131.8,0
4.0,11.0,1.0,12.0,10.0,9991.0,25.0,5.0,39.0,0.0,133.1,0.0,4.0,0.0,127.7,1
0.0,0.0,1.0,0.0,0.0,171.0,20.0,0.0,-1.0,0.0,137.0,0.0,1.0,1.0,144.7,1
1.0,10.0,0.0,5.0,5.0,9991.0,46.0,5.0,7.0,0.0,120.0,1.0,6.0,1.0,120.0,0
3.0,11.666666666666666,1.0,9.0,9.0,9853.0,21.0,6.0,-1.0,0.0,116.0,0.0,3.0,0.0,110.4,1
3.0,10.666666666666666,1.0,11.0,11.0,9853.0,18.0,6.0,1.0,0.0,121.0,0.0,6.0,0.0,116.8,0
6.0,12.75,1.0,6.0,8.0,9070.0,19.0,6.0,43.0,0.0,150.0,0.0,3.0,0.0,140.8,1
6.0,12.166666666666666,1.0,8.0,6.0,9238.0,18.0,6.0,17.0,1.0,137.0,0.0,-1.0,0.0,131.1,2
7.0,12.2,1.0,7.0,7.0,9500.0,19.0,7.0,1.0,0.0,137.0,0.0,4.0,1.0,125.3,1
6.0,14.428571428571429,1.0,6.0,7.0,9773.0,19.0,6.0,17.0,1.0,161.0,0.0,4.0,0.0,148.4,2
6.0,14.142857142857142,1.0,6.0,7.0,9238.0,18.0,6.0,1.0,1.0,117.0,0.0,4.0,0.0,113.5,2
6.0,15.285714285714286,1.0,7.0,8.0,9085.0,18.0,6.0,1.0,1.0,158.0,0.0,9.0,0.0,153.6,2
6.0,16.0,1.0,8.0,7.0,9238.0,18.0,6.0,17.0,0.0,151.0,0.0,5.0,0.0,144.4,2
1.0,10.0,1.0,13.0,5.0,9147.0,18.0,5.0,17.0,0.0,120.0,0.0,9.0,1.0,118.3,0
4.0,11.0,1.0,10.0,9.0,9147.0,20.0,5.0,17.0,0.0,112.0,0.0,9.0,0.0,112.0,1
0.0,0.0,0.0,5.0,5.0,9991.0,39.0,5.0,39.0,0.0,133.1,0.0,0.0,0.0,118.4,0
5.0,14.2,1.0,5.0,5.0,9991.0,50.0,5.0,39.0,0.0,133.1,0.0,9.0,1.0,133.8,2
6.0,16.0,1.0,7.0,6.0,9085.0,20.0,6.0,-1.0,1.0,138.0,0.0,9.0,0.0,123.0,2
0.0,0.0,1.0,6.0,6.0,9003.0,27.0,6.0,39.0,0.0,160.0,0.0,-1.0,1.0,140.0,1
5.0,14.333333333333334,1.0,7.0,7.0,9991.0,28.0,5.0,39.0,0.0,120.0,0.0,9.0,1.0,144.8,1
4.0,13.25,1.0,8.0,8.0,9670.0,21.0,6.0,43.0,0.0,110.0,0.0,7.0,0.0,110.0,1
0.0,0.0,0.0,6.0,6.0,9254.0,34.0,6.0,39.0,0.0,133.1,1.0,3.0,1.0,101.5,0
6.0,11.5,1.0,8.0,6.0,9070.0,20.0,6.0,1.0,0.0,124.0,0.0,9.0,0.0,116.3,2
5.0,11.8,1.0,6.0,7.0,9773.0,18.0,6.0,1.0,0.0,127.0,1.0,-1.0,1.0,133.7,0
6.0,13.625,1.0,8.0,10.0,9119.0,18.0,6.0,17.0,1.0,120.0,0.0,9.0,1.0,117.2,1
4.0,12.25,0.0,13.0,6.0,9670.0,19.0,6.0,43.0,0.0,134.0,1.0,4.0,0.0,120.7,0
0.0,0.0,0.0,10.0,5.0,9991.0,40.0,5.0,43.0,0.0,133.1,0.0,9.0,0.0,153.0,0
3.0,13.666666666666666,1.0,11.0,13.0,9238.0,22.0,6.0,1.0,0.0,157.0,0.0,1.0,0.0,136.7,1
3.0,11.666666666666666,1.0,8.0,11.0,9254.0,21.0,6.0,1.0,1.0,145.0,0.0,4.0,0.0,131.7,0
5.0,13.0,1.0,7.0,7.0,9773.0,20.0,6.0,51.0,0.0,158.0,0.0,-1.0,1.0,117.1,0
0.0,0.0,1.0,6.0,5.0,9147.0,21.0,5.0,1.0,0.0,125.0,0.0,4.0,0.0,115.2,0
6.0,12.5,1.0,6.0,6.0,9773.0,18.0,6.0,1.0,0.0,127.0,0.0,4.0,0.0,121.1,1
0.0,0.0,1.0,5.0,0.0,9147.0,26.0,5.0,7.0,0.0,150.0,0.0,1.0,0.0,150.0,0
2.0,11.333333333333334,1.0,13.0,14.0,9085.0,25.0,6.0,39.0,1.0,130.0,0.0,6.0,0.0,110.0,1
5.0,12.0,1.0,10.0,8.0,9853.0,23.0,6.0,-1.0,1.0,134.0,0.0,9.0,0.0,121.4,1
7.0,11.571428571428571,1.0,15.0,12.0,8014.0,23.0,11.0,43.0,0.0,148.0,0.0,9.0,0.0,134.7,1
7.0,13.29,1.0,11.0,11.0,9500.0,25.0,8.0,39.0,1.0,130.0,0.0,5.0,0.0,120.0,1
0.0,0.0,0.0,5.0,5.0,9147.0,38.0,5.0,51.0,0.0,133.1,1.0,9.0,1.0,112.1,0
2.0,13.5,1.0,13.0,11.0,8014.0,50.0,11.0,43.0,0.0,133.1,0.0,9.0,1.0,112.5,0
4.0,11.5,0.0,9.0,11.0,9670.0,26.0,6.0,39.0,0.0,133.1,0.0,9.0,0.0,100.2,0
3.0,12.6,1.0,12.0,8.0,9119.0,20.0,5.0,44.0,0.0,130.0,0.0,3.0,1.0,130.0,1
11.0,11.636363636363637,1.0,15.0,15.0,9147.0,26.0,14.0,1.0,0.0,133.1,0.0,0.0,1.0,125.3,0
3.0,14.0,1.0,12.0,7.0,9130.0,33.0,5.0,43.0,0.0,130.0,0.0,1.0,1.0,130.0,1
5.0,11.6,1.0,10.0,6.0,9147.0,21.0,5.0,17.0,0.0,131.0,0.0,4.0,0.0,120.2,2
4.0,12.25,1.0,7.0,6.0,9147.0,18.0,5.0,1.0,1.0,130.0,0.0,9.0,1.0,119.5,1
6.0,13.666666666666666,1.0,8.0,6.0,9254.0,18.0,6.0,1.0,0.0,123.0,0.0,4.0,1.0,123.4,2
5.0,13.4,1.0,6.0,6.0,9085.0,23.0,5.0,17.0,0.0,130.0,0.0,4.0,1.0,127.6,2
6.0,12.25,1.0,13.0,15.0,9085.0,18.0,6.0,-1.0,0.0,133.1,0.0,4.0,0.0,101.3,2
7.0,13.475,1.0,9.0,9.0,9500.0,20.0,8.0,1.0,0.0,118.0,0.0,4.0,1.0,115.7,1
5.0,10.8,1.0,8.0,9.0,9853.0,21.0,6.0,1.0,0.0,133.1,0.0,9.0,0.0,132.0,0
0.0,0.0,1.0,6.0,12.0,9773.0,18.0,6.0,17.0,0.0,139.0,0.0,4.0,1.0,123.6,0
0.0,0.0,0.0,5.0,5.0,9773.0,50.0,4.0,39.0,0.0,133.1,0.0,9.0,0.0,110.0,0
0.0,0.0,1.0,13.0,11.0,9238.0,20.0,5.0,1.0,0.0,145.0,0.0,4.0,0.0,121.4,1
0.0,0.0,1.0,0.0,0.0,9500.0,19.0,8.0,1.0,0.0,125.0,1.0,9.0,0.0,122.0,0
6.0,11.857142857142858,1.0,8.0,10.0,9238.0,18.0,6.0,1.0,1.0,120.0,0.0,5.0,0.0,130.2,2
0.0,0.0,0.0,12.0,15.0,9773.0,26.0,6.0,43.0,0.0,114.0,0.0,9.0,1.0,107.4,0
3.0,10.333333333333334,1.0,12.0,11.0,9254.0,18.0,6.0,1.0,0.0,125.0,0.0,4.0,1.0,121.5,1
3.0,13.666666666666666,1.0,11.0,12.0,9085.0,21.0,6.0,43.0,0.0,127.0,0.0,2.0,0.0,100.0,1
6.0,13.0,1.0,8.0,8.0,9773.0,19.0,6.0,1.0,1.0,130.0,0.0,9.0,1.0,133.9,2
3.0,12.0,1.0,8.0,11.0,9147.0,20.0,5.0,17.0,0.0,130.0,0.0,7.0,1.0,117.8,1
6.0,12.666666666666666,1.0,8.0,7.0,9238.0,19.0,6.0,1.0,1.0,133.0,1.0,9.0,0.0,119.7,2
0.0,0.0,1.0,8.0,12.0,9085.0,32.0,5.0,7.0,0.0,140.0,0.0,4.0,0.0,140.0,0
2.0,11.5,0.0,7.0,8.0,9670.0,28.0,5.0,39.0,0.0,120.0,0.0,0.0,1.0,106.0,0
4.0,12.0,1.0,8.0,7.0,9991.0,28.0,5.0,39.0,0.0,147.0,0.0,7.0,0.0,147.9,1
4.0,10.75,1.0,8.0,10.0,9147.0,19.0,5.0,1.0,0.0,125.0,1.0,7.0,1.0,120.1,0
7.0,13.514285714285714,1.0,8.0,8.0,9500.0,21.0,8.0,1.0,1.0,139.0,0.0,5.0,0.0,125.5,2
7.0,12.86,1.0,11.0,11.0,9500.0,19.0,8.0,1.0,1.0,147.0,0.0,4.0,0.0,124.5,2
6.0,13.666666666666666,1.0,6.0,9.0,9670.0,19.0,6.0,17.0,1.0,126.0,0.0,9.0,0.0,122.2,2
0.0,0.0,1.0,10.0,7.0,9119.0,18.0,5.0,17.0,0.0,130.0,0.0,4.0,1.0,123.0,0
0.0,0.0,1.0,0.0,0.0,9085.0,18.0,6.0,17.0,0.0,127.0,0.0,-1.0,0.0,117.6,0
0.0,0.0,0.0,12.0,8.0,9085.0,19.0,5.0,1.0,0.0,121.0,0.0,9.0,0.0,114.0,0
5.0,12.6,1.0,18.0,15.0,9991.0,23.0,9.0,-1.0,0.0,140.0,1.0,-1.0,0.0,135.0,1
8.0,13.105,1.0,8.0,8.0,9500.0,21.0,8.0,42.0,1.0,123.0,0.0,3.0,0.0,123.0,2
3.0,13.333333333333334,1.0,8.0,11.0,9147.0,19.0,5.0,1.0,1.0,130.0,0.0,9.0,0.0,131.8,1
0.0,0.0,0.0,7.0,10.0,9556.0,50.0,5.0,39.0,0.0,133.1,1.0,4.0,0.0,167.224,0
6.0,12.633333333333333,1.0,7.0,7.0,9500.0,20.0,7.0,1.0,1.0,129.0,0.0,4.0,0.0,127.3,2
4.0,11.25,1.0,11.0,11.0,9238.0,18.0,6.0,17.0,1.0,128.0,0.0,9.0,0.0,116.5,2
4.0,13.5,1.0,13.0,12.0,9070.0,21.0,12.0,51.0,0.0,122.0,0.0,9.0,1.0,128.8,0
5.0,12.2,1.0,6.0,7.0,9070.0,19.0,6.0,43.0,1.0,125.0,0.0,7.0,1.0,133.4,1
8.0,13.3875,1.0,8.0,8.0,9556.0,19.0,8.0,17.0,1.0,139.0,0.0,9.0,0.0,121.3,2
5.0,13.4,1.0,6.0,8.0,9238.0,19.0,6.0,1.0,0.0,130.0,0.0,4.0,0.0,124.8,2
1.0,10.0,1.0,7.0,6.0,9853.0,18.0,6.0,17.0,0.0,123.0,0.0,2.0,0.0,124.1,0
4.0,13.125,1.0,14.0,11.0,9556.0,25.0,7.0,39.0,0.0,133.1,0.0,7.0,1.0,105.0,0
0.0,0.0,1.0,0.0,0.0,9130.0,19.0,6.0,17.0,0.0,127.0,0.0,2.0,0.0,116.5,0
5.0,12.2,1.0,10.0,11.0,9670.0,18.0,6.0,1.0,0.0,120.0,0.0,4.0,0.0,112.0,1
4.0,11.75,1.0,10.0,5.0,9147.0,19.0,5.0,17.0,0.0,118.0,0.0,9.0,1.0,118.4,1
0.0,0.0,0.0,5.0,5.0,9147.0,24.0,5.0,39.0,0.0,133.1,1.0,9.0,1.0,140.0,0
8.0,14.88181818181818,1.0,7.0,11.0,9500.0,18.0,8.0,1.0,1.0,140.0,0.0,3.0,0.0,124.3,2
6.0,13.0,0.0,6.0,8.0,9670.0,19.0,6.0,-1.0,0.0,160.0,0.0,9.0,1.0,149.5,2
3.0,11.666666666666666,1.0,12.0,10.0,9147.0,19.0,5.0,17.0,1.0,126.0,0.0,4.0,1.0,116.9,1
0.0,0.0,1.0,10.0,9.0,9147.0,19.0,5.0,17.0,0.0,100.0,0.0,6.0,0.0,98.6,0
1.0,11.0,1.0,9.0,11.0,9853.0,21.0,6.0,1.0,0.0,121.0,0.0,7.0,0.0,113.0,0
0.0,0.0,1.0,7.0,5.0,9238.0,19.0,5.0,1.0,0.0,124.0,1.0,7.0,0.0,116.0,0
5.0,11.8,0.0,7.0,6.0,9254.0,18.0,6.0,17.0,0.0,118.0,0.0,9.0,0.0,110.3,1
5.0,11.2,1.0,10.0,8.0,9238.0,18.0,6.0,1.0,0.0,134.0,0.0,4.0,0.0,126.0,2
5.0,11.0,1.0,8.0,7.0,9070.0,21.0,6.0,17.0,1.0,119.0,0.0,9.0,1.0,115.2,0
0.0,0.0,1.0,7.0,7.0,9500.0,43.0,7.0,7.0,0.0,130.0,0.0,2.0,0.0,130.0,0
8.0,13.472,1.0,9.0,10.0,9500.0,18.0,8.0,1.0,0.0,134.0,0.0,4.0,1.0,131.0,2
4.0,11.0,1.0,5.0,5.0,9147.0,18.0,5.0,17.0,0.0,137.0,0.0,4.0,0.0,124.4,1
1.0,10.0,1.0,8.0,7.0,9147.0,22.0,5.0,17.0,0.0,137.0,0.0,5.0,1.0,131.4,0
0.0,0.0,1.0,6.0,6.0,9003.0,30.0,6.0,39.0,1.0,133.1,1.0,3.0,0.0,130.0,1
7.0,11.857142857142858,1.0,13.0,7.0,9556.0,24.0,7.0,39.0,1.0,130.0,0.0,9.0,1.0,110.0,1
2.0,10.5,1.0,10.0,7.0,9853.0,19.0,7.0,1.0,0.0,114.0,0.0,5.0,0.0,109.5,0
5.0,14.0,1.0,12.0,6.0,9130.0,18.0,5.0,1.0,0.0,150.0,0.0,2.0,0.0,146.2,0
5.0,12.2,1.0,7.0,10.0,9085.0,22.0,5.0,-1.0,0.0,134.0,0.0,5.0,0.0,134.0,2
6.0,13.166666666666666,1.0,6.0,6.0,9070.0,18.0,6.0,17.0,0.0,127.0,0.0,9.0,1.0,131.2,2
6.0,14.333333333333334,1.0,7.0,6.0,9238.0,18.0,6.0,1.0,1.0,141.0,0.0,5.0,0.0,132.6,2
0.0,0.0,1.0,0.0,0.0,171.0,18.0,0.0,1.0,0.0,134.0,0.0,2.0,1.0,141.7,1
7.0,12.771428571428572,1.0,8.0,8.0,9500.0,19.0,8.0,1.0,1.0,135.0,0.0,7.0,0.0,124.0,1
6.0,13.833333333333334,1.0,6.0,6.0,9773.0,18.0,6.0,17.0,1.0,123.0,0.0,5.0,0.0,117.4,2
9.0,11.22222222222222,1.0,17.0,19.0,9003.0,49.0,12.0,39.0,0.0,133.1,0.0,9.0,1.0,110.0,2
6.0,12.833333333333334,1.0,7.0,7.0,9238.0,19.0,6.0,1.0,1.0,139.0,0.0,9.0,0.0,126.1,2
2.0,10.5,1.0,10.0,16.0,9254.0,45.0,6.0,1.0,1.0,136.0,0.0,9.0,0.0,122.7,0
4.0,11.75,1.0,13.0,8.0,9085.0,19.0,5.0,17.0,0.0,123.0,0.0,4.0,0.0,113.6,1
11.0,12.818181818181818,1.0,14.0,12.0,8014.0,50.0,11.0,43.0,0.0,130.0,0.0,-1.0,1.0,100.0,1
4.0,11.5,1.0,10.0,7.0,9147.0,20.0,5.0,17.0,0.0,120.0,0.0,2.0,0.0,112.0,1
0.0,0.0,0.0,0.0,0.0,9254.0,24.0,6.0,39.0,0.0,100.0,0.0,3.0,1.0,115.0,0
6.0,14.857142857142858,1.0,8.0,9.0,9085.0,19.0,6.0,1.0,1.0,154.0,0.0,4.0,0.0,141.4,2
0.0,0.0,0.0,9.0,9.0,9130.0,41.0,5.0,7.0,0.0,130.0,0.0,90.0,1.0,130.0,0
0.0,0.0,1.0,6.0,8.0,9003.0,23.0,6.0,44.0,0.0,120.0,0.0,4.0,1.0,120.0,0
5.0,11.666666666666666,1.0,8.0,7.0,9147.0,20.0,5.0,1.0,1.0,124.0,0.0,9.0,1.0,115.6,2
5.0,11.6,1.0,11.0,7.0,9085.0,18.0,5.0,1.0,0.0,135.0,0.0,9.0,0.0,136.8,1
0.0,0.0,1.0,6.0,8.0,9003.0,23.0,6.0,43.0,0.0,119.0,1.0,9.0,1.0,119.0,0
6.0,15.5,1.0,6.0,6.0,8014.0,39.0,6.0,39.0,1.0,133.1,0.0,9.0,0.0,113.5,2
4.0,12.5,1.0,6.0,7.0,9147.0,18.0,5.0,17.0,0.0,136.0,0.0,9.0,1.0,122.7,1
2.0,13.5,1.0,6.0,5.0,9119.0,25.0,5.0,39.0,0.0,120.0,0.0,5.0,1.0,146.8,1
5.0,12.6,1.0,8.0,7.0,9773.0,40.0,6.0,39.0,0.0,133.1,0.0,7.0,0.0,133.0,1
6.0,13.0,1.0,7.0,8.0,9130.0,18.0,6.0,17.0,1.0,138.0,0.0,2.0,0.0,126.3,1
7.0,14.471428571428572,1.0,8.0,8.0,9500.0,20.0,8.0,1.0,0.0,122.0,0.0,9.0,0.0,116.8,2
3.0,11.666666666666666,1.0,11.0,11.0,9085.0,21.0,5.0,43.0,0.0,160.0,0.0,9.0,1.0,120.0,1
0.0,0.0,1.0,0.0,0.0,171.0,22.0,0.0,17.0,0.0,125.0,0.0,2.0,1.0,117.0,1
6.0,13.333333333333334,1.0,6.0,6.0,9773.0,18.0,6.0,17.0,0.0,135.0,0.0,5.0,0.0,135.0,1
3.0,11.666666666666666,1.0,9.0,9.0,9147.0,22.0,5.0,43.0,0.0,120.0,0.0,5.0,1.0,113.4,0
5.0,12.333333333333334,1.0,6.0,6.0,9147.0,20.0,5.0,1.0,0.0,135.0,0.0,9.0,0.0,122.1,2
4.0,11.75,1.0,10.0,9.0,9147.0,19.0,5.0,17.0,0.0,129.0,0.0,2.0,0.0,128.3,1
11.0,12.727272727272728,1.0,12.0,12.0,9070.0,20.0,12.0,43.0,1.0,135.0,0.0,3.0,0.0,126.4,2
1.0,11.0,1.0,5.0,11.0,9254.0,20.0,6.0,17.0,0.0,124.0,0.0,3.0,0.0,126.1,0
3.0,11.333333333333334,1.0,6.0,11.0,9773.0,19.0,6.0,1.0,0.0,122.0,0.0,4.0,0.0,119.6,0
5.0,15.0,1.0,7.0,7.0,9773.0,19.0,6.0,1.0,0.0,150.0,0.0,4.0,0.0,138.1,1
0.0,0.0,0.0,7.0,5.0,8014.0,45.0,5.0,39.0,0.0,133.1,1.0,9.0,1.0,151.5,0
4.0,12.6,0.0,6.0,10.0,9773.0,19.0,6.0,17.0,0.0,112.0,1.0,5.0,1.0,111.7,0
1.0,16.0,1.0,7.0,8.0,9119.0,18.0,5.0,1.0,0.0,146.0,0.0,9.0,1.0,148.5,1
7.0,13.771428571428572,1.0,8.0,9.0,9500.0,22.0,8.0,17.0,1.0,132.0,0.0,7.0,0.0,132.4,2
5.0,13.4,1.0,7.0,9.0,9003.0,24.0,6.0,39.0,0.0,133.1,0.0,-1.0,1.0,129.8,1
6.0,12.166666666666666,1.0,6.0,6.0,9070.0,22.0,6.0,1.0,1.0,110.0,0.0,9.0,1.0,107.6,1
12.0,12.846153846153848,1.0,13.0,13.0,9991.0,37.0,13.0,43.0,0.0,110.0,0.0,9.0,1.0,132.5,2
12.0,11.076923076923077,1.0,21.0,16.0,9003.0,27.0,13.0,7.0,0.0,120.0,0.0,4.0,1.0,120.0,2
0.0,0.0,1.0,0.0,0.0,9853.0,21.0,6.0,51.0,0.0,139.0,0.0,4.0,0.0,134.0,0
4.0,12.0,1.0,11.0,9.0,9991.0,38.0,5.0,39.0,0.0,110.0,0.0,5.0,0.0,120.0,0
6.0,12.875,1.0,9.0,11.0,9500.0,18.0,8.0,1.0,1.0,130.0,0.0,9.0,0.0,125.1,1
8.0,13.49375,1.0,9.0,8.0,9500.0,21.0,8.0,42.0,0.0,100.0,0.0,4.0,0.0,136.0,2
4.0,12.5,1.0,7.0,5.0,9670.0,18.0,5.0,1.0,1.0,131.0,0.0,9.0,0.0,127.2,1
5.0,14.2,0.0,5.0,5.0,9119.0,18.0,5.0,1.0,1.0,150.0,0.0,3.0,1.0,143.4,1
3.0,10.5,1.0,9.0,6.0,9119.0,24.0,5.0,39.0,0.0,133.1,0.0,5.0,1.0,100.9,1
5.0,12.6,1.0,11.0,9.0,9130.0,19.0,5.0,17.0,0.0,130.0,0.0,4.0,1.0,122.5,2
5.0,14.0,1.0,6.0,6.0,9085.0,20.0,5.0,1.0,0.0,145.0,0.0,9.0,0.0,139.8,2
0.0,0.0,1.0,0.0,0.0,9119.0,24.0,5.0,7.0,0.0,140.8,0.0,0.0,1.0,134.0,0
4.0,12.25,1.0,10.0,5.0,9119.0,20.0,5.0,1.0,0.0,135.0,0.0,90.0,1.0,122.1,2
8.0,13.73125,1.0,8.0,8.0,9500.0,18.0,8.0,17.0,1.0,137.0,0.0,7.0,0.0,131.0,2
2.0,11.0,1.0,11.0,11.0,9119.0,19.0,5.0,-1.0,0.0,160.0,1.0,-1.0,0.0,160.0,1
5.0,13.77777777777778,1.0,7.0,17.0,9085.0,20.0,6.0,44.0,0.0,160.0,0.0,9.0,0.0,160.0,2
1.0,12.0,1.0,13.0,19.0,9085.0,27.0,6.0,39.0,0.0,140.0,0.0,4.0,0.0,141.7,0
0.0,0.0,1.0,7.0,7.0,9991.0,50.0,5.0,39.0,0.0,100.0,0.0,1.0,1.0,161.9,0
4.0,11.75,1.0,9.0,10.0,9853.0,18.0,6.0,1.0,0.0,163.0,1.0,5.0,0.0,146.6,1
5.0,11.6,1.0,10.0,10.0,9003.0,30.0,6.0,39.0,0.0,133.1,0.0,9.0,1.0,120.0,2
0.0,0.0,1.0,0.0,0.0,171.0,36.0,0.0,39.0,0.0,100.0,0.0,9.0,1.0,139.0,0
0.0,0.0,1.0,1.0,0.0,9003.0,47.0,6.0,39.0,0.0,170.0,1.0,6.0,0.0,167.224,1
5.0,13.8,1.0,9.0,12.0,-1.0,26.0,7.0,39.0,0.0,140.0,0.0,2.0,0.0,152.8,1
6.0,14.571428571428571,1.0,7.0,7.0,9238.0,20.0,6.0,1.0,1.0,133.1,0.0,3.0,0.0,102.0,2
1.0,11.0,1.0,14.0,14.0,9991.0,42.0,5.0,43.0,1.0,133.1,0.0,3.0,1.0,136.1,0
6.0,13.166666666666666,1.0,7.0,6.0,9003.0,21.0,6.0,44.0,0.0,140.0,0.0,3.0,1.0,140.0,2
5.0,16.0,1.0,10.0,5.0,9991.0,37.0,5.0,42.0,0.0,123.0,0.0,9.0,1.0,123.0,1
9.0,13.88888888888889,1.0,15.0,9.0,9085.0,20.0,9.0,-1.0,0.0,160.0,0.0,4.0,0.0,160.0,2
12.0,11.4375,1.0,21.0,19.0,9991.0,36.0,12.0,43.0,0.0,120.0,0.0,9.0,0.0,120.0,1
5.0,11.0,1.0,9.0,8.0,9254.0,18.0,6.0,1.0,1.0,129.0,0.0,7.0,0.0,122.0,1
6.0,13.833333333333334,1.0,6.0,6.0,9773.0,19.0,6.0,17.0,1.0,138.0,0.0,9.0,0.0,124.0,2
7.0,12.471428571428572,1.0,12.0,12.0,9500.0,19.0,8.0,1.0,1.0,144.0,0.0,9.0,0.0,125.8,2
5.0,11.2,1.0,15.0,16.0,9238.0,22.0,7.0,43.0,0.0,122.0,0.0,5.0,0.0,114.3,1
6.0,13.0,1.0,6.0,7.0,9773.0,19.0,6.0,1.0,1.0,140.0,0.0,9.0,0.0,135.8,2
0.0,0.0,0.0,14.0,13.0,9254.0,19.0,6.0,17.0,0.0,137.0,1.0,0.0,0.0,137.7,0
3.0,11.666666666666666,1.0,10.0,10.0,9556.0,25.0,8.0,43.0,0.0,126.0,0.0,3.0,0.0,100.0,1
5.0,12.6,1.0,8.0,12.0,8014.0,50.0,6.0,39.0,0.0,120.0,0.0,0.0,0.0,104.0,0
5.0,10.84,1.0,11.0,9.0,9500.0,35.0,7.0,39.0,0.0,130.0,0.0,-1.0,0.0,163.7,1
0.0,0.0,1.0,0.0,0.0,9085.0,18.0,6.0,17.0,0.0,127.0,0.0,-1.0,0.0,117.6,0
2.0,11.0,1.0,7.0,10.0,9147.0,21.0,5.0,17.0,0.0,133.1,0.0,9.0,1.0,100.0,0
5.0,12.142857142857142,1.0,8.0,14.0,9003.0,43.0,6.0,39.0,0.0,133.1,0.0,9.0,1.0,140.0,1
4.0,13.0,1.0,10.0,8.0,9670.0,20.0,6.0,1.0,0.0,132.0,0.0,7.0,1.0,129.9,1
6.0,13.2,1.0,9.0,16.0,9085.0,20.0,7.0,1.0,0.0,140.0,0.0,4.0,0.0,131.6,1
6.0,14.15,1.0,7.0,7.0,9500.0,19.0,7.0,1.0,0.0,131.0,0.0,2.0,0.0,120.5,2
0.0,0.0,1.0,7.0,7.0,9991.0,24.0,5.0,39.0,0.0,133.1,0.0,2.0,1.0,100.0,0
4.0,11.5,1.0,9.0,10.0,9085.0,20.0,6.0,44.0,0.0,140.0,0.0,3.0,0.0,140.0,1
0.0,0.0,0.0,4.0,0.0,9147.0,26.0,5.0,39.0,0.0,133.1,0.0,9.0,1.0,102.5,0
6.0,15.8,1.0,14.0,12.0,9003.0,28.0,6.0,7.0,0.0,150.0,0.0,4.0,1.0,150.0,2
6.0,12.8,1.0,10.0,8.0,9500.0,18.0,7.0,17.0,1.0,126.0,0.0,7.0,0.0,126.2,1
6.0,12.857142857142858,1.0,6.0,7.0,9773.0,20.0,6.0,43.0,0.0,137.0,0.0,9.0,0.0,127.9,2
6.0,14.716666666666669,1.0,7.0,7.0,9500.0,18.0,7.0,1.0,0.0,153.0,0.0,9.0,0.0,131.8,2
3.0,11.666666666666666,1.0,9.0,11.0,9119.0,18.0,5.0,43.0,0.0,146.0,0.0,2.0,1.0,100.0,1
4.0,10.0,1.0,12.0,9.0,9147.0,24.0,5.0,39.0,0.0,133.1,0.0,9.0,0.0,134.8,1
3.0,11.0,1.0,9.0,6.0,9147.0,20.0,5.0,1.0,0.0,133.0,0.0,5.0,1.0,121.8,1
7.0,13.0,1.0,8.0,8.0,9500.0,18.0,8.0,1.0,0.0,149.0,0.0,9.0,1.0,137.8,2
7.0,13.714285714285714,1.0,18.0,16.0,9085.0,22.0,9.0,-1.0,1.0,140.0,0.0,9.0,0.0,142.5,2
9.0,12.555555555555555,1.0,11.0,13.0,9238.0,28.0,11.0,43.0,0.0,149.0,0.0,9.0,0.0,130.5,2
2.0,11.0,1.0,13.0,12.0,9130.0,19.0,6.0,44.0,0.0,150.0,0.0,2.0,1.0,150.0,1
0.0,0.0,1.0,0.0,0.0,171.0,19.0,0.0,42.0,0.0,132.0,0.0,1.0,0.0,132.0,0
6.0,11.166666666666666,1.0,6.0,8.0,9238.0,20.0,6.0,1.0,1.0,134.0,0.0,4.0,0.0,129.8,2
3.0,12.333333333333334,1.0,13.0,8.0,9130.0,24.0,5.0,39.0,0.0,150.0,1.0,4.0,1.0,110.0,0
8.0,14.955555555555556,1.0,7.0,9.0,9500.0,18.0,8.0,1.0,1.0,122.0,0.0,7.0,0.0,117.1,2
2.0,10.0,1.0,13.0,14.0,9500.0,38.0,7.0,39.0,0.0,133.1,1.0,9.0,0.0,130.0,0
0.0,0.0,0.0,0.0,0.0,9147.0,24.0,5.0,39.0,0.0,170.0,1.0,4.0,0.0,140.5,0
5.0,14.0,1.0,8.0,10.0,9670.0,20.0,6.0,17.0,0.0,125.0,0.0,9.0,1.0,125.0,2
3.0,11.0,1.0,9.0,6.0,9147.0,20.0,5.0,1.0,0.0,133.0,0.0,5.0,1.0,121.8,1
5.0,11.6,1.0,5.0,7.0,9670.0,36.0,5.0,39.0,1.0,100.0,0.0,9.0,1.0,110.0,2
7.0,11.347142857142858,1.0,7.0,11.0,9500.0,18.0,8.0,1.0,0.0,128.0,0.0,4.0,1.0,125.6,2
0.0,0.0,0.0,10.0,10.0,9254.0,28.0,5.0,39.0,0.0,133.1,0.0,0.0,0.0,110.0,0
8.0,13.75,1.0,8.0,8.0,9500.0,20.0,8.0,43.0,0.0,170.0,0.0,-1.0,0.0,100.0,1
3.0,12.333333333333334,1.0,8.0,7.0,9147.0,18.0,5.0,1.0,0.0,129.0,0.0,4.0,0.0,121.0,1
4.0,11.0,1.0,14.0,9.0,9238.0,18.0,6.0,1.0,1.0,135.0,0.0,4.0,0.0,121.7,1
6.0,14.375,1.0,8.0,8.0,9070.0,18.0,6.0,18.0,0.0,164.0,0.0,5.0,0.0,161.2,2
5.0,13.571428571428571,1.0,10.0,11.0,9119.0,20.0,5.0,17.0,0.0,118.0,0.0,9.0,1.0,120.5,2
0.0,0.0,0.0,18.0,7.0,-1.0,35.0,7.0,39.0,0.0,100.0,1.0,9.0,1.0,100.0,0
6.0,13.2,1.0,9.0,16.0,9085.0,20.0,7.0,1.0,0.0,140.0,0.0,4.0,0.0,131.6,1
0.0,0.0,1.0,0.0,0.0,171.0,19.0,0.0,1.0,1.0,139.0,0.0,9.0,1.0,136.9,2
6.0,11.833333333333334,1.0,7.0,10.0,9853.0,18.0,6.0,17.0,0.0,140.0,0.0,4.0,0.0,128.5,2
4.0,11.5,1.0,10.0,10.0,9853.0,18.0,6.0,1.0,0.0,162.0,1.0,9.0,0.0,142.8,0
0.0,0.0,0.0,5.0,5.0,9130.0,41.0,5.0,39.0,0.0,133.1,1.0,90.0,1.0,120.0,0
11.0,13.583333333333334,1.0,12.0,12.0,171.0,19.0,11.0,17.0,0.0,135.0,0.0,4.0,1.0,131.9,2
12.0,13.072857142857144,1.0,20.0,19.0,9500.0,33.0,14.0,42.0,1.0,150.0,0.0,9.0,1.0,110.0,2
2.0,13.5,1.0,9.0,13.0,9147.0,19.0,5.0,1.0,0.0,128.0,0.0,9.0,1.0,120.3,1
0.0,0.0,1.0,7.0,6.0,9670.0,29.0,6.0,39.0,0.0,140.0,0.0,7.0,1.0,105.2,0
6.0,14.0,1.0,7.0,7.0,9238.0,19.0,6.0,17.0,1.0,133.0,0.0,5.0,0.0,123.6,2
2.0,13.5,1.0,11.0,12.0,9085.0,20.0,6.0,44.0,0.0,140.0,0.0,3.0,0.0,140.0,1
5.0,11.833333333333334,1.0,8.0,6.0,9147.0,19.0,5.0,17.0,1.0,130.0,0.0,9.0,0.0,119.9,2
5.0,12.833333333333334,1.0,10.0,12.0,9853.0,20.0,6.0,17.0,1.0,128.0,0.0,9.0,0.0,128.4,1
0.0,0.0,1.0,5.0,10.0,9254.0,19.0,5.0,17.0,0.0,114.0,0.0,5.0,1.0,109.5,0
1.0,13.0,0.0,10.0,12.0,9147.0,20.0,5.0,1.0,0.0,121.0,0.0,9.0,0.0,113.7,0
0.0,0.0,0.0,5.0,0.0,9070.0,19.0,6.0,1.0,0.0,160.0,0.0,1.0,0.0,152.0,0
3.0,11.8,1.0,12.0,12.0,9085.0,18.0,5.0,17.0,0.0,138.0,0.0,2.0,0.0,126.8,1
5.0,12.0,1.0,7.0,5.0,9085.0,19.0,5.0,1.0,0.0,124.0,0.0,4.0,0.0,117.4,2
6.0,13.857142857142858,1.0,6.0,7.0,9070.0,18.0,6.0,1.0,0.0,138.0,0.0,3.0,1.0,133.1,2
2.0,13.0,1.0,8.0,8.0,9147.0,22.0,5.0,43.0,0.0,127.0,0.0,3.0,0.0,117.9,0
6.0,12.333333333333334,1.0,6.0,9.0,9853.0,18.0,6.0,1.0,0.0,140.0,0.0,9.0,0.0,145.3,2
3.0,11.666666666666666,1.0,11.0,12.0,9238.0,21.0,6.0,17.0,0.0,126.0,0.0,9.0,0.0,116.9,1
5.0,12.4,1.0,7.0,5.0,9130.0,18.0,5.0,18.0,1.0,135.0,0.0,9.0,0.0,121.7,2
0.0,0.0,1.0,0.0,0.0,171.0,18.0,0.0,1.0,1.0,162.0,0.0,4.0,0.0,152.9,2
4.0,10.75,1.0,13.0,12.0,9238.0,20.0,6.0,17.0,1.0,154.0,0.0,9.0,0.0,140.4,1
5.0,12.6,1.0,10.0,7.0,9003.0,20.0,6.0,44.0,0.0,140.0,0.0,4.0,0.0,140.0,2
3.0,13.333333333333334,1.0,8.0,8.0,9085.0,21.0,5.0,1.0,0.0,133.1,0.0,1.0,0.0,115.0,1
0.0,0.0,1.0,7.0,9.0,9500.0,18.0,8.0,1.0,0.0,168.0,0.0,5.0,1.0,161.0,0
6.0,12.0,1.0,7.0,7.0,9238.0,19.0,6.0,1.0,0.0,140.0,0.0,4.0,0.0,140.7,2
6.0,12.857142857142858,1.0,7.0,7.0,9670.0,23.0,6.0,-1.0,1.0,110.0,0.0,9.0,1.0,114.2,2
0.0,0.0,1.0,1.0,0.0,9238.0,18.0,6.0,18.0,0.0,147.0,0.0,4.0,0.0,130.2,0
6.0,12.9,1.0,10.0,12.0,9003.0,37.0,6.0,39.0,0.0,133.1,1.0,9.0,0.0,120.0,1
7.0,13.68142857142857,1.0,8.0,8.0,9500.0,18.0,8.0,17.0,0.0,132.0,0.0,9.0,0.0,130.8,1
5.0,12.833333333333334,1.0,5.0,6.0,9991.0,20.0,5.0,1.0,1.0,143.0,0.0,5.0,0.0,135.0,2
5.0,11.7,1.0,11.0,19.0,9556.0,25.0,8.0,39.0,0.0,130.0,0.0,9.0,0.0,159.0,1
7.0,11.705714285714285,1.0,11.0,11.0,9500.0,34.0,8.0,39.0,0.0,100.0,0.0,2.0,0.0,121.3,1
5.0,10.4,1.0,11.0,9.0,8014.0,29.0,6.0,39.0,1.0,140.0,0.0,9.0,0.0,131.0,2
7.0,14.312857142857142,1.0,8.0,8.0,9500.0,18.0,8.0,17.0,1.0,129.0,0.0,5.0,0.0,124.0,2
2.0,16.0,0.0,9.0,9.0,9119.0,31.0,5.0,39.0,0.0,133.1,1.0,4.0,1.0,134.4,0
0.0,0.0,0.0,6.0,0.0,9773.0,19.0,6.0,17.0,0.0,127.0,1.0,9.0,0.0,115.8,0
0.0,0.0,1.0,5.0,5.0,9991.0,35.0,5.0,39.0,0.0,133.1,0.0,9.0,1.0,143.2,0
5.0,11.4,1.0,6.0,8.0,9070.0,18.0,6.0,17.0,0.0,131.0,0.0,5.0,1.0,120.2,1
4.0,12.4,1.0,7.0,6.0,9130.0,20.0,5.0,44.0,0.0,150.0,0.0,4.0,0.0,150.0,1
4.0,13.0,1.0,12.0,8.0,9130.0,37.0,5.0,39.0,0.0,130.0,0.0,6.0,1.0,154.0,2
2.0,11.5,1.0,12.0,19.0,9085.0,22.0,6.0,44.0,0.0,130.0,0.0,6.0,0.0,130.0,1
6.0,12.833333333333334,1.0,7.0,6.0,9254.0,26.0,6.0,39.0,0.0,130.0,0.0,9.0,1.0,126.5,2
6.0,13.875,1.0,12.0,9.0,9119.0,20.0,7.0,51.0,0.0,136.0,0.0,3.0,1.0,133.6,0
3.0,11.333333333333334,1.0,8.0,9.0,9147.0,18.0,5.0,1.0,0.0,130.0,0.0,9.0,0.0,117.8,1
5.0,11.4,1.0,13.0,12.0,9670.0,36.0,6.0,39.0,0.0,130.0,0.0,9.0,1.0,162.3,0
8.0,13.5425,1.0,10.0,8.0,9500.0,18.0,8.0,1.0,0.0,137.0,0.0,4.0,0.0,124.6,2
7.0,12.828571428571427,1.0,9.0,9.0,9500.0,19.0,8.0,1.0,0.0,151.0,0.0,4.0,1.0,132.3,2
0.0,0.0,1.0,5.0,0.0,9147.0,26.0,5.0,7.0,0.0,150.0,0.0,1.0,0.0,150.0,0
5.0,13.5,1.0,8.0,8.0,9853.0,31.0,6.0,43.0,0.0,130.0,0.0,4.0,0.0,124.2,0
6.0,11.166666666666666,1.0,8.0,6.0,9254.0,18.0,6.0,1.0,0.0,131.0,0.0,7.0,0.0,126.1,2
3.0,11.428571428571429,0.0,7.0,9.0,9147.0,21.0,5.0,1.0,0.0,118.0,0.0,9.0,1.0,111.0,0
4.0,12.0,1.0,9.0,10.0,9147.0,19.0,5.0,1.0,0.0,118.0,0.0,-1.0,0.0,117.3,1
5.0,12.5,1.0,9.0,9.0,9853.0,19.0,6.0,1.0,0.0,145.0,0.0,5.0,0.0,142.2,1
7.0,14.375,1.0,7.0,8.0,9670.0,19.0,7.0,51.0,0.0,140.0,0.0,3.0,1.0,126.6,2
5.0,13.4,1.0,12.0,14.0,9085.0,21.0,9.0,-1.0,0.0,130.0,0.0,9.0,0.0,128.8,0
8.0,14.36875,1.0,7.0,8.0,9500.0,19.0,8.0,17.0,0.0,135.0,0.0,9.0,0.0,133.4,2
3.0,14.75,1.0,11.0,10.0,9254.0,27.0,6.0,39.0,0.0,133.1,0.0,9.0,1.0,100.0,0
6.0,13.428571428571429,1.0,12.0,9.0,9085.0,19.0,6.0,1.0,0.0,124.0,0.0,2.0,0.0,113.9,2
6.0,14.333333333333334,1.0,6.0,7.0,9773.0,18.0,6.0,1.0,0.0,153.0,0.0,2.0,0.0,137.6,2
7.0,14.992857142857142,1.0,8.0,8.0,9500.0,19.0,8.0,1.0,0.0,139.0,0.0,9.0,0.0,130.5,2
5.0,12.142857142857142,1.0,8.0,14.0,9003.0,43.0,6.0,39.0,0.0,133.1,0.0,9.0,1.0,140.0,1
3.0,10.0,1.0,10.0,8.0,9147.0,20.0,5.0,17.0,0.0,118.0,1.0,9.0,0.0,113.5,1
0.0,0.0,1.0,0.0,0.0,171.0,19.0,0.0,44.0,0.0,110.0,0.0,1.0,1.0,114.2,0
6.0,14.142857142857142,1.0,8.0,9.0,9670.0,18.0,6.0,1.0,0.0,122.0,0.0,5.0,0.0,126.6,1
3.0,10.6,1.0,7.0,15.0,9085.0,21.0,5.0,1.0,0.0,118.0,0.0,3.0,1.0,112.4,1
6.0,14.666666666666666,1.0,6.0,6.0,9773.0,19.0,6.0,17.0,0.0,125.0,0.0,4.0,0.0,115.6,2
4.0,11.75,1.0,8.0,7.0,9773.0,50.0,6.0,-1.0,0.0,133.1,0.0,9.0,0.0,100.0,2
6.0,13.0,1.0,8.0,7.0,9085.0,19.0,6.0,44.0,0.0,150.0,0.0,4.0,0.0,150.0,2
2.0,12.5,1.0,9.0,5.0,9991.0,39.0,5.0,39.0,0.0,133.1,0.0,90.0,0.0,118.1,0
6.0,14.571428571428571,1.0,7.0,7.0,9773.0,19.0,6.0,1.0,0.0,140.0,0.0,4.0,0.0,124.6,2
4.0,10.25,1.0,11.0,11.0,9853.0,22.0,6.0,-1.0,0.0,119.0,0.0,5.0,0.0,118.3,1
8.0,12.22222222222222,1.0,21.0,18.0,9991.0,34.0,9.0,43.0,0.0,140.0,1.0,9.0,0.0,140.0,0
3.0,11.0,1.0,9.0,11.0,9147.0,18.0,5.0,17.0,1.0,123.0,0.0,4.0,0.0,115.3,1
6.0,13.285714285714286,1.0,8.0,7.0,9238.0,21.0,6.0,17.0,0.0,123.0,0.0,9.0,0.0,115.7,2
6.0,13.166666666666666,1.0,9.0,6.0,9773.0,19.0,6.0,17.0,1.0,136.0,0.0,9.0,1.0,121.7,2
4.0,12.0,1.0,9.0,10.0,9147.0,19.0,5.0,1.0,0.0,118.0,0.0,-1.0,0.0,117.3,1
7.0,13.68142857142857,1.0,8.0,8.0,9500.0,18.0,8.0,17.0,0.0,132.0,0.0,9.0,0.0,130.8,1
0.0,0.0,0.0,6.0,0.0,9773.0,18.0,6.0,17.0,0.0,120.0,0.0,2.0,1.0,127.0,0
2.0,13.4,1.0,11.0,7.0,9500.0,18.0,7.0,43.0,1.0,127.0,0.0,4.0,0.0,121.1,1
5.0,10.2,1.0,11.0,10.0,9853.0,23.0,6.0,17.0,0.0,118.0,0.0,9.0,0.0,112.1,0
0.0,0.0,1.0,0.0,0.0,171.0,18.0,0.0,1.0,0.0,151.0,0.0,9.0,0.0,147.5,2
5.0,10.833333333333334,1.0,11.0,10.0,9853.0,18.0,6.0,17.0,0.0,138.0,0.0,7.0,0.0,124.7,1
7.0,11.971428571428572,1.0,8.0,8.0,9500.0,24.0,8.0,43.0,1.0,121.0,0.0,5.0,0.0,115.4,1
6.0,12.2,1.0,15.0,13.0,9085.0,19.0,6.0,1.0,0.0,130.0,0.0,4.0,0.0,121.3,2
0.0,0.0,0.0,5.0,5.0,9991.0,25.0,5.0,39.0,0.0,120.0,0.0,9.0,1.0,120.0,0
4.0,10.75,1.0,9.0,10.0,9238.0,18.0,6.0,17.0,0.0,132.0,0.0,9.0,0.0,123.6,1
2.0,11.0,1.0,10.0,14.0,9238.0,18.0,6.0,18.0,0.0,137.0,0.0,5.0,0.0,137.4,1
6.0,14.0,1.0,6.0,6.0,9670.0,19.0,6.0,18.0,0.0,121.0,0.0,4.0,1.0,111.9,2
1.0,11.0,0.0,7.0,13.0,9147.0,19.0,5.0,17.0,0.0,115.0,0.0,5.0,1.0,112.9,0
6.0,12.333333333333334,1.0,8.0,6.0,9238.0,19.0,6.0,1.0,0.0,123.0,0.0,4.0,0.0,129.0,2
11.0,11.545454545454543,1.0,15.0,16.0,9991.0,29.0,13.0,39.0,0.0,120.0,0.0,9.0,0.0,141.0,0
5.0,12.4,0.0,8.0,9.0,9773.0,50.0,6.0,39.0,0.0,120.0,0.0,4.0,1.0,130.0,0
1.0,13.0,0.0,10.0,12.0,9147.0,20.0,5.0,1.0,0.0,121.0,0.0,9.0,0.0,113.7,0
4.0,10.75,1.0,12.0,11.0,9238.0,19.0,6.0,1.0,1.0,108.0,0.0,9.0,0.0,107.3,1
4.0,10.75,1.0,8.0,10.0,9147.0,19.0,5.0,17.0,0.0,129.0,0.0,9.0,1.0,122.0,2
5.0,11.8,1.0,10.0,13.0,9773.0,19.0,6.0,1.0,0.0,136.0,0.0,9.0,1.0,132.9,2
0.0,0.0,0.0,17.0,13.0,9003.0,25.0,6.0,39.0,0.0,133.1,1.0,4.0,1.0,120.0,0
5.0,15.2,1.0,5.0,5.0,9991.0,29.0,5.0,39.0,0.0,133.1,0.0,9.0,1.0,167.224,2
3.0,13.0,1.0,7.0,9.0,9085.0,20.0,6.0,44.0,0.0,140.0,0.0,3.0,0.0,140.0,1
0.0,0.0,1.0,0.0,0.0,171.0,18.0,0.0,-1.0,0.0,145.0,0.0,2.0,1.0,143.6,2
3.0,11.0,1.0,8.0,12.0,8014.0,39.0,6.0,39.0,0.0,100.0,0.0,6.0,1.0,108.3,1
0.0,0.0,0.0,7.0,9.0,9147.0,28.0,5.0,39.0,0.0,100.0,1.0,7.0,1.0,132.0,0
5.0,15.0,1.0,6.0,7.0,9254.0,20.0,6.0,1.0,1.0,128.0,0.0,7.0,0.0,120.0,1
0.0,0.0,1.0,0.0,0.0,9991.0,22.0,5.0,18.0,0.0,112.0,0.0,2.0,1.0,106.4,0
6.0,13.666666666666666,1.0,6.0,6.0,8014.0,42.0,6.0,39.0,0.0,110.0,0.0,7.0,0.0,120.0,2
5.0,12.0,1.0,10.0,8.0,9853.0,23.0,6.0,-1.0,1.0,134.0,0.0,9.0,0.0,121.4,1
0.0,0.0,1.0,0.0,0.0,9500.0,27.0,8.0,39.0,0.0,133.1,0.0,4.0,0.0,111.8,0
4.0,11.25,1.0,10.0,9.0,9991.0,26.0,5.0,39.0,0.0,150.0,0.0,9.0,0.0,138.5,1
6.0,10.375,1.0,10.0,15.0,9070.0,18.0,6.0,1.0,0.0,132.0,0.0,2.0,0.0,136.6,1
0.0,0.0,1.0,0.0,0.0,9670.0,42.0,6.0,39.0,0.0,110.0,0.0,90.0,1.0,107.2,0
6.0,12.142857142857142,1.0,7.0,8.0,9070.0,19.0,6.0,1.0,0.0,140.0,0.0,2.0,1.0,125.0,1
5.0,12.86,1.0,8.0,8.0,9500.0,18.0,7.0,43.0,1.0,125.0,0.0,9.0,0.0,123.6,1
1.0,11.0,1.0,16.0,16.0,9254.0,20.0,6.0,1.0,0.0,119.0,0.0,9.0,1.0,118.7,0
3.0,10.8,1.0,10.0,10.0,9119.0,21.0,5.0,17.0,0.0,133.1,0.0,3.0,1.0,117.0,1
4.0,12.2,1.0,13.0,18.0,9085.0,19.0,6.0,1.0,0.0,126.0,0.0,2.0,0.0,123.9,1
4.0,12.75,1.0,6.0,8.0,9773.0,20.0,6.0,1.0,1.0,133.0,0.0,7.0,1.0,134.4,2
5.0,12.0,0.0,13.0,11.0,9085.0,20.0,6.0,44.0,0.0,140.0,1.0,4.0,0.0,140.0,0
0.0,0.0,1.0,11.0,10.0,9238.0,20.0,5.0,1.0,0.0,133.0,0.0,2.0,0.0,126.0,1
0.0,0.0,1.0,1.0,0.0,9238.0,18.0,6.0,18.0,0.0,147.0,0.0,4.0,0.0,130.2,0
0.0,0.0,1.0,10.0,13.0,9147.0,18.0,5.0,17.0,0.0,127.0,0.0,5.0,1.0,116.2,0
6.0,13.333333333333334,1.0,13.0,6.0,8014.0,46.0,6.0,39.0,0.0,133.1,0.0,9.0,0.0,113.0,2
3.0,12.0,1.0,7.0,9.0,9119.0,18.0,5.0,17.0,0.0,135.0,0.0,-1.0,1.0,121.7,1
0.0,0.0,0.0,0.0,0.0,9085.0,32.0,6.0,39.0,0.0,133.1,0.0,9.0,0.0,120.0,0
4.0,11.0,1.0,10.0,9.0,9147.0,20.0,5.0,17.0,0.0,112.0,0.0,9.0,0.0,112.0,1
11.0,12.181818181818182,1.0,20.0,14.0,9003.0,21.0,12.0,-1.0,0.0,130.0,0.0,9.0,1.0,128.5,2
0.0,0.0,1.0,11.0,10.0,9238.0,22.0,5.0,43.0,0.0,129.0,0.0,0.0,1.0,118.9,0
0.0,0.0,1.0,0.0,0.0,171.0,18.0,0.0,43.0,1.0,145.0,0.0,9.0,0.0,100.0,0
4.0,11.25,0.0,5.0,5.0,9670.0,25.0,5.0,39.0,0.0,133.1,1.0,1.0,0.0,100.0,0
5.0,13.0,1.0,6.0,9.0,9670.0,20.0,6.0,-1.0,0.0,130.0,1.0,2.0,0.0,130.0,2
7.0,13.475,1.0,9.0,9.0,9500.0,20.0,8.0,1.0,0.0,118.0,0.0,4.0,1.0,115.7,1
5.0,12.4,1.0,15.0,8.0,9238.0,21.0,6.0,43.0,1.0,109.0,0.0,5.0,0.0,108.3,1
6.0,15.5,1.0,6.0,6.0,9773.0,20.0,6.0,17.0,0.0,130.0,0.0,2.0,0.0,126.2,2
6.0,11.0,1.0,10.0,7.0,8014.0,29.0,6.0,43.0,0.0,114.0,0.0,0.0,0.0,110.0,2
6.0,10.5,1.0,10.0,6.0,9254.0,20.0,6.0,17.0,1.0,122.0,0.0,5.0,0.0,118.2,1
4.0,10.75,1.0,12.0,11.0,9238.0,19.0,6.0,1.0,1.0,108.0,0.0,9.0,0.0,107.3,1
0.0,0.0,0.0,0.0,0.0,171.0,18.0,0.0,1.0,0.0,140.0,1.0,5.0,0.0,137.9,0
3.0,11.0,1.0,13.0,10.0,9853.0,21.0,6.0,17.0,0.0,132.0,0.0,4.0,0.0,123.3,0
2.0,12.0,1.0,8.0,10.0,9147.0,20.0,5.0,1.0,0.0,117.0,0.0,5.0,1.0,118.4,1
2.0,10.5,1.0,14.0,12.0,9238.0,19.0,6.0,17.0,0.0,133.0,0.0,3.0,0.0,136.2,1
0.0,0.0,0.0,9.0,5.0,9853.0,28.0,5.0,43.0,0.0,150.0,0.0,0.0,0.0,150.2,0
6.0,12.0,1.0,6.0,6.0,9853.0,18.0,6.0,1.0,0.0,136.0,0.0,5.0,0.0,122.0,2
4.0,10.5,1.0,13.0,11.0,9085.0,28.0,5.0,39.0,0.0,130.0,0.0,9.0,0.0,130.0,1
0.0,0.0,1.0,10.0,13.0,9853.0,18.0,6.0,17.0,0.0,133.1,0.0,0.0,0.0,115.0,0
5.0,12.833333333333334,1.0,11.0,9.0,9670.0,23.0,6.0,1.0,0.0,142.0,0.0,7.0,0.0,128.4,0
3.0,13.666666666666666,1.0,10.0,8.0,9119.0,21.0,5.0,17.0,0.0,116.0,0.0,90.0,1.0,116.7,0
0.0,0.0,1.0,6.0,0.0,9147.0,26.0,5.0,1.0,0.0,140.0,0.0,9.0,0.0,129.2,0
4.0,11.0,1.0,10.0,9.0,9130.0,20.0,5.0,1.0,0.0,106.0,1.0,9.0,0.0,108.0,0
10.0,12.8,1.0,14.0,14.0,8014.0,42.0,11.0,51.0,0.0,133.1,1.0,9.0,0.0,104.0,1
0.0,0.0,0.0,0.0,0.0,171.0,21.0,0.0,1.0,0.0,115.0,0.0,6.0,0.0,108.7,0
4.0,11.75,1.0,6.0,6.0,8014.0,25.0,6.0,39.0,0.0,120.0,1.0,4.0,0.0,119.5,1
8.0,13.75,1.0,8.0,8.0,9500.0,20.0,8.0,43.0,0.0,170.0,0.0,-1.0,0.0,100.0,1
4.0,13.25,1.0,7.0,7.0,9147.0,30.0,5.0,51.0,0.0,148.0,0.0,9.0,1.0,118.4,0
8.0,13.063636363636364,1.0,9.0,11.0,9500.0,19.0,8.0,43.0,1.0,140.0,0.0,7.0,0.0,138.6,2
6.0,12.166666666666666,0.0,17.0,19.0,9119.0,30.0,12.0,43.0,0.0,130.0,1.0,9.0,0.0,120.0,0
1.0,11.0,1.0,12.0,11.0,9670.0,21.0,6.0,-1.0,0.0,140.0,1.0,3.0,0.0,140.0,1
3.0,11.666666666666666,1.0,10.0,10.0,9556.0,25.0,8.0,43.0,0.0,126.0,0.0,3.0,0.0,100.0,1
5.0,12.8,1.0,9.0,8.0,9003.0,21.0,6.0,44.0,1.0,150.0,0.0,4.0,0.0,150.0,2
5.0,15.2,1.0,6.0,5.0,9119.0,19.0,5.0,17.0,0.0,138.0,0.0,1.0,1.0,127.5,0
6.0,13.833333333333334,1.0,6.0,6.0,9773.0,18.0,6.0,17.0,1.0,170.0,1.0,-1.0,0.0,155.7,2
6.0,12.9,1.0,10.0,12.0,9003.0,37.0,6.0,39.0,0.0,133.1,1.0,9.0,0.0,120.0,1
6.0,12.616666666666667,1.0,11.0,7.0,9500.0,23.0,7.0,43.0,0.0,133.1,0.0,9.0,0.0,114.5,1
0.0,0.0,1.0,0.0,0.0,171.0,19.0,0.0,1.0,0.0,134.0,0.0,7.0,1.0,136.1,2
4.0,13.75,1.0,13.0,8.0,9238.0,34.0,6.0,43.0,0.0,120.0,1.0,9.0,0.0,110.0,2
5.0,12.6,1.0,7.0,9.0,9085.0,18.0,5.0,1.0,0.0,142.0,0.0,9.0,0.0,127.0,2
10.0,12.7,0.0,21.0,19.0,9003.0,32.0,12.0,7.0,0.0,130.0,0.0,9.0,1.0,130.0,0
4.0,13.25,1.0,12.0,8.0,9085.0,18.0,5.0,1.0,1.0,134.0,0.0,2.0,0.0,128.4,2
0.0,0.0,1.0,0.0,0.0,8014.0,37.0,6.0,1.0,0.0,140.0,0.0,0.0,1.0,128.0,0
6.0,13.285714285714286,1.0,6.0,8.0,9670.0,19.0,6.0,17.0,0.0,141.0,0.0,-1.0,0.0,128.8,1
6.0,11.714285714285714,1.0,8.0,7.0,9238.0,18.0,6.0,1.0,0.0,116.0,0.0,5.0,1.0,111.1,2
5.0,13.8,1.0,6.0,9.0,9670.0,19.0,6.0,1.0,0.0,106.0,0.0,2.0,1.0,105.7,2
4.0,13.5,1.0,13.0,12.0,9070.0,21.0,12.0,51.0,0.0,122.0,0.0,9.0,1.0,128.8,0
0.0,0.0,1.0,11.0,17.0,9500.0,28.0,7.0,39.0,0.0,133.1,0.0,9.0,1.0,100.0,0
0.0,0.0,1.0,0.0,0.0,9119.0,19.0,5.0,17.0,0.0,135.0,0.0,5.0,1.0,121.0,0
6.0,11.0,1.0,19.0,17.0,9003.0,28.0,10.0,39.0,0.0,130.0,0.0,9.0,1.0,120.0,1
1.0,10.0,1.0,15.0,17.0,9238.0,28.0,6.0,39.0,0.0,160.0,1.0,9.0,1.0,124.0,1
4.0,11.5,1.0,6.0,10.0,8014.0,24.0,6.0,39.0,1.0,133.1,0.0,4.0,1.0,116.5,1
7.0,13.867142857142856,1.0,11.0,11.0,9500.0,19.0,8.0,17.0,0.0,124.0,0.0,2.0,1.0,119.8,2
3.0,12.666666666666666,1.0,8.0,9.0,9147.0,21.0,5.0,18.0,0.0,115.0,0.0,5.0,0.0,108.7,1
4.0,13.25,1.0,7.0,7.0,9147.0,30.0,5.0,51.0,0.0,148.0,0.0,9.0,1.0,118.4,0
6.0,12.833333333333334,1.0,16.0,10.0,9991.0,31.0,10.0,1.0,0.0,120.0,0.0,6.0,0.0,129.2,0
6.0,14.333333333333334,1.0,7.0,6.0,9670.0,18.0,6.0,1.0,1.0,137.0,0.0,9.0,1.0,122.3,2
2.0,11.5,1.0,13.0,13.0,9003.0,22.0,6.0,44.0,0.0,140.0,0.0,4.0,1.0,120.0,1
0.0,0.0,0.0,0.0,0.0,171.0,23.0,0.0,1.0,1.0,115.0,1.0,9.0,0.0,129.0,0
5.0,13.333333333333334,1.0,7.0,7.0,9085.0,19.0,5.0,17.0,0.0,139.0,0.0,5.0,0.0,136.2,2
0.0,0.0,1.0,0.0,0.0,9085.0,21.0,6.0,17.0,0.0,126.0,0.0,5.0,1.0,123.9,0
1.0,10.0,1.0,10.0,10.0,9147.0,40.0,5.0,-1.0,0.0,133.1,1.0,-1.0,1.0,100.0,1
8.0,13.994444444444444,1.0,7.0,9.0,9500.0,18.0,8.0,1.0,0.0,141.0,0.0,3.0,0.0,142.8,2
0.0,0.0,1.0,1.0,0.0,9147.0,35.0,5.0,39.0,0.0,130.0,0.0,9.0,0.0,117.9,0
5.0,10.5,0.0,8.0,9.0,9147.0,19.0,5.0,17.0,0.0,120.0,1.0,9.0,1.0,115.5,1
0.0,0.0,0.0,4.0,4.0,9773.0,18.0,4.0,1.0,0.0,124.0,0.0,-1.0,0.0,124.0,0
0.0,0.0,1.0,0.0,0.0,171.0,19.0,0.0,1.0,0.0,136.0,1.0,3.0,0.0,134.3,0
5.0,13.833333333333334,1.0,7.0,11.0,9003.0,35.0,6.0,39.0,0.0,150.0,0.0,6.0,1.0,137.0,2
5.0,12.583333333333334,1.0,8.0,11.0,9556.0,21.0,7.0,18.0,0.0,133.1,0.0,2.0,1.0,106.0,2
5.0,15.4,1.0,6.0,7.0,9991.0,31.0,5.0,43.0,0.0,130.0,0.0,9.0,1.0,124.0,2
12.0,11.25,1.0,19.0,19.0,171.0,24.0,14.0,17.0,0.0,125.0,0.0,7.0,1.0,134.1,0
5.0,12.4,1.0,8.0,7.0,9853.0,19.0,6.0,17.0,1.0,150.0,0.0,5.0,0.0,142.0,0
5.0,13.2,1.0,6.0,5.0,9085.0,21.0,5.0,1.0,0.0,119.0,0.0,4.0,0.0,113.1,2
5.0,13.2,1.0,6.0,5.0,9991.0,39.0,5.0,39.0,0.0,120.0,0.0,9.0,0.0,120.7,2
8.0,13.427499999999998,1.0,8.0,8.0,9500.0,19.0,8.0,17.0,0.0,133.0,0.0,2.0,0.0,130.8,2
3.0,12.666666666666666,1.0,6.0,8.0,9070.0,23.0,6.0,17.0,1.0,116.0,0.0,9.0,0.0,109.0,0
0.0,0.0,1.0,0.0,0.0,171.0,18.0,0.0,17.0,1.0,142.0,0.0,2.0,0.0,139.4,2
2.0,11.0,1.0,10.0,14.0,9238.0,18.0,6.0,18.0,0.0,137.0,0.0,5.0,0.0,137.4,1
3.0,11.333333333333334,1.0,12.0,13.0,9238.0,20.0,6.0,1.0,0.0,125.0,0.0,7.0,1.0,118.7,1
5.0,11.6,1.0,6.0,8.0,9130.0,18.0,5.0,1.0,0.0,137.0,0.0,3.0,0.0,129.3,2
6.0,14.0,1.0,6.0,7.0,9238.0,20.0,6.0,17.0,1.0,139.0,0.0,4.0,0.0,146.7,2
4.0,11.75,1.0,10.0,5.0,9147.0,19.0,5.0,17.0,0.0,118.0,0.0,9.0,1.0,118.4,1
2.0,10.5,1.0,9.0,13.0,8014.0,29.0,6.0,43.0,0.0,133.1,1.0,0.0,0.0,100.0,0
4.0,11.0,1.0,8.0,6.0,9670.0,19.0,5.0,1.0,0.0,127.0,0.0,4.0,1.0,128.1,1
7.0,13.154285714285717,1.0,8.0,8.0,9500.0,18.0,8.0,18.0,0.0,135.0,0.0,1.0,0.0,125.8,2
5.0,13.0,0.0,7.0,7.0,9070.0,18.0,6.0,1.0,1.0,123.0,0.0,9.0,0.0,124.8,1
0.0,0.0,1.0,0.0,0.0,9085.0,47.0,6.0,39.0,0.0,140.0,0.0,9.0,1.0,150.0,0
4.0,11.142857142857142,1.0,6.0,11.0,9670.0,18.0,6.0,17.0,0.0,132.0,1.0,5.0,1.0,119.1,0
5.0,11.0,0.0,6.0,7.0,9254.0,28.0,6.0,39.0,1.0,133.1,1.0,4.0,0.0,123.0,0
0.0,0.0,1.0,7.0,1.0,9773.0,18.0,1.0,1.0,0.0,127.0,0.0,4.0,0.0,120.4,0
9.0,12.333333333333334,1.0,11.0,12.0,9773.0,34.0,10.0,42.0,0.0,120.0,0.0,0.0,0.0,122.0,2
5.0,13.2,0.0,15.0,17.0,9085.0,21.0,9.0,-1.0,0.0,140.0,1.0,9.0,0.0,138.2,0
3.0,12.6,1.0,12.0,8.0,9119.0,20.0,5.0,44.0,0.0,130.0,0.0,3.0,1.0,130.0,1
5.0,12.4,1.0,6.0,5.0,9147.0,19.0,5.0,17.0,1.0,125.0,0.0,6.0,0.0,114.5,2
6.0,13.833333333333334,1.0,8.0,6.0,9238.0,44.0,6.0,39.0,0.0,120.0,0.0,9.0,0.0,116.0,2
4.0,11.5,0.0,11.0,11.0,9130.0,24.0,6.0,43.0,0.0,156.0,1.0,9.0,1.0,156.0,0
8.0,14.44875,1.0,10.0,8.0,9500.0,19.0,8.0,1.0,1.0,143.0,0.0,9.0,0.0,131.6,2
5.0,16.0,1.0,5.0,5.0,9991.0,34.0,5.0,39.0,0.0,150.0,0.0,-1.0,1.0,127.0,2
4.0,12.2,1.0,11.0,9.0,9085.0,19.0,5.0,17.0,0.0,140.0,0.0,7.0,0.0,129.9,2
3.0,10.0,1.0,9.0,9.0,9238.0,19.0,6.0,1.0,1.0,125.0,1.0,9.0,0.0,114.9,1
7.0,12.33,1.0,13.0,9.0,9500.0,20.0,8.0,18.0,0.0,115.0,0.0,5.0,0.0,115.0,2
0.0,0.0,1.0,0.0,0.0,171.0,22.0,0.0,17.0,0.0,142.0,0.0,9.0,1.0,132.9,2
0.0,0.0,1.0,0.0,0.0,9556.0,19.0,7.0,17.0,0.0,140.0,0.0,1.0,1.0,131.6,0
6.0,14.833333333333334,1.0,7.0,6.0,9670.0,20.0,6.0,1.0,1.0,150.0,0.0,4.0,1.0,139.5,2
5.0,11.444444444444445,1.0,5.0,10.0,9147.0,19.0,5.0,1.0,0.0,131.0,0.0,9.0,1.0,130.0,2
6.0,11.0,1.0,8.0,7.0,9773.0,18.0,6.0,1.0,0.0,143.0,0.0,3.0,0.0,149.0,0
0.0,0.0,1.0,8.0,9.0,9130.0,35.0,6.0,7.0,0.0,133.1,0.0,4.0,1.0,100.0,0
6.0,11.166666666666666,1.0,8.0,7.0,9238.0,19.0,6.0,1.0,0.0,124.0,0.0,0.0,0.0,129.3,2
10.0,11.9,1.0,15.0,17.0,9070.0,29.0,11.0,42.0,0.0,100.0,0.0,2.0,0.0,115.9,1
0.0,0.0,1.0,0.0,0.0,9500.0,19.0,8.0,1.0,0.0,125.0,1.0,9.0,0.0,122.0,0
1.0,13.0,0.0,12.0,13.0,9238.0,21.0,6.0,1.0,0.0,133.0,0.0,5.0,0.0,120.4,0
6.0,12.666666666666666,1.0,6.0,6.0,9238.0,20.0,6.0,1.0,0.0,120.0,0.0,3.0,0.0,111.6,2
0.0,0.0,1.0,1.0,0.0,9991.0,35.0,5.0,39.0,0.0,140.0,0.0,2.0,1.0,155.7,0
6.0,10.5,1.0,10.0,6.0,9254.0,20.0,6.0,17.0,1.0,122.0,0.0,5.0,0.0,118.2,1
5.0,12.38,1.0,10.0,9.0,9500.0,35.0,7.0,39.0,0.0,140.0,0.0,9.0,1.0,132.8,0
7.0,14.537142857142856,1.0,8.0,8.0,9500.0,18.0,8.0,1.0,0.0,148.0,0.0,4.0,0.0,132.8,2
7.0,11.857142857142858,1.0,12.0,12.0,9070.0,34.0,12.0,43.0,0.0,100.0,0.0,9.0,1.0,108.0,1
5.0,13.2,1.0,10.0,6.0,9003.0,20.0,6.0,44.0,1.0,140.0,0.0,9.0,1.0,140.0,2
4.0,11.5,1.0,9.0,10.0,9085.0,20.0,6.0,44.0,0.0,140.0,0.0,3.0,0.0,140.0,1
8.0,13.78125,1.0,9.0,9.0,9500.0,19.0,8.0,18.0,1.0,126.0,0.0,5.0,0.0,119.3,2
6.0,13.5,1.0,12.0,9.0,9500.0,30.0,7.0,39.0,0.0,120.0,1.0,-1.0,1.0,125.3,1
0.0,0.0,0.0,5.0,5.0,9991.0,37.0,5.0,39.0,0.0,140.0,0.0,9.0,0.0,140.0,0
6.0,14.166666666666666,1.0,6.0,6.0,8014.0,44.0,6.0,39.0,0.0,146.0,0.0,9.0,0.0,120.5,2
6.0,12.333333333333334,1.0,6.0,6.0,9254.0,20.0,6.0,17.0,0.0,116.0,0.0,9.0,0.0,119.9,2
6.0,14.333333333333334,1.0,6.0,6.0,9070.0,20.0,6.0,17.0,1.0,145.0,0.0,4.0,0.0,153.1,1
6.0,12.666666666666666,1.0,6.0,7.0,9773.0,18.0,6.0,1.0,1.0,146.0,0.0,9.0,1.0,134.1,0
1.0,14.0,1.0,12.0,12.0,9119.0,23.0,6.0,44.0,0.0,140.0,0.0,3.0,1.0,140.0,1
2.0,15.5,1.0,6.0,6.0,9070.0,24.0,6.0,39.0,0.0,130.0,0.0,4.0,0.0,110.0,2
3.0,15.333333333333334,1.0,10.0,8.0,9085.0,19.0,5.0,44.0,0.0,150.0,0.0,4.0,0.0,150.0,1
0.0,0.0,1.0,0.0,0.0,9070.0,18.0,6.0,17.0,0.0,132.0,0.0,5.0,0.0,124.3,0
8.0,13.5,1.0,13.0,8.0,8014.0,39.0,8.0,39.0,0.0,130.0,0.0,5.0,0.0,147.5,2
6.0,13.333333333333334,1.0,11.0,9.0,9853.0,18.0,7.0,17.0,0.0,114.0,0.0,4.0,0.0,108.8,1
8.0,14.5125,1.0,7.0,8.0,9500.0,18.0,8.0,18.0,0.0,131.0,0.0,4.0,0.0,127.5,2
5.0,12.0,0.0,19.0,12.0,9254.0,31.0,7.0,43.0,0.0,110.0,0.0,9.0,1.0,125.0,0
7.0,12.082857142857142,1.0,8.0,8.0,9500.0,18.0,8.0,1.0,1.0,134.0,0.0,9.0,0.0,120.3,2
1.0,11.0,1.0,12.0,11.0,9119.0,24.0,5.0,39.0,0.0,139.0,1.0,9.0,1.0,110.3,1
0.0,0.0,1.0,5.0,0.0,8014.0,27.0,6.0,7.0,0.0,170.0,0.0,4.0,0.0,167.224,0
0.0,0.0,1.0,18.0,7.0,9500.0,24.0,7.0,39.0,0.0,133.1,0.0,4.0,1.0,100.8,0
6.0,13.5,1.0,6.0,6.0,9238.0,19.0,6.0,44.0,0.0,150.0,0.0,4.0,0.0,147.0,2
4.0,11.0,1.0,11.0,10.0,9670.0,18.0,6.0,17.0,1.0,110.0,0.0,4.0,0.0,107.5,0
0.0,0.0,1.0,2.0,2.0,9119.0,30.0,2.0,39.0,0.0,120.0,0.0,5.0,1.0,128.0,0
6.0,11.666666666666666,1.0,14.0,6.0,9238.0,18.0,6.0,17.0,0.0,143.0,0.0,0.0,0.0,126.9,2
0.0,0.0,0.0,5.0,9.0,9147.0,49.0,5.0,42.0,0.0,133.1,0.0,9.0,1.0,115.8,0
0.0,0.0,1.0,9.0,12.0,9238.0,18.0,6.0,1.0,0.0,116.0,0.0,9.0,1.0,108.7,0
5.0,12.002,1.0,12.0,12.0,9500.0,20.0,8.0,1.0,0.0,125.0,0.0,9.0,1.0,118.3,0
8.0,15.092,1.0,10.0,10.0,9500.0,19.0,8.0,1.0,1.0,148.0,0.0,9.0,0.0,138.7,2
1.0,10.0,1.0,9.0,8.0,9500.0,18.0,7.0,1.0,1.0,124.0,0.0,9.0,0.0,116.7,0
6.0,13.0,1.0,7.0,7.0,9773.0,18.0,6.0,1.0,1.0,143.0,0.0,4.0,1.0,133.9,2
5.0,11.4,1.0,8.0,7.0,9147.0,18.0,5.0,1.0,0.0,130.0,0.0,3.0,0.0,123.0,2
2.0,10.333333333333334,0.0,7.0,10.0,9773.0,19.0,6.0,1.0,0.0,117.0,1.0,7.0,0.0,110.4,0
2.0,10.5,1.0,8.0,12.0,9119.0,19.0,5.0,43.0,0.0,128.0,0.0,4.0,1.0,100.0,1
0.0,0.0,0.0,5.0,7.0,9119.0,27.0,5.0,43.0,0.0,130.0,1.0,9.0,1.0,128.0,1
6.0,10.833333333333334,1.0,13.0,10.0,8014.0,45.0,7.0,43.0,0.0,120.0,0.0,9.0,0.0,100.0,1
0.0,0.0,0.0,0.0,0.0,9238.0,39.0,6.0,18.0,0.0,140.0,1.0,9.0,0.0,120.4,0
0.0,0.0,1.0,9.0,9.0,9147.0,28.0,5.0,43.0,0.0,151.0,0.0,1.0,1.0,111.0,0
5.0,13.0,1.0,6.0,8.0,8014.0,32.0,6.0,39.0,1.0,140.0,0.0,9.0,0.0,102.5,2
5.0,12.2,1.0,8.0,8.0,9147.0,20.0,5.0,1.0,0.0,119.0,0.0,4.0,0.0,113.8,2
12.0,12.210526315789474,1.0,21.0,19.0,9853.0,37.0,14.0,43.0,0.0,130.0,0.0,2.0,1.0,124.6,2
3.0,11.333333333333334,1.0,11.0,12.0,9130.0,24.0,6.0,39.0,0.0,130.0,0.0,-1.0,1.0,110.0,1
0.0,0.0,1.0,0.0,0.0,9500.0,19.0,8.0,1.0,0.0,142.0,0.0,7.0,0.0,123.5,0
2.0,12.0,1.0,7.0,12.0,9254.0,19.0,6.0,17.0,0.0,122.0,0.0,4.0,1.0,116.1,1
6.0,14.983333333333334,1.0,7.0,7.0,9500.0,19.0,7.0,1.0,0.0,138.0,0.0,9.0,0.0,127.8,2
4.0,14.0,1.0,12.0,13.0,9773.0,47.0,6.0,39.0,0.0,120.0,0.0,9.0,1.0,155.5,0
5.0,11.4,1.0,9.0,6.0,9991.0,41.0,5.0,39.0,1.0,100.0,0.0,4.0,1.0,113.0,1
9.0,11.6,1.0,20.0,16.0,9147.0,30.0,9.0,-1.0,0.0,130.0,0.0,-1.0,0.0,132.4,1
3.0,12.666666666666666,1.0,14.0,9.0,9130.0,20.0,5.0,1.0,0.0,132.0,0.0,3.0,1.0,143.9,1
3.0,10.666666666666666,0.0,12.0,11.0,9991.0,26.0,5.0,39.0,1.0,160.0,0.0,1.0,1.0,130.0,0
2.0,12.5,1.0,15.0,14.0,9254.0,18.0,6.0,1.0,0.0,125.0,0.0,4.0,1.0,121.9,0
0.0,0.0,0.0,13.0,12.0,8014.0,50.0,6.0,39.0,0.0,133.1,0.0,90.0,0.0,116.0,0
5.0,11.4,1.0,9.0,5.0,9991.0,21.0,5.0,51.0,0.0,141.0,0.0,5.0,0.0,100.0,2
4.0,11.8,0.0,7.0,8.0,9991.0,29.0,5.0,39.0,0.0,121.0,1.0,9.0,1.0,141.4,0
0.0,0.0,0.0,5.0,5.0,9119.0,45.0,5.0,39.0,0.0,100.0,1.0,9.0,1.0,160.0,0
5.0,13.833333333333334,1.0,8.0,10.0,9085.0,22.0,6.0,51.0,0.0,125.0,0.0,9.0,0.0,120.0,2
7.0,12.15,1.0,15.0,14.0,9556.0,24.0,8.0,39.0,0.0,130.0,0.0,9.0,0.0,113.3,1
7.0,13.542857142857144,1.0,8.0,8.0,9500.0,19.0,8.0,18.0,1.0,144.0,0.0,6.0,0.0,127.5,2
0.0,0.0,0.0,5.0,5.0,9119.0,45.0,5.0,39.0,0.0,100.0,1.0,9.0,1.0,160.0,0
4.0,10.25,1.0,10.0,8.0,9853.0,18.0,6.0,1.0,0.0,121.0,0.0,7.0,0.0,120.0,1
7.0,12.944285714285714,1.0,8.0,8.0,9500.0,18.0,8.0,1.0,0.0,141.0,0.0,9.0,0.0,126.8,2
3.0,12.5,1.0,9.0,14.0,9119.0,22.0,6.0,1.0,1.0,111.0,0.0,9.0,1.0,107.5,0
5.0,14.333333333333334,1.0,7.0,7.0,9991.0,28.0,5.0,39.0,0.0,120.0,0.0,9.0,1.0,144.8,1
7.0,14.935714285714283,1.0,8.0,8.0,9500.0,19.0,8.0,1.0,1.0,132.0,0.0,9.0,1.0,128.0,2
8.0,14.75,1.0,7.0,8.0,9556.0,18.0,8.0,17.0,1.0,136.0,0.0,9.0,0.0,128.3,2
4.0,13.75,1.0,5.0,5.0,9670.0,20.0,5.0,1.0,0.0,128.0,0.0,2.0,0.0,130.8,0
7.0,15.657142857142857,1.0,8.0,8.0,9500.0,18.0,8.0,1.0,0.0,141.0,0.0,9.0,0.0,126.0,2
3.0,12.666666666666666,1.0,5.0,11.0,9147.0,19.0,5.0,1.0,1.0,127.0,0.0,5.0,0.0,123.5,1
5.0,13.8,1.0,9.0,8.0,9670.0,20.0,6.0,1.0,0.0,133.1,0.0,5.0,0.0,105.0,2
6.0,13.666666666666666,1.0,6.0,8.0,9130.0,19.0,6.0,1.0,0.0,130.0,0.0,4.0,0.0,133.0,2
6.0,13.142857142857142,1.0,7.0,8.0,9853.0,21.0,6.0,1.0,0.0,127.0,0.0,9.0,0.0,137.5,2
0.0,0.0,1.0,0.0,0.0,9070.0,19.0,6.0,17.0,0.0,108.0,0.0,4.0,0.0,111.9,0
6.0,13.142857142857142,1.0,7.0,7.0,9773.0,19.0,6.0,1.0,1.0,116.0,0.0,4.0,0.0,127.6,0
3.0,13.75,1.0,14.0,17.0,9085.0,18.0,6.0,1.0,0.0,120.0,0.0,2.0,0.0,113.4,1
7.0,13.585714285714284,1.0,8.0,8.0,9500.0,18.0,8.0,1.0,1.0,143.0,0.0,9.0,0.0,127.0,2
5.0,11.4,1.0,12.0,6.0,9085.0,18.0,5.0,1.0,0.0,140.0,0.0,9.0,0.0,137.0,2
6.0,11.8,1.0,8.0,16.0,9085.0,20.0,6.0,17.0,0.0,132.0,0.0,4.0,0.0,119.1,2
5.0,13.4,1.0,8.0,8.0,9254.0,19.0,6.0,17.0,0.0,115.0,0.0,3.0,0.0,109.4,2
0.0,0.0,0.0,4.0,4.0,9773.0,50.0,4.0,43.0,0.0,160.0,1.0,5.0,1.0,160.0,0
4.0,12.0,0.0,21.0,15.0,9003.0,25.0,7.0,39.0,0.0,130.0,1.0,9.0,1.0,122.0,0
5.0,10.0,0.0,9.0,9.0,9070.0,22.0,9.0,44.0,0.0,100.0,1.0,4.0,0.0,104.8,0
0.0,0.0,1.0,0.0,0.0,171.0,22.0,0.0,43.0,0.0,144.0,0.0,9.0,1.0,121.6,1
0.0,0.0,1.0,12.0,12.0,9853.0,20.0,6.0,1.0,0.0,133.1,0.0,0.0,1.0,142.8,0
0.0,0.0,1.0,8.0,8.0,9500.0,20.0,8.0,18.0,1.0,128.0,0.0,9.0,0.0,125.8,1
0.0,0.0,0.0,5.0,10.0,8014.0,24.0,5.0,17.0,0.0,115.0,0.0,5.0,0.0,115.0,0
10.0,13.4,1.0,21.0,12.0,9147.0,41.0,10.0,42.0,0.0,110.0,0.0,9.0,0.0,128.2,2
5.0,11.8,1.0,11.0,10.0,9853.0,19.0,6.0,1.0,0.0,160.0,0.0,9.0,0.0,146.0,1
4.0,11.2,1.0,9.0,8.0,9070.0,18.0,6.0,17.0,1.0,125.0,0.0,3.0,0.0,128.9,1
3.0,11.333333333333334,1.0,10.0,14.0,9254.0,36.0,6.0,39.0,1.0,120.0,0.0,9.0,0.0,98.6,2
8.0,13.22222222222222,1.0,10.0,9.0,9500.0,20.0,8.0,1.0,0.0,127.0,0.0,2.0,1.0,121.4,1
7.0,14.071428571428571,1.0,8.0,9.0,9500.0,20.0,8.0,1.0,0.0,128.0,0.0,4.0,0.0,118.9,2
11.0,14.5,1.0,12.0,16.0,171.0,22.0,11.0,1.0,0.0,117.0,0.0,3.0,0.0,121.6,2
5.0,13.6,1.0,8.0,11.0,9003.0,19.0,6.0,44.0,0.0,120.0,0.0,6.0,1.0,120.0,2
3.0,13.666666666666666,1.0,10.0,8.0,9119.0,33.0,5.0,39.0,0.0,130.0,0.0,9.0,1.0,149.0,1
5.0,13.6,1.0,9.0,10.0,9670.0,20.0,6.0,1.0,0.0,126.0,0.0,7.0,0.0,125.7,1
4.0,11.75,1.0,8.0,6.0,9085.0,20.0,5.0,1.0,0.0,120.0,0.0,9.0,0.0,123.2,2
6.0,13.5,0.0,6.0,6.0,9773.0,21.0,6.0,17.0,0.0,133.1,0.0,9.0,0.0,105.0,2
12.0,11.333333333333334,1.0,15.0,16.0,9991.0,28.0,14.0,43.0,0.0,130.0,0.0,9.0,0.0,103.8,0
0.0,0.0,0.0,0.0,0.0,171.0,22.0,0.0,1.0,0.0,129.0,0.0,9.0,1.0,122.0,0
0.0,0.0,1.0,0.0,0.0,171.0,18.0,0.0,1.0,0.0,138.0,0.0,5.0,0.0,130.7,0
0.0,0.0,0.0,10.0,0.0,9773.0,21.0,6.0,17.0,0.0,145.0,0.0,90.0,1.0,132.8,0
4.0,11.25,1.0,10.0,8.0,9670.0,29.0,5.0,39.0,0.0,120.0,0.0,90.0,1.0,114.0,0
0.0,0.0,1.0,11.0,10.0,9147.0,19.0,5.0,1.0,1.0,130.0,1.0,7.0,0.0,117.8,0
0.0,0.0,1.0,0.0,0.0,171.0,20.0,0.0,17.0,0.0,125.0,0.0,7.0,0.0,143.9,1
0.0,0.0,1.0,5.0,5.0,9147.0,24.0,5.0,39.0,0.0,140.0,0.0,4.0,0.0,118.0,0
3.0,13.666666666666666,1.0,11.0,12.0,9085.0,21.0,6.0,43.0,0.0,127.0,0.0,2.0,0.0,100.0,1
5.0,11.0,1.0,11.0,11.0,9773.0,22.0,6.0,17.0,1.0,115.0,0.0,5.0,0.0,119.6,0
10.0,14.2,1.0,11.0,10.0,9991.0,41.0,10.0,43.0,0.0,130.0,0.0,9.0,0.0,130.0,2
9.0,13.11111111111111,1.0,13.0,12.0,9003.0,24.0,10.0,42.0,0.0,120.0,0.0,2.0,1.0,128.2,1
5.0,13.0,1.0,5.0,5.0,9147.0,18.0,5.0,17.0,1.0,135.0,1.0,9.0,0.0,128.0,2
2.0,10.5,1.0,15.0,12.0,9130.0,20.0,6.0,44.0,0.0,110.0,0.0,2.0,1.0,110.0,0
6.0,13.5,1.0,8.0,9.0,9003.0,19.0,6.0,44.0,0.0,140.0,0.0,6.0,1.0,140.0,2
2.0,13.5,1.0,8.0,8.0,9130.0,24.0,6.0,44.0,0.0,130.0,0.0,9.0,1.0,150.0,0
4.0,11.25,1.0,12.0,10.0,9147.0,20.0,5.0,1.0,0.0,113.0,0.0,9.0,1.0,107.4,1
6.0,13.333333333333334,1.0,6.0,6.0,9238.0,19.0,6.0,1.0,1.0,138.0,0.0,5.0,0.0,133.5,2
0.0,0.0,1.0,0.0,0.0,9500.0,18.0,8.0,1.0,0.0,143.0,0.0,4.0,1.0,123.3,0
3.0,10.333333333333334,1.0,8.0,13.0,9853.0,21.0,6.0,42.0,0.0,120.0,0.0,5.0,0.0,113.9,0
0.0,0.0,1.0,4.0,0.0,9991.0,50.0,5.0,39.0,0.0,100.0,0.0,9.0,1.0,100.0,0
6.0,14.333333333333334,1.0,6.0,6.0,9070.0,20.0,6.0,17.0,1.0,145.0,0.0,4.0,0.0,153.1,1
0.0,0.0,0.0,5.0,0.0,9991.0,31.0,5.0,39.0,0.0,120.0,0.0,5.0,1.0,128.2,0
4.0,12.8,1.0,7.0,15.0,9085.0,21.0,6.0,44.0,0.0,140.0,0.0,3.0,0.0,140.0,2
0.0,0.0,0.0,11.0,7.0,9003.0,27.0,6.0,39.0,0.0,133.1,1.0,9.0,1.0,120.0,0
4.0,14.25,1.0,10.0,11.0,9670.0,21.0,6.0,17.0,0.0,110.0,0.0,4.0,1.0,111.3,1
6.0,12.666666666666666,1.0,6.0,8.0,9070.0,20.0,6.0,1.0,1.0,131.0,0.0,4.0,1.0,130.3,2
4.0,11.25,1.0,8.0,13.0,9147.0,22.0,5.0,1.0,1.0,139.0,0.0,5.0,1.0,127.1,2
3.0,15.333333333333334,1.0,7.0,6.0,9085.0,21.0,6.0,18.0,1.0,153.0,0.0,9.0,0.0,138.0,0
0.0,0.0,0.0,9.0,6.0,9853.0,20.0,6.0,18.0,0.0,118.0,1.0,9.0,0.0,111.4,0
6.0,12.0,1.0,8.0,7.0,8014.0,19.0,6.0,17.0,0.0,120.0,0.0,0.0,0.0,117.6,2
6.0,13.714285714285714,1.0,7.0,7.0,9238.0,18.0,6.0,1.0,0.0,133.0,0.0,5.0,0.0,131.6,2
6.0,12.0,1.0,12.0,8.0,8014.0,45.0,7.0,43.0,0.0,130.0,0.0,0.0,0.0,130.0,0
5.0,14.6,1.0,7.0,9.0,9670.0,19.0,6.0,17.0,1.0,115.0,0.0,4.0,0.0,109.1,1
4.0,11.0,1.0,8.0,12.0,9238.0,18.0,6.0,1.0,1.0,151.0,1.0,9.0,0.0,157.0,1
1.0,10.0,1.0,0.0,11.0,9254.0,19.0,6.0,43.0,1.0,142.0,0.0,9.0,0.0,125.9,0
3.0,12.666666666666666,1.0,5.0,7.0,9085.0,18.0,5.0,17.0,0.0,123.0,0.0,2.0,1.0,118.9,1
0.0,0.0,1.0,12.0,12.0,9254.0,20.0,6.0,1.0,1.0,133.0,0.0,0.0,0.0,121.5,0
5.0,16.0,1.0,9.0,10.0,9238.0,24.0,6.0,39.0,0.0,170.0,0.0,9.0,0.0,140.0,1
11.0,13.833333333333334,1.0,13.0,14.0,9003.0,26.0,12.0,39.0,0.0,130.0,0.0,9.0,0.0,140.0,2
6.0,10.833333333333334,1.0,7.0,9.0,9254.0,18.0,6.0,1.0,1.0,131.0,0.0,9.0,0.0,124.0,2
5.0,12.714285714285714,1.0,7.0,8.0,9085.0,19.0,5.0,1.0,1.0,134.0,0.0,9.0,0.0,128.4,2
3.0,12.666666666666666,1.0,5.0,11.0,9147.0,19.0,5.0,1.0,1.0,127.0,0.0,5.0,0.0,123.5,1
6.0,12.5,0.0,7.0,8.0,9085.0,18.0,6.0,1.0,0.0,145.0,0.0,3.0,0.0,138.4,1
1.0,11.0,1.0,7.0,8.0,9119.0,34.0,5.0,39.0,0.0,110.0,0.0,4.0,1.0,125.9,1
2.0,12.0,1.0,8.0,18.0,9085.0,20.0,6.0,44.0,0.0,150.0,0.0,9.0,0.0,150.0,1
1.0,12.0,1.0,11.0,15.0,9773.0,28.0,6.0,39.0,0.0,133.1,0.0,5.0,1.0,102.0,0
7.0,13.812857142857142,1.0,8.0,11.0,9500.0,20.0,8.0,1.0,1.0,129.0,0.0,5.0,0.0,119.6,2
5.0,12.8,1.0,7.0,6.0,9254.0,36.0,6.0,39.0,1.0,133.1,0.0,2.0,0.0,124.5,0
6.0,13.666666666666666,1.0,7.0,6.0,9773.0,28.0,6.0,39.0,0.0,100.0,0.0,0.0,1.0,128.0,2
6.0,11.0,1.0,8.0,8.0,9238.0,20.0,6.0,1.0,1.0,151.0,0.0,9.0,0.0,138.4,2
5.0,12.2,1.0,10.0,14.0,9085.0,21.0,9.0,-1.0,0.0,140.0,1.0,4.0,0.0,140.0,1
6.0,15.5,1.0,6.0,6.0,9773.0,18.0,6.0,17.0,1.0,150.0,0.0,7.0,0.0,137.8,2
3.0,12.0,1.0,13.0,10.0,9085.0,20.0,5.0,1.0,1.0,123.0,0.0,9.0,0.0,124.1,2
5.0,12.4,1.0,14.0,11.0,9238.0,48.0,6.0,39.0,0.0,133.1,0.0,4.0,0.0,98.6,0
5.0,12.333333333333334,1.0,7.0,8.0,9991.0,32.0,5.0,7.0,0.0,120.0,0.0,9.0,0.0,120.0,2
6.0,16.0,1.0,6.0,7.0,9238.0,18.0,6.0,17.0,0.0,136.0,0.0,3.0,0.0,126.6,0
0.0,0.0,1.0,0.0,0.0,9070.0,20.0,6.0,1.0,0.0,133.1,0.0,7.0,0.0,117.0,0
5.0,12.6,1.0,13.0,8.0,9085.0,20.0,5.0,17.0,0.0,134.0,0.0,9.0,0.0,120.4,1
4.0,12.0,1.0,12.0,9.0,9254.0,18.0,6.0,17.0,1.0,118.0,0.0,5.0,1.0,121.2,1
6.0,12.666666666666666,1.0,7.0,6.0,9238.0,20.0,6.0,1.0,0.0,132.0,0.0,9.0,0.0,129.9,1
5.0,12.666666666666666,1.0,6.0,6.0,9147.0,19.0,5.0,1.0,1.0,150.0,0.0,5.0,1.0,137.8,2
